"日期","車號","里程","細項","實收金額","備註","","","","","","","","","","","","","","","","","","","",""
"2020/9/4","MPB-9572","","惡搞把藍鈦17500,Magazi後視鏡1800，舒適握把套1390，左右開關，3700，傑能拉桿+螺絲2240，手機架1000","27630","","","","","","","","","","","","","","","","","","","","",""
"2020/9/5","EMW-7315","","Anchorc後卡cnc(換陶瓷板煞車皮)4600，ZOO後卡座2500，NCY226mm碟盤2500，Frando前金屬燒結1400，鈦螺絲1020","12020","","","","","","","","","","","","","","","","","","","","",""
"2020/9/6","EMP-8390","","ZOO後齒盤墊片500，ZOO後套管950，後輪心1000","2450","","","","","","","","","","","","","","","","","","","","",""
"2020/9/9","EPF-7999","","","11300","","","","","","","","","","","","","","","","","","","","",""
"2020/9/9","EMG-2527","","五爪手機架950","950","","","","","","","","","","","","","","","","","","","","",""
"2020/9/15","EPF-6855","","ZOO後齒盤3000","3000","","","","","","","","","","","","","","","","","","","","",""
"2020/9/15","","","煞車油500","500","","","","","","","","","","","","","","","","","","","","",""
"2020/9/16","EPF-6855","","齒盤座4250，後輪外內套管1350，SKF培林850","6450","","","","","","","","","","","","","","","","","","","","",""
"2020/9/16","","","金屬油管4500","4500","","","","","","","","","","","","","","","","","","","","",""
"2020/9/21","EME-8066","","EK黑金練3500，齒盤墊片500","4000","","","","","","","","","","","","","","","","","","","","",""
"2020/9/23","","","水行俠後2250","2250","","","","","","","","","","","","","","","","","","","","",""
"2020/9/23","EMY-0287","","RR後避震4000，螺絲260","4260","","","","","","","","","","","","","","","","","","","","",""
"2020/9/28","","","ZOO齒盤3500，齒盤座3980，BPM碟盤2700，FRANDO前煞車1300，前輪套管650，前輪心500","12630","","","","","","","","","","","","","","","","","","","","",""
"2020/9/29","ENP-1817","","X2後避震23800，後輪心1250","25050","","","","","","","","","","","","","","","","","","","","",""
"2020/9/30","ENP-8071","","黑準手機架1499","1499","","","","","","","","","","","","","","","","","","","","",""
"2020/10/3","ENP-1817","","ZOO翹排4000，大牌背板1200，螺絲420，襯板150","5770","","","","","","","","","","","","","","","","","","","","",""
"2020/10/3","MKE-7716","","CMSR前2300，RK前齒650","2950","","","","","","","","","","","","","","","","","","","","",""
"2020/10/3","ENP-1085","","BPM浮動碟2700，BPM前煞車皮800，FRANDO後煞車皮700","4200","","","","","","","","","","","","","","","","","","","","",""
"2020/10/6","MKE-7716","","主腳架1700，握把套500","2200","","","","","","","","","","","","","","","","","","","","",""
"2020/10/6","","","手機架1200","1200","","","","","","","","","","","","","","","","","","","","",""
"2020/10/7","EMY-0287","","牛角後靠背2480","2480","","","","","","","","","","","","","","","","","","","","",""
"2020/10/8","","","水行俠前2150後2250，BPM後煞車皮750，白鐵螺絲360","5510","","","","","","","","","","","","","","","","","","","","",""
"2020/10/9","EMY-2253","","1","2850","","","","","","","","","","","","","","","","","","","","",""
"2020/10/10","EMF-1859","","Frando® 1000，齒盤墊片 500","1500","","","","","","","","","","","","","","","","","","","","",""
"2020/10/10","EMD-7958","","Frando(F) 1000，","1000","","","","","","","","","","","","","","","","","","","","",""
"2020/10/14","","32234","滾真2800","2800","","","","","","","","","","","","","","","","","","","","",""
"2020/10/15","EMG-5609","13370","水行俠後2250，RK前齒850，EK黑金3500，ZOO後齒3500，背板1200，大頭*2=300，POSH彈簧1800，SKF(F)600，外套管650","14650","","","","","","","","","","","","","","","","","","","","",""
"2020/10/15","EMQ-0079","38001","傑能齒盤座4230，ZOO後齒3500，RK前齒850","8580","","","","","","","","","","","","","","","","","","","","",""
"2020/10/19","MHQ-7007","36940","ZOO正電引出線500，新雅置物箱690","1190","","","","","","","","","","","","","","","","","","","","",""
"2020/10/21","EPF-6855","7104","CMSR前2200","2200","","","","","","","","","","","","","","","","","","","","",""
"2020/10/22","EMW-7315","","滾針2800","2800","","","","","","","","","","","","","","","","","","","","",""
"2020/10/27","EMY-9783","6831","CMSR前2200，後2500，前套管650，後套管950，齒盤墊片500","6800","","","","","","","","","","","","","","","","","","","","",""
"2020/10/27","EMQ-0185","10235","白鐵側柱2100，BPM後煞車皮800","2900","","","","","","","","","","","","","","","","","","","","",""
"2020/10/28","EBQ-2988","14","大牌背板 1000，內裝 1500，鍊條 2700，齒盤墊片 500，前套管650，後套管950，前輪心500，後輪心1250","9100","","","","","","","","","","","","","","","","","","","","",""
"2020/10/28","EMR-8326","20016","RR前避震7300，碟盤螺絲1600，前後輪心2000，手機架1200，NCY前碟3800，NCY後碟1800，齒盤座4530，子彈袋150，前齒850，後齒3500，Anchor卡鉗4800，後煞車皮1000","32530","","","","","","","","","","","","","","","","","","","","",""
"2020/10/28","EMY-0287","19138","RR前避震6900，BPM前碟盤2700，珠碗1200，Anchor卡鉗4800，三角台2600，白鐵螺絲*2=300","18500","","","","","","","","","","","","","","","","","","","","",""
"2020/10/28","ENP-0393","7312","EK鍊條3500，後碟盤2000，後煞車皮900","6400","","","","","","","","","","","","","","","","","","","","",""
"2020/10/28","ENP-1085","21000","Frando(F) 800","800","","","","","","","","","","","","","","","","","","","","",""
"2020/10/29","ENP-1867","21642","BPM後齒盤2700，RK前齒850","3550","","","","","","","","","","","","","","","","","","","","",""
"2020/10/31","EMG-6191","31012","鍍鈦側住2600，鍍鈦彈簧300，BPM後碟2200，BPM後煞車皮750，Anchor直推總棒(L)4300，Anchor直推總棒(R)4300，煞車油400，油管1400","16250","","","","","","","","","","","","","","","","","","","","",""
"2020/11/2","EMG-5609","13642","前輪心500","500","","","","","","","","","","","","","","","","","","","","",""
"2020/11/2","EMG-6191","31057","油管1400，主腳架1700","3100","","","","","","","","","","","","","","","","","","","","",""
"2020/11/6","EMR-8326","","新雅USB 2600","2600","","","","","","","","","","","","","","","","","","","","",""
"2020/11/6","EMW-7315","19000","螺絲*4=400","400","","","","","","","","","","","","","","","","","","","","",""
"2020/11/7","MJU-0915","8941","齒盤墊片500","500","","","","","","","","","","","","","","","","","","","","",""
"2020/11/7","EMK-7938","6235","RR後避震4000","4000","","","","","","","","","","","","","","","","","","","","",""
"2020/11/10","EQB-2738","239","五爪手機架1100","1100","","","","","","","","","","","","","","","","","","","","",""
"2020/11/11","ENP-1817","","馬達勾片800，銨科後煞車皮900","1700","","","","","","","","","","","","","","","","","","","","",""
"2020/11/12","EMQ-8328","2509","前後輪外套管1600，前後輪內套管600，齒盤墊片500，螺柱1200，培林前後1500","5400","","","","","","","","","","","","","","","","","","","","",""
"2020/11/12","EMG-2781","31964","ZOO齒盤43T3500，RK前齒650，JZ齒盤座4230","8380","","","","","","","","","","","","","","","","","","","","",""
"2020/11/14","EMG-1032","","ZOO後齒3500","3500","","","","","","","","","","","","","","","","","","","","",""
"2020/11/14","EPF-6855","","Frando後碟3000，Anchor卡鉗3500，Zoo卡座2500，鍍鈦螺絲(含墊片)340","9300","","","","","","","","","","","","","","","","","","","","",""
"2020/11/18","MPR-0199","4879","齒盤墊片500","500","","","","","","","","","","","","","","","","","","","","",""
"2020/11/18","EPF-6566","7396","後煞車皮900","900","","","","","","","","","","","","","","","","","","","","",""
"2020/11/18","EMQ-5222","","烤漆1200，拉桿1700，中柱1800，碟盤2700，ANCHOR對四卡鉗3800，前叉7400","19938","","","","","","","","","","","","","","","","","","","","",""
"2020/11/20","EMQ-5685","9968","齒盤墊片500，ZOO齒盤(黑)3500，前齒850，水行俠前輪2150後輪2250，螺柱1000","10250","","","","","","","","","","","","","","","","","","","","",""
"2020/11/21","","","後齒盤3500，工資1000","4500","","","","","","","","","","","","","","","","","","","","",""
"2020/11/24","EMQ-7386","12901","齒盤墊片500，工資745","1245","","","","","","","","","","","","","","","","","","","","",""
"2020/11/25","EPF-6855","8691","ANCHOR前卡鉗(紅)4800，Frando碟盤4400，(送鍍鈦螺絲)","9200","","","","","","","","","","","","","","","","","","","","",""
"2020/11/26","EMQ-9967","","ZOO齒盤(金)3500，GPRO螺柱1200","4700","","","","","","","","","","","","","","","","","","","","",""
"2020/12/2","EBQ-2988","","新雅置物籃+照地燈=2600(優惠價)","650","","","","","","","","","","","","","","","","","","","","",""
"2020/12/3","ENP-3525","8606","SKF培林650，前輪內套管200，白鐵輪心550，前輪外套管650，BPN來令750","2250","","","","","","","","","","","","","","","","","","","","",""
"2020/12/3","EMQ-0079","","側住2300，後煞車皮1000","3300","","","","","","","","","","","","","","","","","","","","",""
"2020/12/4","ENP-3783","31869","RK前齒850，ZOO齒盤墊片500","1350","","","","","","","","","","","","","","","","","","","","",""
"2020/12/7","EPF-0005","","POSI後靠背2480","2480","","","","","","","","","","","","","","","","","","","","",""
"2020/12/7","EQB-2988","587","蜂鷹行車紀錄器+正電引出線=7000","7000","","","","","","","","","","","","","","","","","","","","",""
"2020/12/8","EMF-1859","20821","NCY後碟2100，FRANDO後來令片1000，水行俠2150，ZOO齒盤43T(金)3500，RK前齒850","9600","","","","","","","","","","","","","","","","","","","","",""
"2020/12/10","MND-1089","15169","前輪水行俠2050，後輪CITY2300(優惠價)","4350","","","","","","","","","","","","","","","","","","","","",""
"2020/12/11","EMQ-5517","19348","RK前齒650，ZOO齒盤墊片500，ZOO齒盤3500，(送彈袋)300","4950","","","","","","","","","","","","","","","","","","","","",""
"2020/12/12","EMY-0287","21076","前輪套管650","650","","","","","","","","","","","","","","","","","","","","",""
"2020/12/12","EMQ-0928","16051","機車小U+正電引出線=1250","1250","","","","","","","","","","","","","","","","","","","","",""
"2020/12/12","MJK-7312","18411","ZOO前叉彈簧+ZOO前叉油=2300","2300","","","","","","","","","","","","","","","","","","","","",""
"2020/12/12","MJK-0526","1999","M6162 1900","1900","","","","","","","","","","","","","","","","","","","","",""
"2020/12/12","","","SC 1850 ，白鐵螺母*2=300","2150","","","","","","","","","","","","","","","","","","","","",""
"2020/12/14","EMQ-5222","","烤漆1200，前避震器6900，前輪水行俠2150，","10400","","","","","","","","","","","","","","","","","","","","",""
"2020/12/15","ENP-1085","25386","RK前齒850，降噪螺柱1200，前來令1000，齒盤墊片500","3550","","","","","","","","","","","","","","","","","","","","",""
"2020/12/15","","","前叉彈簧+前叉油=1600","1600","","","","","","","","","","","","","","","","","","","","",""
"2020/12/15","","","ZOO前叉彈簧+前叉油=1600","1600","","","","","","","","","","","","","","","","","","","","",""
"2020/12/17","EMU-3786","11036","ACCOSSATO握把套1100，傑能齒盤座(黑)4230，加油管400","5700","","","","","","","","","","","","","","","","","","","","",""
"2020/12/17","EMQ-8035","","新雅置物箱650","650","","","","","","","","","","","","","","","","","","","","",""
"2020/12/21","EMW-7315","","緞框13500","13500","","","","","","","","","","","","","","","","","","","","",""
"2020/12/21","MHQ-7007","","代工安裝手機架200","200","","","","","","","","","","","","","","","","","","","","",""
"2020/12/21","MJK-7312","18611","新雅中柱1700，加油管700","2400","","","","","","","","","","","","","","","","","","","","",""
"2020/12/22","EMU-3786","11136","翹牌(黑)4000(贈鍍鈦大牌螺絲跟大牌襯板)","4000","","","","","","","","","","","","","","","","","","","","",""
"2020/12/23","MHQ-9190","24182","ZOO前叉彈簧+前叉油=2600","2600","","","","","","","","","","","","","","","","","","","","",""
"2020/12/24","ENP-0393","8601","後箱+貨架=4800，RR後4000，握把套500，加油座400","9700","","","","","","","","","","","","","","","","","","","","",""
"2020/12/25","EPF-5872","12974","水行俠後輪2250、前輪2150，Frando後來令800，BPM後180碟盤1800","7000","","","","","","","","","","","","","","","","","","","","",""
"2020/12/31","ENP-1817","","螺絲800+640+1120，M50 11800，前叉+三角台+素材土除+金/內管 轉向軸承35100","50060","","","109年共526052","","","","","","","","","","","","","","","","","",""
"2021/1/1","EMY-2970","","主腳架1700，墊片500","2200","","","","","","","","","","","","","","","","","","","","",""
"2021/1/1","MNB-5660","18958","五匹手機架1000，DID黃金鍊2850","3850","","","","","","","","","","","","","","","","","","","","",""
"2021/1/1","EMQ-9675","","ZOO翹牌(黑)4000(送後擋板)","4000","","","","","","","","","","","","","","","","","","","","",""
"2021/1/2","MPB-9572","14155","水行俠(前)2150，BPM180m後碟2000，BPM後煞車皮750，齒盤墊片500，後輪套管400，後輪培林650","6450","","","","","","","","","","","","","","","","","","","","",""
"2021/1/2","EMD-7958","36089","後齒3500，前齒800，齒盤墊片500，退役胎一對2500，碟盤2500FRANDO後煞車皮800，","11000","","","","","","","","","","","","","","","","","","","","",""
"2021/1/2","EMD-6067","15251","後齒(保固貼換)1000，退役胎一對2500，BPM前煞車皮600，FRANDO後煞車皮800，前外套筒650，前內套筒200，SKF 650，後齒盤墊片500","6900","","","","","","","","","","","","","","","","","","","","",""
"2021/1/4","ENP-1817","","後擋板150","150","","","","","","","","","","","","","","","","","","","","",""
"2021/1/6","ENP-0393","8892","EV後2100，ZOO齒盤墊片500","2600","","","","","","","","","","","","","","","","","","","","",""
"2021/1/7","EPG-9919","12289","翹牌(黑)4000(贈鍍鈦大牌螺絲)，大牌框1200，後擋板100，EK黑金3500，齒盤墊片500，降噪螺柱1250，蜂鷹行車紀錄器8500，後輪外套管950，M6黑140*4=560，M6紅墊片20*4=80，KOSO鍊條蓋1200","22840","","","","","","","","","","","","","","","","","","","","",""
"2021/1/9","NAV-3770","","(M10*50)*2 320，(M10*30)*2 240，M10紅墊片*4 80，M12紅墊片*2 60，油管墊片*2 100，黑大頭*2 300，煞車油150，卡座+工資 1900","3150","","","","","","","","","","","","","","","","","","","","",""
"2021/1/11","ENT-5952","16276","前齒850，後齒(紅)3500，EK黃金鍊條2850","7200","","","","","","","","","","","","","","","","","","","","",""
"2021/1/13","EMQ-0185","11414","五匹手機架 1200","1200","","","","","","","","","","","","","","","","","","","","",""
"2021/1/13","","","後碟2000，後FRANDO 800","2800","","","","","","","","","","","","","","","","","","","","",""
"2021/1/14","EMG-6969","","前輪CMSR 2300，後輪CMSR 2400，銨科來令片 700","5400","","","","","","","","","","","","","","","","","","","","",""
"2021/1/14","","","後輪 1900","1900","","","","","","","","","","","","","","","","","","","","",""
"2021/1/15","EPG-0723","","螺絲200","200","","","","","","","","","","","","","","","","","","","","",""
"2021/1/16","EPG-0723","7598","RR前叉7400，ZOO前內外套管850，SKF培林650，後內套管400，側柱+彈簧2300，卡夢風鏡(含螺絲)1500，大牌螺絲300，前後輪心(鍍鈦)2050","15450","","","","","","","","","","","","","","","","","","","","",""
"2021/1/16","MKJ-6866","","拆行車紀錄器1000","1000","","","","","","","","","","","","","","","","","","","","",""
"2021/1/18","EMM-7729","26313","固滿德後輪1950，ZOO齒盤墊片500","2450","","","","","","","","","","","","","","","","","","","","",""
"2021/1/19","NCY-1695","","CODO傳動組前+後 6600","6600","","","","","","","","","","","","","","","","","","","","",""
"2021/1/19","NCX-5355","","螺絲3000","3000","","","","","","","","","","","","","","","","","","","","",""
"2021/1/20","EMG-9160","","水行俠前2050 後1900，ZOO墊片500","4450","","","","","","","","","","","","","","","","","","","","",""
"2021/1/20","EMG-6191","35221","翹牌4000，擋泥板300(含螺絲)，卡夢鴨尾1400","5700","","","","","","","","","","","","","","","","","","","","",""
"2021/1/20","MHQ-9190","24863","LMG皮帶8800，BPM後煞車750","9500","","","","","","","","","","","","","","","","","","","","",""
"2021/1/21","EPG-0723","","油管4600，油杯下移*2 600，惡搞飛炫(黑)1900，FASS搖臂13500，TI OLNY 6000，卡鉗下移2500，後煞車皮 7000，油管螺絲500，煞車油300，JZ齒盤螺柱4250","24600","","","","","","","","","","","","","","","","","","","","",""
"2021/1/23","EPG-0723","","油管螺絲500，煞車油300，JZ齒盤螺柱4250，皮帶8800，裸把座6619，油杯1600，腳踏螺絲640，碟盤3700，碟盤螺絲600","27000","","","","","","","","","","","","","","","","","","","","",""
"2021/1/25","EMG-6191","31678","水行俠(R)2250","2250","","","","","","","","","","","","","","","","","","","","",""
"2021/1/25","EMR-6191","12078","RR後避震4000，握把500，加油管400，子彈袋100","5000","","","","","","","","","","","","","","","","","","","","",""
"2021/1/26","","16799","前齒850，ZOO後齒 41T(紅)3500，齒盤座4250，中支架1700，前煞車皮800","11000","","","","","","","","","","","","","","","","","","","","",""
"2021/1/26","EPG-0723","8139","卡夢鴨尾1700","1700","","","","","","","","","","","","","","","","","","","","",""
"2021/1/26","ENB-9138","9078","加油管500，代工200，白鐵螺絲200","900","","","","","","","","","","","","","","","","","","","","",""
"2021/1/27","EPF-3072","5075","置物箱690","690","","","","","","","","","","","","","","","","","","","","",""
"2021/1/27","EPF-6566","10677","RR前叉(ABS版)7400+500，BPM前煞車1200，BPM前碟2700，鍍鈦前輪心800，調整後避震400，6*25*2+2紅墊片300，6*25*4 520，8*25*3 450","14270","","","","","","","","","","","","","","","","","","","","",""
"2021/1/30","ENP-1817","","EK黑金鍊3500，CANBER風鏡1000","4500","","","","","","","","","","","","","","","","","","","","",""
"2021/1/30","EPG-0723","","蜂鷹行車紀錄器+正電引出線=7000，BPM碟盤2600，後油管(紅)2000，前碟盤螺絲(正鈦)*5 1800，後碟盤螺絲(鍍鈦)*5 800，CMSR前輪2300，8*20*2 280，8*25*2 300","17880","","","","","","","","","","","","","","","","","","","","",""
"2021/1/31","EMG-2781","36295","RR前避震7400，ANCHOR輻射卡鉗4800，前碟3400，三角台1600，前內套管300，後內套管400，培林850，後碟盤2000，FRANDO後來令800","21550","","","","","","","","","","","","","","","","","","","","",""
"2021/2/1","EPG-0723","8529","轉向照地 2300","2300","","","","","","","","","","","","","","","","","","","","",""
"2021/2/4","EMQ-2689","14869","手機架1000","1000","","","","","","","","","","","","","","","","","","","","",""
"2021/2/4","EMY-2152","","翹排檔版300","300","","","","","","","","","","","","","","","","","","","","",""
"2021/2/4","EMQ-9675","12382","KRACE土除3700，螺絲300","4000","","","","","","","","","","","","","","","","","","","","",""
"2021/2/6","EPG-0723","","古銅色卡鉗 17500，左15右14 RCS 19600，M50 11500，煞車油300","48900","","","","","","","","","","","","","","","","","","","","",""
"2021/2/7","EMG-8111","8979","後輪內套管 400","400","","","","","","","","","","","","","","","","","","","","",""
"2021/2/9","EPG-0723","","KOSO頭燈5500，KOSO尾燈3600，惡搞鈦側柱5800，卡夢後扶手3400，鈦螺絲2800","21100","","","","","","","","","","","","","","","","","","","","",""
"2021/2/9","EMG-8867","2796","後視鏡 100","100","","","","","","","","","","","","","","","","","","","","",""
"2021/2/9","EQB-8222","14523","翹牌4000，大牌背板1200，加油管700，握把套500","6400","","","","","","","","","","","","","","","","","","","","",""
"2021/2/10","EPG-0723","","省力中柱1700，後視鏡座*2 1200，螺絲840+940","4680","","","","","","","","","","","","","","","","","","","","",""
"2021/2/17","EMG-1726","27138","BPM後碟2000，後來令750","2750","","","","","","","","","","","","","","","","","","","","",""
"2021/2/17","EPD-8838","24091","KOSO頭燈5700，KOSO尾燈4000，ZOO 41T後齒(金)3500，RK後齒850，BPM後碟2000，後來令750","16800","","","","","","","","","","","","","","","","","","","","",""
"2021/2/20","ENP-1817","","前輪2300","2300","","","","","","","","","","","","","","","","","","","","",""
"2021/2/20","ENP-1085","","握把套500，加油管400，端子200，前輪1900","3000","","","","","","","","","","","","","","","","","","","","",""
"2021/2/21","EPG-0723","","鍛造車體前護蓋+迷你風鏡 7000","7000","","","","","","","","","","","","","","","","","","","","",""
"2021/2/22","EMQ-9967","19179","後碟 2000，後來令片750","2750","","","","","","","","","","","","","","","","","","","","",""
"2021/2/23","EMG-6131","22000","前後水行俠2150+2250，主腳架1700，煞車皮1600，前培林650","8350","","","","","","","","","","","","","","","","","","","","",""
"2021/2/23","EMG-8268","8565","大修車","25280","","","","","","","","","","","","","","","","","","","","",""
"2021/2/26","EQB-7590","8681","螺絲640，前水行俠2050，後水行俠1850，前齒850，後齒3500，齒盤墊片500，大牌背板1200，鍊條蓋1200，EK鍊條工資366","12156","","","","","","","","","","","","","","","","","","","","",""
"2021/2/26","EMQ-9675","13323","EK黑金鍊3500，前齒850，ZOO後齒3500，NCY齒盤座4000，KOSO鍊條蓋1200(贈螺絲)","13050","","","","","","","","","","","","","","","","","","","","",""
"2021/2/28","EMG-0850","2361","後齒3500，前齒850，齒盤墊片500，後輪內套管800，後輪培林400","6050","","","","","","","","","","","","","","","","","","","","",""
"2021/2/28","EMY-2253","","惡搞飛炫(藍)2100","2100","","","","","","","","","","","","","","","","","","","","",""
"2021/2/28","EMG-8268","","買二手車","30000","","","","","","","","","","","","","","","","","","","","",""
"2021/3/1","EMD-1593","","卡鉗7500，碟盤2700，卡座1000","11200","","","","","","","","","","","","","","","","","","","","",""
"2021/3/2","EPG-0723","","鍛框(前)，鍛框(後)，前避震(前)，後避震(後)","82490","","","","","","","","","","","","","","","","","","","","",""
"2021/3/3","ENP-2632","4944","黑準防盜款1780","1780","","","","","","","","","","","","","","","","","","","","",""
"2021/3/3","EQB-5601","","子彈袋150，MAGAZI碳纖維後視鏡 1500","1650","","","","","","","","","","","","","","","","","","","","",""
"2021/3/4","EPG-0723","9782","傑能拉桿(短) 左+右 2000，車牌框(黑)1200，座墊4980，絞鍊650，後碟螺絲1500，後視鏡螺絲*2 640，前鈦輪心5140","16000","","","","","","","","","","","","","","","","","","","","",""
"2021/3/5","EMF-1859","24638","五匹手機架1200","1200","","","","","","","","","","","","","","","","","","","","",""
"2021/3/5","ENB-9138","10343","水行俠後輪2250","2250","","","","","","","","","","","","","","","","","","","","",""
"2021/3/6","EPG-9919","15607","KOSO頭燈+尾燈9700，照地燈2300，黑準手機架1600","13600","","","","","","","","","","","","","","","","","","","","",""
"2021/3/8","ECX-5355","","內土除600","600","","","","","","","","","","","","","","","","","","","","",""
"2021/3/8","EPG-0723","","BPM後來令1600","1600","","","","","","","","","","","","","","","","","","","","",""
"2021/3/9","EMY-0287","24182","ZOO43T後齒3500，RK前齒850，ZOO齒盤墊片500，牌照框1200","6050","","","","","","","","","","","","","","","","","","","","",""
"2021/3/9","EQB-5601","1451","POSI後靠背2480，黑準防盜手機架1780","4260","","","","","","","","","","","","","","","","","","","","",""
"2021/3/10","EQB-7590","","轉向2800","2800","","","","","","","","","","","","","","","","","","","","",""
"2021/3/10","EPG-0723","","NCY前碟盤3800","3800","","","","","","","","","","","","","","","","","","","","",""
"2021/3/11","EMY-3330","","螺絲260","260","","","","","","","","","","","","","","","","","","","","",""
"2021/3/11","EPF-0893","16810","RK前齒650，ZOO後齒3500，EK黑金鍊2850，RR4000，ZOO墊片500，鍊條油200，螺絲260","11960","","","","","","","","","","","","","","","","","","","","",""
"2021/3/11","EPG-0723","","鈦後輪心7490，鈦螺絲560","8050","","","","","","","","","","","","","","","","","","","","",""
"2021/3/12","EMW-9165","17933","BPM前來令750","750","","","","","","","","","","","","","","","","","","","","",""
"2021/3/12","EPF-6566","11325","KOSO防倒球850","850","","","","","","","","","","","","","","","","","","","","",""
"2021/3/13","EMQ-0962","29327","黑準防盜手機架1780，新雅USB1500","3280","","","","","","","","","","","","","","","","","","","","",""
"2021/3/13","EMQ-9675","","KOSO頭燈5700，KOSO尾燈4200，後輪套管950，培林850，內套管400","12100","","","","","","","","","","","","","","","","","","","","",""
"2021/3/14","ENP-0393","","水行俠(F)2150，FRANDO後煞車皮800，手機架1600","4550","","","","","","","","","","","","","","","","","","","","",""
"2021/3/15","EMQ-0962","","ZOO齒盤墊片500","500","","","","","","","","","","","","","","","","","","","","",""
"2021/3/15","EME-5858","62463","水行俠 110/70/12 1650，100/90/12 2100","3750","","","","","","","","","","","","","","","","","","","","",""
"2021/3/16","EMG-7136","24693","LMG皮帶8800，座墊絞鍊650","9450","","","","","","","","","","","","","","","","","","","","",""
"2021/3/16","MKE-3076","","油管1700，原廠左後視鏡(亮面)450","2150","","","","","","","","","","","","","","","","","","","","",""
"2021/3/17","EQB-1117","21176","LMG皮帶8800，後輪心1250，套管500","10550","","","","","","","","","","","","","","","","","","","","",""
"2021/3/19","EPD-8838","25112","珠碗2000，FRAND前煞車皮1000","3000","","","","","","","","","","","","","","","","","","","","",""
"2021/3/19","EMQ-8038","15587","POSI 2480","2480","","","","","","","","","","","","","","","","","","","","",""
"2021/3/19","EMG-5913","9817","珠碗2000，天使前+後5400，前輪套管650","8050","","","","","","","","","","","","","","","","","","","","",""
"2021/3/20","EQB-5527","3784","行車紀錄器代工1500，後視鏡支架160，螺絲140","1800","","","","","","","","","","","","","","","","","","","","",""
"2021/3/20","EMG-5993","13459","後煞車(F)800","800","","","","","","","","","","","","","","","","","","","","",""
"2021/3/20","EPG-0723","10736","卡夢左+右護蓋8000，烤漆3800，ZOO短拉桿4000","15800","","","","","","","","","","","","","","","","","","","","",""
"2021/3/20","EMQ-9675","","加速器5000，FASS坐墊4980，握把套1000，背板1200，手機架1780，套筒300，坐墊絞鍊650","14900","","","","","","","","","","","","","","","","","","","","",""
"2021/3/22","EPG-0723","","螺絲M5*30*4 320，5*15 50","370","","","","","","","","","","","","","","","","","","","","",""
"2021/3/23","EMY-0287","20000","油管*2 3400，ANCHOR總泵8600，惡搞飛炫2000","14000","","","","","","","","","","","","","","","","","","","","",""
"2021/3/25","EQB-7590","","KOSO頭燈5700，防盜黑準1780，卡夢風鏡1000，MAGAZI後視鏡1600","10080","","","","","","","","","","","","","","","","","","","","",""
"2021/3/25","EPF-0893","17818","鍊條蓋400，白鐵螺絲*2 280","680","","","","","","","","","","","","","","","","","","","","",""
"2021/3/25","EPG-3599","148","車牌框1200","1200","","","","","","","","","","","","","","","","","","","","",""
"2021/3/26","EQB-7590","9178","惡搞飛炫(黑)2100","2100","","","","","","","","","","","","","","","","","","","","",""
"2021/3/29","EMP-7958","39182","RR後4000","4200","","","","","","","","","","","","","","","","","","","","",""
"2021/3/29","EMG-7136","25032","主腳架1700","1700","","","","","","","","","","","","","","","","","","","","",""
"2021/3/30","EPG-0723","11358","CMSR (R) 2250","2250","","","","","","","","","","","","","","","","","","","","",""
"2021/3/30","EMQ-2689","15800","水行俠(R)2250","2250","","","","","","","","","","","","","","","","","","","","",""
"2021/3/31","EPG-0723","11408","鈦螺絲500+500","1000","","","","","","","","","","","","","","","","","","","","",""
"2021/4/1","EQB-6293","3913","JZ拉桿1900","1900","","","","","","","","","","","","","","","","","","","","",""
"2021/4/1","EPG-0723","11438","CMSR (F) 2300","2300","","","","","","","","","","","","","","","","","","","","",""
"2021/4/4","EPG-3599","728","黑準(防盜)1780，行車紀錄器代工1500","3280","","","","","","","","","","","","","","","","","","","","",""
"2021/4/6","EPG-0723","11936","油管4600，油杯800，煞車油300，防爆水管3000","8700","","","","","","","","","","","","","","","","","","","","",""
"2021/4/6","MMB-9898","19027","BPM前煞車1200","1200","","","","","","","","","","","","","","","","","","","","",""
"2021/4/7","EQB-7590","10603","代工油管總泵2000，油杯支架600，馬達內齒6300，油封500","9400","","","","","","","","","","","","","","","","","","","","",""
"2021/4/7","EPG-0723","","加速器5000","5000","","","","","","","","","","","","","","","","","","","","",""
"2021/4/10","EMG-6191","39267","中古坐墊1000，惡搞飛炫2100","3100","","","","","","","","","","","","","","","","","","","","",""
"2021/4/11","EMY-2390","6294","握把套500，加油管400","900","","","","","","","","","","","","","","","","","","","","",""
"2021/4/14","EMY-0287","25776","黑準手機架1600，螺絲120","1720","","","","","","","","","","","","","","","","","","","","",""
"2021/4/15","EPG-0723","","握把500，加油管500，估價","1000","","","","","","","","","","","","","","","","","","","","",""
"2021/4/15","EMW-1810","10281","握把500，加油管700，端子鏡2200，拉桿1900","5300","","","","","","","","","","","","","","","","","","","","",""
"2021/4/17","ENP-1867","33209","FRANDO後煞車皮1000","1000","","","","","","","","","","","","","","","","","","","","",""
"2021/4/19","ENB-7292","922","五匹手機架1200","1200","","","","","","","","","","","","","","","","","","","","",""
"2021/4/19","EMQ-3683","8403","天使前輪2700","2700","","","","","","","","","","","","","","","","","","","","",""
"2021/4/19","EPG-0723","","後視鏡1800","1800","","","","","","","","","","","","","","","","","","","","",""
"2021/4/21","EPD-7611","","RR前避震7900","7900","","","","","","","","","","","","","","","","","","","","",""
"2021/4/21","MPR-7007","","中支架1700","1700","","","","","","","","","","","","","","","","","","","","",""
"2021/4/21","EMY-3591","11803","水行俠前+後4400，培林(特)550，黑準手機架1600","6550","","","","","","","","","","","","","","","","","","","","",""
"2021/4/22","ENP-3783","44667","USB工資500","500","","","","","","","","","","","","","","","","","","","","",""
"2021/4/23","EMK-3093","18027","EK黑金3500，ZOO後齒3500，RK前齒(特價)650","7650","","","","","","","","","","","","","","","","","","","","",""
"2021/4/23","EMW-1810","11023","三角台+珠碗3350，DY內管3500","6850","","","","","","","","","","","","","","","","","","","","",""
"2021/4/23","EPG-0723","","KRACE把手座7300，卡夢把手(GOWORKS)3900，鈦螺絲8*20*4 1000，白鐵螺絲6*50*2 240，插銷550","12990","","","","","","","","","","","","","","","","","","","","",""
"2021/4/26","EMQ-6030","14340","皮帶8800","8800","","","","","","","","","","","","","","","","","","","","",""
"2021/4/27","EMY-9783","9535","握把+加油管 900","900","","","","","","","","","","","","","","","","","","","","",""
"2021/4/27","EMY-0287","26324","MIRROWORK後視鏡(有傷特價)1900+100，握把500","2500","","","","","","","","","","","","","","","","","","","","",""
"2021/4/27","ENP-1817","19017","BPM前來令1800，N18碟盤3800","5600","","","","","","","","","","","","","","","","","","","","",""
"2021/4/27","EPG-0723","12864","馬達內齒6800，油孔300","7100","","119540","","","","","","","","","","","","","","","","","","",""
"2021/5/1","EMG-6191","40505","KOSO大燈5700","5700","","","","","","","","","","","","","","","","","","","","",""
"2021/5/1","ENP-1085","35371","後輪GMD 1950","1950","","","","","","","","","","","","","","","","","","","","",""
"2021/5/1","EMG-6128","17942","土除+檔片工資200","200","","","","","","","","","","","","","","","","","","","","",""
"2021/5/1","EMH-3690","30107","前齒RK(特)650，ZOO41後齒3500","4150","","","","","","","","","","","","","","","","","","","","",""
"2021/5/1","NFK-0532","32","行車紀錄器7300，手機架1200，USB1350，螺絲250","10150","","","","","","","","","","","","","","","","","","","","",""
"2021/5/3","EPG-0723","13180","鍛造前土除4500","4500","","","","","","","","","","","","","","","","","","","","",""
"2021/5/3","EMG-5777","30124","水行俠1900","1900","","","","","","","","","","","","","","","","","","","","",""
"2021/5/4","NFK-2626","12674","牌框1200","1200","","","","","","","","","","","","","","","","","","","","",""
"2021/5/5","NFK-2626","12704","前後鍛框27500，輪心1000，氣嘴1000，螺絲880","30380","","","","","","","","","","","","","","","","","","","","",""
"2021/5/5","EPF-6855","13777","POSI後靠背2480，後視鏡1500，握把套MAGAZI+加油管1000，天使胎2700","7680","","","","","","","","","","","","","","","","","","","","",""
"2021/5/6","EMQ-6128","9542","握把套(糯米+加油管900，坐墊1200","2100","","","","","","","","","","","","","","","","","","","","",""
"2021/5/7","EPD-8838","","中古水箱700","700","","","","","","","","","","","","","","","","","","","","",""
"2021/5/8","EPG-0723","13204","鍛造後扶手4600，鴨尾2200","6800","","","","","","","","","","","","","","","","","","","","",""
"2021/5/8","EMG-5993","","主腳架1700","1700","","","","","","","","","","","","","","","","","","","","",""
"2021/5/10","EPG-0723","13260","上內護蓋2644","2644","","","","","","","","","","","","","","","","","","","","",""
"2021/5/11","EMQ-5222","","ZOO後齒3500，前齒+齒盤墊片1000","4500","","","","","","","","","","","","","","","","","","","","",""
"2021/5/12","EMG-2781","44125","退役胎前1300","1300","","","","","","","","","","","","","","","","","","","","",""
"2021/5/12","EPF-6971","8291","黑準1780","1780","","","","","","","","","","","","","","","","","","","","",""
"2021/5/13","EPD-7611","","後靠背1000","1000","","","","","","","","","","","","","","","","","","","","",""
"2021/5/15","EPG-0723","","後扶手+鴨尾工資500，大牌烤漆1000","1500","","","","","","","","","","","","","","","","","","","","",""
"2021/5/15","EMQ-9675","17788","行車紀錄器7800","7800","","","","","","","","","","","","","","","","","","","","",""
"2021/5/17","EMF-1859","","FRANDO前1000","1000","","","","","","","","","","","","","","","","","","","","",""
"2021/5/18","EPF-6566","14172","前金屬BPM1800，後BPM1000","2800","","","","","","","","","","","","","","","","","","","","",""
"2021/5/20","EMR-1220","26970","SKF培林650，前輪內套管200，前輪外套管650，","1500","","","","","","","","","","","","","","","","","","","","",""
"2021/5/21","EMG-2781","44728","新雅主腳架2000","2000","","","","","","","","","","","","","","","","","","","","",""
"2021/5/21","EMX-2559","7612","中古框2200，LMG皮帶8800","11000","","","","","","","","","","","","","","","","","","","","",""
"2021/5/29","EQB-8997","5454","POSI牛角後靠背2480","2480","","120414","","","","","","","","","","","","","","","","","","",""
"2021/6/3","","","工具包200","200","170","","","","","","","","","","","","","","","","","","","",""
"2021/6/5","EMZ-9895","15054","ANCHOR後卡鉗+卡座(中古)5000，齒盤墊片500","5500","1530","","","","","","","","","","","","","","","","","","","",""
"2021/6/7","EMH-0558","15465","LMG皮帶組8800，TT93 120/70-13 2300(特)，握把套+MAGAZI 900","12000","7720","","","","","","","","","","","","","","","","","","","",""
"2021/6/7","EMQ-9675","19449","倒車齒輪油更換400","400","150","","","","","","","","","","","","","","","","","","","",""
"2021/6/9","EMY-2253","23419","前水行俠2150，BPM後煞車皮750","2800","1695","","","","","","","","","","","","","","","","","","","",""
"2021/6/12","EMH-0002","48984","龍頭上蓋700，KOSO鍊條蓋1200","1900","800","","","","","","","","","","","","","","","","","","","",""
"2021/6/14","EMQ-9956","86034","LMG皮帶8800，刷卡*4%=9150","9150","5800","","","","","","","","","","","","","","","","","","","",""
"2021/6/16","EPF-0911","10535","LMG內齒6800，搖臂滾針2650，鈦螺絲10*50/2 1120 街口*3%","10887","5554","","","","","","","","","","","","","","","","","","","",""
"2021/6/16","EMG-6123","13358","牌框1200","1200","650","","","","","","","","","","","","","","","","","","","",""
"2021/6/18","EMY-8976","12459","牌框1200，水行俠(前)2150，S98 EV後2100，螺絲200，ZOO墊片500","6150","3755","","","","","","","","","","","","","","","","","","","",""
"2021/6/18","EMF-1859","28086","FRANDO前後煞車皮2000，天使胎2700 刷卡*5%","4935","1660","","","","","","","","","","","","","","","","","","","",""
"2021/6/21","MNB-3333","10665","螺絲200","200","80","","","","","","","","","","","","","","","","","","","",""
"2021/6/22","EMJ-2298","8279","黑準1690(特","1690","893","","","","","","","","","","","","","","","","","","","",""
"2021/6/22","ENT-5952","20718","天使胎2700，ZOO後外套管950，握把+加油管(中古)600","4250","1948","","","","","","","","","","","","","","","","","","","",""
"2021/6/25","MCV-5155","31065","S98 Sports 前後3900","3900","2933","","","","","","","","","","","","","","","","","","","",""
"2021/6/25","EPF-0911","10647","LMG皮帶組8800，鈦羅母1200，鈦螺絲10*40/2 900 街口*3%","11227","6805","","","","","","","","","","","","","","","","","","","",""
"2021/6/25","MNB-3333","10838","FASS書包架5180，鈦螺絲8*25/ 280，白鐵螺絲+墊片320","5780","4234","","","","","","","","","","","","","","","","","","","",""
"2021/6/28","EPG-0681","4883","EK黑金練3500，ZOO齒盤墊片500，鍊條油200，RK前齒650 *95","4620","2439","","","","","","","","","","","","","","","","","","","",""
"2021/6/29","EMP-5172","23156","調避震500","500","0","87289","","","","","","","","","","","","","","","","","","",""
"2021/7/2","ENL-3129","3384","齒輪油250，握把+握把套1200","1450","580","","","","","","","","","","","","","","","","","","","",""
"2021/7/2","ENP-3783","50283","AFAM前後齒2500，防爆水管(紅)3000，ZOO齒盤墊片500，ZOO白鐵後輪心1000，齒輪油250","6750","2938","","","","","","","","","","","","","","","","","","","",""
"2021/7/2","MNB-3333","11109","TT93 110/70-12 $2100","2100","1120","","","","","","","","","","","","","","","","","","","",""
"2021/7/3","EMR-2388","24761","BPM前碟2700，ANCHOR輻射4800，BPM後煞車皮750，轉向軸承1750(特","10000","5919","","","","","","","","","","","","","","","","","","","",""
"2021/7/5","EMQ-0079","55453","BPM前煞車皮1200","1200","630","","","","","","","","","","","","","","","","","","","",""
"2021/7/6","EMY-8965","12639","哥吉拉風鏡1390，哥吉拉Y架1980，油杯保護套450，白鐵螺絲100，傑能拉桿1700，拉桿螺絲540","6160","4243","","","","","","","","","","","","","","","","","","","",""
"2021/7/6","ENL-3129","3427","防爆水管(藍)3000","3000","1138","","","","","","","","","","","","","","","","","","","",""
"2021/7/7","EMQ-0079","55453","黑準1600","1600","788","","","","","","","","","","","","","","","","","","","",""
"2021/7/8","EPF-0911","10856","黑底紅大螃蟹5300，Frando後碟3000， ZOO後卡座2500，水行俠2200，鈦螺絲8*20/2$540，8*15/2$360，插銷420，碟盤螺絲1500，油管螺絲320","16140","10095","","","","","","","","","","","","","","","","","","","",""
"2021/7/9","EMY-2253","24889","風鏡1600，螺絲*8/1300，CNC腳踏板2550，惡搞飛旋2100","7550","4680","","","","","","","","","","","","","","","","","","","",""
"2021/7/9","EMG-9298","25300","N18/3800，BPM(前)800，SKF(前)650","5250","3420","","","","","","","","","","","","","","","","","","","",""
"2021/7/10","EMG-9298","25239","EK黑金鍊3500，AFAM前齒750","4250","2260","","","","","","","","","","","","","","","","","","","",""
"2021/7/10","ENP-3990","","Frando(前)800","800","350","","","","","","","","","","","","","","","","","","","",""
"2021/7/11","","","Frando(前)1000","1000","350","","","","","","","","","","","","","","","","","","","",""
"2021/7/11","","","水行俠110/70-12 1900","1900","1200","","","","","","","","","","","","","","","","","","","",""
"2021/7/12","EPF-8686","16803","糯米腸500","500","400","","","","","","","","","","","","","","","","","","","",""
"2021/7/12","EMG-9298","25401","後壁工資1000，螺絲640，手機架工資贈","1640","288","","","","","","","","","","","","","","","","","","","",""
"2021/7/13","EMQ-7327","18088","後輪工資300，BPM後碟2000，BPM後煞車750","3050","1645","","","","","","","","","","","","","","","","","","","",""
"2021/7/14","EPF-8686","16830","水行俠110/70-12(R)1900，Frando(R)1000，攻牙400，Frando(F)前煞車皮1500","4800","2400","","","","","","","","","","","","","","","","","","","",""
"2021/7/14","EMG-6191","44747","握把套+加油管1000","1000","580","","","","","","","","","","","","","","","","","","","",""
"2021/7/15","EMG-9073","28259","握把套+POSI內管1280，MAGAZI端子鏡1900+400，螺絲240","3820","1776","","","","","","","","","","","","","","","","","","","",""
"2021/7/15","EMQ-0079","57453","RK前齒650","650","160","","","","","","","","","","","","","","","","","","","",""
"2021/7/15","EME-5858","70752","水行俠110/70-12(R)1900，傑能白鐵側柱2100","4000","2450","","","","","","","","","","","","","","","","","","","",""
"2021/7/16","EPG-0723","14202","Hgears 外蓋(紅)6500，Pokelo齒輪油500，線路查修900，鈦旋鈕1200","9100","4652","","","","","","","","","","","","","","","","","","","",""
"2021/7/16","EPF-0911","10947","ZOO後外套管950，TIONLY8*40/1040，卸油螺絲400街頭支付3%","2460","1687","","","","","","","","","","","","","","","","","","","",""
"2021/7/16","ENP-5370","49000","AFAM前後齒2500，ZOO齒盤墊片500，降噪羅柱1000，BPM後煞車皮750","4750","2435","","","","","","","","","","","","","","","","","","","",""
"2021/7/17","EPG-0723","14202","鈦螺絲9040","9040","3560","","","","","","","","","","","","","","","","","","","",""
"2021/7/17","EQB-9563","884","五匹手機架1100","1100","600","","","","","","","","","","","","","","","","","","","",""
"2021/7/17","EMR-2388","25090","ZOO齒盤墊片500，POSI後靠背2350(特)","2850","2100","","","","","","","","","","","","","","","","","","","",""
"2021/7/17","EPG-7770","7400","握把+加油管1250","1250","380","","","","","","","","","","","","","","","","","","","",""
"2021/7/17","EQB-5098","4683","黑準1600","1600","788","","","","","","","","","","","","","","","","","","","",""
"2021/7/19","ENP-3783","51575","極速火箭7600，三角台2400，珠碗1200，油線450，BPM前碟2700，BPM後碟2200，ZOO卡座2500，煞車油贈，螺絲220，Anchor對四3600，Anchor對二3500，白輪心贈","26370","14982","","","","","","","","","","","","","","","","","","","",""
"2021/7/20","EQC-5513","7","POSI後靠背2480，大牌背板1200，掛勾390","4070","2782","","","","","","","","","","","","","","","","","","","",""
"2021/7/20","MJK-0526","2135","水行俠(R)1900","1900","1200","","","","","","","","","","","","","","","","","","","",""
"2021/7/21","ENP-0058","1081","大牌背板1200","1200","650","","","","","","","","","","","","","","","","","","","",""
"2021/7/22","EMZ-9393","15293","BPM後煞車皮750","750","385","","","","","","","","","","","","","","","","","","","",""
"2021/7/22","EPF-6855","15503","CMSR(F)2400","2400","1600","","","","","","","","","","","","","","","","","","","",""
"2021/7/23","EQB-0121","","POSI後增高貨架2080，右側下+盲燈蓋1620","3700","2707","","","","","","","","","","","","","","","","","","","",""
"2021/7/24","EQC-2022","985","黑準1780","1780","893","","","","","","","","","","","","","","","","","","","",""
"2021/7/24","EQC-5193","910","方天戟無線手機架3890，KOSO尾燈4000，卡夢鴨尾(鍛造)1800，ZOO前叉彈簧2600","12290","6700","","","","","","","","","","","","","","","","","","","",""
"2021/7/25","EMQ-6067","","退役胎2500，線組950","3450","1000","","","","","","","","","","","","","","","","","","","",""
"2021/7/27","EMG-6357","31195","AFAM齒盤2500，5H墊片580，BPM後煞車750，EK黃金鍊2856","6686","3066","","","","","","","","","","","","","","","","","","","",""
"2021/7/27","EQB-6293","7126","S98EV前後4100，齒輪油250，PBF後煞車皮1050","5400","3264","","","","","","","","","","","","","","","","","","","",""
"2021/7/28","EMG-2781","47735","野蠻公牛後避震6000(特)，珠碗1600(特)","7600","284","198356","","","","","","","","","","","","","","","","","","",""
"2021/8/2","EMW-6050","8844","USB工資600","600","","","","","","","","","","","","","","","","","","","","",""
"2021/8/2","ENP-1817","20356","小閃後2500，煞車開關400，煞車油300","3200","","","","","","","","","","","","","","","","","","","","",""
"2021/8/4","EMG-6693","25280","BPM前煞車皮1700","1700","","","","","","","","","","","","","","","","","","","","",""
"2021/8/4","MDK-0678","20491","工資600，S98sport1950，子彈袋150","2700","","","","","","","","","","","","","","","","","","","","",""
"2021/8/5","EPF-6566","","翹牌工資500","500","","","","","","","","","","","","","","","","","","","","",""
"2021/8/5","EPG-0723","","大牌烤漆2000","2000","","","","","","","","","","","","","","","","","","","","",""
"2021/8/6","EMY-8139","5661","天使胎前後5400，5H(銀)580","5980","","","","","","","","","","","","","","","","","","","","",""
"2021/8/6","","","機油350，後輪1850","2200","","","","","","","","","","","","","","","","","","","","",""
"2021/8/9","EMQ-7919","12763","TT93 120/70-13 $2500，ZOO後輪心(鍍鈦)1250，SKF培林950，ZOO套管450","5150","","","","","","","","","","","","","","","","","","","","",""
"2021/8/9","MDK-0678","20572","工資1200，螺絲2180，墊片480，卡鉗螺絲950","4810","","","","","","","","","","","","","","","","","","","","",""
"2021/8/9","EMU-0197","49487","PILOTGP$2350，BPM前煞車800","3150","","","","","","","","","","","","","","","","","","","","",""
"2021/8/9","EQC-1321","62","黑準1780(街口","1780","","","","","","","","","","","","","","","","","","","","",""
"2021/8/10","EPG-0101","15562","新雅USB$1600","1600","","","","","","","","","","","","","","","","","","","","",""
"2021/8/10","EMQ-7817","14630","AFAM後齒，RK前齒2500，EK$2856，齒盤墊片580","5936","","","","","","","","","","","","","","","","","","","","",""
"2021/8/10","EWB-8102","","promax 90/90-10$1500，工資400","1900","","","","","","","","","","","","","","","","","","","","",""
"2021/8/11","EMF-8880","6","螺絲680，卡夢鴨尾1400，鋁合金土除3240","5320","","","","","","","","","","","","","","","","","","","","",""
"2021/8/11","EQB-1917","5009","前後EV$4100，CCD$6500*.95","10070","","","","","","","","","","","","","","","","","","","","",""
"2021/8/12","ENP-1867","43060","ZOO後齒3500，前齒750，5H墊片580","4830","","","","","","","","","","","","","","","","","","","","",""
"2021/8/13","EMQ-9956","92518","中古搖臂1000，BPM後煞車皮750，鯊魚王1800*1.05","3728","","","","","","","","","","","","","","","","","","","","",""
"2021/8/14","EMQ-7919","12785","FASS搖臂13500，EMC2$11500，PAKELO齒輪油500，LMG速系列13800","39300","","","","","","","","","","","","","","","","","","","","",""
"2021/8/16","EMH-3690","33900","清鍊條300","300","","","","","","","","","","","","","","","","","","","","",""
"2021/8/16","EWH-1825","7751","TT93 100/90-10 1800*.95","1710","","","","","","","","","","","","","","","","","","","","",""
"2021/8/16","EMQ-8666","6879","S98sport$1950，水行俠1900","3850","","","","","","","","","","","","","","","","","","","","",""
"2021/8/17","EMG-9298","26537","Frando(F)1000","1000","","","","","","","","","","","","","","","","","","","","",""
"2021/8/17","ENP-3783","54151","EK$2856，USB$850","3706","","","","","","","","","","","","","","","","","","","","",""
"2021/8/17","MDK-0678","20667","車殼和碟盤工資600+1200","1800","","","","","","","","","","","","","","","","","","","","",""
"2021/8/19","EMK-9916","21034","ZOO上移4000，KOSO尾燈3800(特)","7800","","","","","","","","","","","","","","","","","","","","",""
"2021/8/19","EQB-0006","5049","車體前+座墊絞鍊3050","3050","","","","","","","","","","","","","","","","","","","","",""
"2021/8/20","EMZ-9353","5676","5H墊片780","780","","","","","","","","","","","","","","","","","","","","",""
"2021/8/20","EPG3599","9669","小蜂鷹7800","7800","","","","","","","","","","","","","","","","","","","","",""
"2021/8/23","EPG-0723","14406","鈦螺絲920","920","","","","","","","","","","","","","","","","","","","","",""
"2021/8/23","EMJ-2298","11149","JZ墊片380，S98EV$2100","2480","","","","","","","","","","","","","","","","","","","","",""
"2021/8/23","ENT-3929","9377","後避震RR4000，齒盤墊片750","4750","","","","","","","","","","","","","","","","","","","","",""
"2021/8/23","EPG-3599","9769","傑能白鐵側住2100","2100","","","","","","","","","","","","","","","","","","","","",""
"2021/8/25","EMG-6969","34863","CMSSR2500","2500","","","","","","","","","","","","","","","","","","","","",""
"2021/8/25","EPF-9791","34472","天使胎(R)2700","2700","","","","","","","","","","","","","","","","","","","","",""
"2021/8/26","EPF-8997","10238","天使胎前 後5400","5400","","","","","","","","","","","","","","","","","","","","",""
"2021/8/26","EQB-0006","5079","MAGAZI握把套+內管1000，螺絲210","1210","","","","","","","","","","","","","","","","","","","","",""
"2021/8/26","","","CMSR前後5000","5000","","","","","","","","","","","","","","","","","","","","",""
"2021/8/28","ENP-9898","11058","超速拉桿1900，S98spoet$1950，握把+內管1180，BPM(F)800，前NSK*2$1000，墊片80","6910","","","","","","","","","","","","","","","","","","","","",""
"2021/8/28","MCR-2588","73003","6162$1900，後輪工資300","2200","","","","","","","","","","","","","","","","","","","","",""
"2021/8/30","EMF-8880","323","KOSO頭燈5700，卡夢後扶手(交換價)3000","8700","","183120","","","","","","","","","","","","","","","","","","",""
"2021/9/1","MDK-0678","21238","螺絲5670","5670","2268","","","","","","","","","","","","","","","","","","","",""
"2021/9/1","EMQ-7969","16923","後視鏡1650/握把+內管1000/黑準手機架1990","4640","2663","","","","","","","","","","","","","","","","","","","",""
"2021/9/1","EMQ-3322","26572","SKF6201*2 800 工資600","1400","210","","","","","","","","","","","","","","","","","","","",""
"2021/9/1","EQB-0006","","小Y(鈦灰)1861 黑準1990","3851","2435","","","","","","","","","","","","","","","","","","","",""
"2021/9/1","EMY-5351","15288","KOSO置物箱1100","1100","750","","","","","","","","","","","","","","","","","","","",""
"2021/9/2","EMY-0287","30363","EK黑黑 3500","3500","2100","","","","","","","","","","","","","","","","","","","",""
"2021/9/2","EMQ-0079","59281","BPM(前)1200 中古拉桿1000","2200","630","","","","","","","","","","","","","","","","","","","",""
"2021/9/4","EMY-5351","15319","G-PRO前氣嘴 750 EK黑金 3500","4250","","","","","","","","","","","","","","","","","","","","",""
"2021/9/4","EPG-3599","10666","JZ拉桿1700 JZ拉桿螺絲540","2240","1530","","","","","","","","","","","","","","","","","","","",""
"2021/9/6","EMF-8880","368","風鏡 工資100","100","","","","","","","","","","","","","","","","","","","","",""
"2021/9/6","EMY-2230","23185","鍍鈦端子700 子彈袋150","850","430","","","","","","","","","","","","","","","","","","","",""
"2021/9/6","EMQ-7919","13053","TT93 120/70-13 $2500 MAGAZI 後視鏡1650","4150","2640","","","","","","","","","","","","","","","","","","","",""
"2021/9/7","EMQ-3709","16681","5H墊片780 Tron Racer 2750 AFAM前齒 850","4380","2813","","","","","","","","","","","","","","","","","","","",""
"2021/9/7","EMY-5351","15409","前天使 2700 後來令BPM 750 黑準 1990","5440","2468","","","","","","","","","","","","","","","","","","","",""
"2021/9/7","MML-0617","","Frando前煞車皮1000","1000","350","","","","","","","","","","","","","","","","","","","",""
"2021/9/7","EMY-3708","44735","AFAM前後齒2500，5H(紅)780","3280","1280","","","","","","","","","","","","","","","","","","","",""
"2021/9/8","MDK-0678","21487","Tionly下座2800+馬達3500工資800，置物箱900","8000","3635","","","","","","","","","","","","","","","","","","","",""
"2021/9/8","EQB-0006","5657","鈦螺絲290*2=580 230*2=460 6490","7500","5660","","","","","","","","","","","","","","","","","","","",""
"2021/9/8","EQB-7919","1","RR前避震7900，RR後避震4000，KOSO前後尾燈9500，KOSO前置物箱1100，小蜂鷹7800，POSI牛角後扶手2480，新雅USB$1600，ZOO上移4500，轉向照地燈2300，黑隼1990，絞鍊850，矽膠證件套299，卡夢後鴨尾1300，正電引出線350，FASS搖臂+TIONLY$15000","60969","","","","","","","","","","","","","","","","","","","","",""
"2021/9/9","ENX-1025","2671","KOSO前置物箱1100","1100","750","","","","","","","","","","","","","","","","","","","",""
"2021/9/9","EMY-8033","5352","KOSO前置物箱1100","1100","750","","","","","","","","","","","","","","","","","","","",""
"2021/9/9","MML-0617","","TT93 110/70-12 $2100","2100","1190","","","","","","","","","","","","","","","","","","","",""
"2021/9/9","EMQ-1556","12369","坐墊2500","2500","800","","","","","","","","","","","","","","","","","","","",""
"2021/9/10","EWB-8102","14158","CITY(F)90/90-10 $1700","1700","1000","","","","","","","","","","","","","","","","","","","",""
"2021/9/10","MCF-6083","13148","手機架工資100","100","","","","","","","","","","","","","","","","","","","","",""
"2021/9/12","EQB-8276","2074","FASS椅墊4980，絞鍊700","5680","4757","","","","","","","","","","","","","","","","","","","",""
"2021/9/12","EMQ-9956","96614","中古擋泥板1000","1000","","","","","","","","","","","","","","","","","","","","",""
"2021/9/15","EMQ-5222","15874","皮帶內齒組10000","10000","","","","","","","","","","","","","","","","","","","","",""
"2021/9/15","EMQ-6293","8782","EK黃金2900 AFAM 15齒43齒 2500 5H(黑)780 ZOO外套管950","7130","3173","","","","","","","","","","","","","","","","","","","",""
"2021/9/15","EME-5858","72836","補胎80 側柱彈簧100","180","","","","","","","","","","","","","","","","","","","","",""
"2021/9/15","EQC-7519","51","JZ齒盤座3000 加速器4000 螺絲170*5=850 ZOO外套管950","8900","890","","","","","","","","","","","","","","","","","","","",""
"2021/9/17","EPC-6767","6841","粉皮套700 後來令1300 後輪CMSR 120/80/12 2700 端子450 後視鏡含鈦螺絲 2850","8000","","","","","","","","","","","","","","","","","","","","",""
"2021/9/18","EMG-9073","30130","後來令750","750","385","","","","","","","","","","","","","","","","","","","",""
"2021/9/18","EMQ-7971","5273","椅墊皮600","600","550","","","","","","","","","","","","","","","","","","","",""
"2021/9/20","EMY-0287","31141","S98EV100/90/12 1950","1950","","","","","","","","","","","","","","","","","","","","",""
"2021/9/20","EQB-8276","2164","小蜂鷹7800 手機架代工500","8300","3400","","","","","","","","","","","","","","","","","","","",""
"2021/9/24","EPG-9919","17799","BPM前 後 750 800","1550","805","","","","","","","","","","","","","","","","","","","",""
"2021/9/24","EMU-3786","14157","RCS左+右9800*2 油管(中古) 3800 M50 卡座 9000 CCD內管 6800 SKF(F)650 前碟BPM 4400 後碟BPM 2200 FASS搖臂13500 灰底紅5800 煞車油前/後 700","66450","37830","","","","","","","","","","","","","","","","","","","",""
"2021/9/29","EME-8205","16816","水行俠 前後 4000 BPM後煞車 750","4750","2815","","","","","","","","","","","","","","","","","","","",""
"2021/9/30","ENJ-0275","17819","BPM後碟2000","2000","1260","260360","","","","","","","","","","","","","","","","","","",""
"2021/10/1","EMH-0597","11624","LMG內齒6800，LMG皮帶組8800，齒輪油500，BPM後碟226MM 2200，BPM卡座1700，天使胎2700，鈦羅母1200","23900","13722","","","","","","","","","","","","","","","","","","","",""
"2021/10/2","EMQ-6128","11666","5H墊片780，BPM 後碟2000，BPM後煞車皮750","3500","2025","","","","","","","","","","","","","","","","","","","",""
"2021/10/2","EPG-0681","7173","天使胎2700，BPM後煞車皮750。","3450","1485","","","","","","","","","","","","","","","","","","","",""
"2021/10/2","MCR-7899","100064","601$2400，CMSR$2600，SKF$650","5500","3900","","","","","","","","","","","","","","","","","","","",""
"2021/10/5","MCU-7628","114816","齒輪油400，BPM前900，工資600，總棒1650","3550","1558","","","","","","","","","","","","","","","","","","","",""
"2021/10/5","ENJ-0275","17840","工資800，BPM卡座1200，BPM固定碟2400，KOSO置物箱1100","5500","2990","","","","","","","","","","","","","","","","","","","",""
"2021/10/6","EMW-9165","24719","天使胎2430(公關價","2430","1000","","","","","","","","","","","","","","","","","","","",""
"2021/10/6","EQB-7753","5522","KRACE牌架2100，鈦羅母460，KOSO牌照燈750，工資600","3910","1837","","","","","","","","","","","","","","","","","","","",""
"2021/10/8","EMZ-7659","45982","LMG皮帶8800，ZOO套管450","9250","5500","","","","","","","","","","","","","","","","","","","",""
"2021/10/8","EQB-7753","5607","BPM前煞車皮800後750，BPM後碟2000，工資600，椅墊4980","9000","6298","","","","","","","","","","","","","","","","","","","",""
"2021/10/11","","","FASS椅墊自取4980","4980","4233","","","","","","","","","","","","","","","","","","","",""
"2021/10/11","MCV-5161","20589","前後輪工資600，皮帶2300","2900","1275","","","","","","","","","","","","","","","","","","","",""
"2021/10/11","ENP-1085","49661","握把套450","450","100","","","","","","","","","","","","","","","","","","","",""
"2021/10/12","EQC-8186","1123","大蜂鷹9990，黑準1600","11590","5488","","","","","","","","","","","","","","","","","","","",""
"2021/10/12","EMQ-9956","100648","齒輪油250，煞車油700，鯊魚王110/70-12$1750，BPM(F)750，油門線450","3900","1641","","","","","","","","","","","","","","","","","","","",""
"2021/10/13","EQC-6993","923","極速火箭4200，後輪心1250，螺絲+墊片1080","6530","4174","","","","","","","","","","","","","","","","","","","",""
"2021/10/13","EMQ-9956","100794","握把+內管(一般850","850","123","","","","","","","","","","","","","","","","","","","",""
"2021/10/14","ENL-3219","8747","CITY前+後5150","5150","3680","","","","","","","","","","","","","","","","","","","",""
"2021/10/14","EMQ-8168","10299","AFAM$2500，螺柱1200，5H墊片(贈)，水行俠前後4500，EK$2856，齒輪油500","11550","5896","","","","","","","","","","","","","","","","","","","",""
"2021/10/14","NAZ-7253","20897","CCD後避震3750，螺絲140","3890","2992","","","","","","","","","","","","","","","","","","","",""
"2021/10/14","EMH-0597","12484","FASS握把1680，NCY加油管750+100","2500","1743","","","","","","","","","","","","","","","","","","","",""
"2021/10/15","EPF-9388","17757","CMSR$2700","2700","1700","","","","","","","","","","","","","","","","","","","",""
"2021/10/15","MNB-3333","15116","螺絲300","300","90","","","","","","","","","","","","","","","","","","","",""
"2021/10/15","EQB-8222","20376","AFAM後+RK前2500，5H墊片780，BPM後碟2000，BPM(R)750，惡搞飛旋2100，天使胎2700，白鐵側柱2100","12930","6877","","","","","","","","","","","","","","","","","","","",""
"2021/10/16","ENP-1085","","RR前避震7900，(刷卡","7900","5500","","","","","","","","","","","","","","","","","","","",""
"2021/10/16","EQB-1917","6113","ANCHOR輻射6000，BPM碟盤3700，齒輪油500，清鍊條300","10500","7322","","","","","","","","","","","","","","","","","","","",""
"2021/10/16","EMG-9625","16026","LMG皮帶8800，BPM(R)750，S98EV$2000街口*3%","11896","7180","","","","","","","","","","","","","","","","","","","",""
"2021/10/16","EQB-6293","9952","齒輪油500","500","272","","","","","","","","","","","","","","","","","","","",""
"2021/10/18","EMQ-0891","55001","CCD內管6500，FASS握把1680，內管(一般)400，油門線450，轉向軸承2000","11000","5806","","","","","","","","","","","","","","","","","","","",""
"2021/10/18","MKE-7716","24307","省力主角架1700，SC(R)2700，N18$3800，Frando金屬1500刷卡","9700","6408","","","","","","","","","","","","","","","","","","","",""
"2021/10/18","MUZ-3001","","糯米腸450","450","100","","","","","","","","","","","","","","","","","","","",""
"2021/10/20","MDK-0678","22305","風鏡修復1000","1000","400","","","","","","","","","","","","","","","","","","","",""
"2021/10/21","ENL-3219","9447","白鐵螺柱1200，AFAM2500，齒輪油500，工資400，5H墊片(贈)","4600","1902","","","","","","","","","","","","","","","","","","","",""
"2021/10/21","EMH-0597","","Frando總棒10200，油管5800，BPM碟盤3700，ANCHOR前4800，後3500，前卡座2200，後2500，煞車油1150，螺絲660，後輪心1000，中古鍛框26000","62000","21488","","","","","","","","","","","","","","","","","","","",""
"2021/10/22","EMQ-5222","16267","BPM後煞車皮750","600","385","","","","","","","","","","","","","","","","","","","",""
"2021/10/23","EQB-8222","20600","烤漆5800，珠晚2000，KOSO前置物箱1100，內裝1850","10750","4590","","","","","","","","","","","","","","","","","","","",""
"2021/10/25","EPF-6855","18586","右開關465，油箱飾蓋700","1165","586","","","","","","","","","","","","","","","","","","","",""
"2021/10/25","EMQ-0079","62835","RK+AFAM$2500，EK$2856，BPM(F)1200*1.05","6884","2774","","","","","","","","","","","","","","","","","","","",""
"2021/10/26","EMH-0558","16798","皮帶調整","","","","","","","","","","","","","","","","","","","","","",""
"2021/10/26","MCC-9911","84134","前SPORT$2000，BPM前碟+來令3700","5700","3730","","","","","","","","","","","","","","","","","","","",""
"2021/10/26","EQC-5766","1288","EV(F)2150","2150","1295","","","","","","","","","","","","","","","","","","","",""
"2021/10/27","MUZ-3001","10896","大牌背板1200","1200","600","","","","","","","","","","","","","","","","","","","",""
"2021/10/27","EPF-0911","13134","加速器5000*3%街口","5150","2910","","","","","","","","","","","","","","","","","","","",""
"2021/10/28","EPG-0681","7781","BPM(F)750","750","385","","","","","","","","","","","","","","","","","","","",""
"2021/10/28","EMY-7017","19324","LMG皮帶8800，襯版200","9000","5660","","","","","","","","","","","","","","","","","","","",""
"2021/10/28","MCR-7899","10177","Frando(R)650，握把套500，輪心550","1700","447","","","","","","","","","","","","","","","","","","","",""
"2021/10/28","EMQ-3079","17521","NCY齒盤固定座4000","4000","2800","","","","","","","","","","","","","","","","","","","",""
"2021/10/28","EQC-0506","4363","LMG內齒6800，齒輪油500","7300","4072","","","","","","","","","","","","","","","","","","","",""
"2021/10/29","EMG-2090","15923","LMG皮帶8800，SKF前850(街口","9650","5912","","","","","","","","","","","","","","","","","","","",""
"2021/10/30","EMH-0597","13607","ZOO大牌上移3500，大牌背板1200，防水膠條300，CNC後擋泥板4000，中古正鈦側柱4600","13300","5300","","","","","","","","","","","","","","","","","","","",""
"2021/10/30","EMG-5993","15727","前叉彈簧+油2200","2200","350","341255","","","","","","","","","","","","","","","","","","",""
"2021/11/1","MDK-0678","22403","皮帶2500，側柱工資500","3000","","","","","","","","","","","","","","","","","","","","",""
"2021/11/2","ENP-3783","59669","派克龍齒輪油500","500","272","","","","","","","","","","","","","","","","","","","",""
"2021/11/2","EMG-1161","25778","5H齒盤墊片850，AFAM前後齒2600，大牌背板1200。","4650","1880","","","","","","","","","","","","","","","","","","","",""
"2021/11/2","EPF-0135","9138","APL頂階 7500","7500","5040","","","","","","","","","","","","","","","","","","","",""
"2021/11/2","EQC-7519","795","消光臘400*3/1200，8*55/210，8*25*2/300，8*30*2/320，後擋泥板4600，FASS支架400，派克龍齒輪油500，鈦螺絲1500","9030","5349","","","","","","","","","","","","","","","","","","","",""
"2021/11/3","EQB-8276","2823","BPM碟盤2700，FRANDO卡鉗4000，卡座1000，本體鍍黑螺絲1000，碟盤螺絲900，卡座螺絲400，前後煞車油800","10800","6350","","","","","","","","","","","","","","","","","","","",""
"2021/11/3","EMJ-2298","14118","後避震RR4000，清鍊條300","4300","2800","","","","","","","","","","","","","","","","","","","",""
"2021/11/4","ENW-9855","3259","黑準防盜版1799","1799","893","","","","","","","","","","","","","","","","","","","",""
"2021/11/4","MHQ-9190","29931","裸把座，中古把手，儀表保護套，油門線5850","5850","698","","","","","","","","","","","","","","","","","","","",""
"2021/11/4","EQB-8222","","KOSO置物箱1100","1100","750","","","","","","","","","","","","","","","","","","","",""
"2021/11/4","EMY-5258","13688","CCD鍍黑6500，FASS握把1680，NCY加油管750","8930","5643","","","","","","","","","","","","","","","","","","","",""
"2021/11/5","EQB-2988","5872","後天使2800","2800","1100","","","","","","","","","","","","","","","","","","","",""
"2021/11/6","MPP-3921","17722","行車紀錄器代工2000，大牌上移4500，AFAM前後齒2600，後天使2700，大牌背板1200，5H墊片850，防水膠條250","14100","5650","","","","","","","","","","","","","","","","","","","",""
"2021/11/8","EQB-8276","2881","傑能拉桿1700，拉桿螺絲贈","1700","1630","","","","","","","","","","","","","","","","","","","",""
"2021/11/8","EPF-0911","13463","ANCHOR後煞車皮900","900","280","","","","","","","","","","","","","","","","","","","",""
"2021/11/9","EPF-0905","10857","天使胎前2700，加油管400，工資200，FASS握把1680","4980","2366","","","","","","","","","","","","","","","","","","","",""
"2021/11/10","EMG-2090","16057","FASS搖臂13800，RR後避震4000","17800","12830","","","","","","","","","","","","","","","","","","","",""
"2021/11/12","EPF-6303","7026","NCY後碟1800，PBF後煞車1050","2850","1542","","","","","","","","","","","","","","","","","","","",""
"2021/11/13","EQB-6293","10867","PBF前來令1000，後來令1150，後煞車油300。","2450","700","","","","","","","","","","","","","","","","","","","",""
"2021/11/13","EPC-6767","7215","M12墊片*2/60 鍍鈦大牌螺絲320，羅母460，鈦螺絲480","1320","651","","","","","","","","","","","","","","","","","","","",""
"2021/11/15","EPZ-2608","1832","大牌框1200","1200","600","","","","","","","","","","","","","","","","","","","",""
"2021/11/15","EMY-3109","9758","舒適握把套1590+100","1690","1032","","","","","","","","","","","","","","","","","","","",""
"2021/11/15","EWH-2783","9898","代工300","300","","","","","","","","","","","","","","","","","","","","",""
"2021/11/17","EMH-3690","37469","CITY前後5150，清鍊條250(特)，煞車開關500，BPM後煞車750","6650","4213","","","","","","","","","","","","","","","","","","","",""
"2021/11/20","EMG-9073","31756","風嘴1400，後視鏡1800，拉桿1900，螺絲340，後碟2000，黑底紅後卡鉗5800，卡座油管4650，煞車油800","18690","10504","","","","","","","","","","","","","","","","","","","",""
"2021/11/20","MCG-7295","72372","避震工資3000，頸節3250，轉向軸承2800，油管墊片200，","9250","2264","","","","","","","","","","","","","","","","","","","",""
"2021/11/20","EMD-7653","","5H墊片780，羅柱1200","1980","730","","","","","","","","","","","","","","","","","","","",""
"2021/11/20","ENP-1085","50864","黑準減振1990","1990","1083","","","","","","","","","","","","","","","","","","","",""
"2021/11/20","EMY-6868","1346","XR1$2300，5H$780","3000","1980","","","","","","","","","","","","","","","","","","","",""
"2021/11/25","EPZ-5806","27","上移4000，凱瑞斯3800，轉向照地燈2300，代工200","10300","6050","","","","","","","","","","","","","","","","","","","",""
"2021/11/25","EMH-0597","","車抬校正4000，道路救援1000，煞車油350，前倒叉組(中古)29000，前鍛框17500，PBF前碟4400，朱婉2000，照地燈2300，前輪心800，外套管490，左方向燈600，凱瑞絲把手座+卡夢把(中古)8000，車殼工資2000，省力中柱1800。","74240","7400","","","","","","","","","","","","","","","","","","","",""
"2021/11/26","EPF-5813","13387","工資300","300","","","","","","","","","","","","","","","","","","","","",""
"2021/11/26","EQD-2593","1","大牌背板1200","1200","600","","","","","","","","","","","","","","","","","","","",""
"2021/11/27","EQC-7880","2270","CCD內管6500，5H墊片780，輪胎工資300","7580","4280","","","","","","","","","","","","","","","","","","","",""
"2021/11/29","EQC-8553","3627","鈦螺絲6*30LF 290*6=1740","1740","783","","","","","","","","","","","","","","","","","","","",""
"2021/11/29","EMH-0002","","天使胎2835刷卡，FRANDO(R)1050","3885","1393","","","","","","","","","","","","","","","","","","","",""
"2021/11/29","EQB-8276","3122","固定碟2200","2200","1540","","","","","","","","","","","","","","","","","","","",""
"2021/11/30","MJQ-2370","15972","鈦螺絲2020，前後卡鉗油管工資4500，輪框兌換1000","7200","909","","","","","","","","","","","","","","","","","","","",""
"2021/11/30","ENP-1817","24249","RCS左+右9800*2，油杯800*2，鈦支架300*2，白鐵螺絲+套筒750，煞車油前/後 600，油管*4 $6800，小閃(R)2600","32550","20140","292504","","","","","","","","","","","","","","","","","","",""
"2021/12/1","MCS-3938","12838","6162$1900，水行俠$1950，糯米腸+內管1250","5100","","","","","","","","","","","","","","","","","","","","",""
"2021/12/1","MCU-7628","","齒輪油400","400","","","","","","","","","","","","","","","","","","","","",""
"2021/12/2","EMY-5285","10127","CMSR前後4900，CCD鍍黑6500","11400","","","","","","","","","","","","","","","","","","","","",""
"2021/12/2","MDK-0678","22743","工資800","800","","","","","","","","","","","","","","","","","","","","",""
"2021/12/2","EMG-5609","21216","POSI靠背2480，工資150，天使胎(R)2700","5330","3080","","","","","","","","","","","","","","","","","","","",""
"2021/12/2","EMY-6112","11606","ZOO上移4000，襯版200，背板1200，後箱+扶手+靠背5900，USB$1600，大牌螺絲贈","12900","","","","","","","","","","","","","","","","","","","","",""
"2021/12/3","MKH-8155","","前後油管卡鉗工資3800，上搖臂皮帶組1000，拉桿飛旋工資贈","4800","","","","","","","","","","","","","","","","","","","","",""
"2021/12/4","ENP-1867","52428","NCY碟盤3800，螺絲+套管660，TT93$2500，煞車皮工資250","7210","","","","","","","","","","","","","","","","","","","","",""
"2021/12/4","EMX-1326","16759","前叉彈簧+油2600，調後避震500","3100","","","","","","","","","","","","","","","","","","","","",""
"2021/12/4","EQB-7753","8319","飛旋工資400，螺絲6*30*2/240，6*10/100，工資160","900","","","","","","","","","","","","","","","","","","","","",""
"2021/12/5","EMY-7692","13528","LMG皮帶8800，內齒組6800，pakelo齒輪油500，側腳架檢查","16100","9572","","","","","","","","","","","","","","","","","","","",""
"2021/12/5","EQB-7826","3608","RR$4200，PBF(R)950","5150","","","","","","","","","","","","","","","","","","","","",""
"2021/12/5","MCR-2588","74603","BPM後碟2000，BPM(R)750，PBF(F)1100","3850","","","","","","","","","","","","","","","","","","","","",""
"2021/12/6","ENQ-0322","19749","LMG內齒6800，派克龍500，洗鍊條200","7500","4072","","","","","","","","","","","","","","","","","","","",""
"2021/12/6","EQC-0506","5548","X2$23800(訂金9月底付10000","23800","19800","","","","","","","","","","","","","","","","","","","",""
"2021/12/6","ENP-1817","24438","牛角鏡1900，後視鏡座1200","3100","","","","","","","","","","","","","","","","","","","","",""
"2021/12/7","EMQ-8007","14509","皮帶組8800，內齒組6800，pakelo齒輪油500，","16100","9572","","","","","","","","","","","","","","","","","","","",""
"2021/12/7","EMY-7017","20086","調皮帶(1000KM)","","","","","","","","","","","","","","","","","","","","","",""
"2021/12/8","EMG-6205","13364","LMG皮帶組8800，BPM(R)750","9550","5885","","","","","","","","","","","","","","","","","","","",""
"2021/12/8","MGE-0195","35910","手機支架550","550","250","","","","","","","","","","","","","","","","","","","",""
"2021/12/8","EPD-7159","7397","代工200","200","","","","","","","","","","","","","","","","","","","","",""
"2021/12/8","MGE-1119","51975","TT93$2100","2100","","","","","","","","","","","","","","","","","","","","",""
"2021/12/9","EQC-5513","354","二手多爪魚800","800","","","","","","","","","","","","","","","","","","","","",""
"2021/12/9","EQD-2359","11","工資100","100","","","","","","","","","","","","","","","","","","","","",""
"2021/12/10","EQD-3301","15","工資250","250","","","","","","","","","","","","","","","","","","","","",""
"2021/12/10","EMG-7136","30942","小蜂鷹293$7800(特)，正電450，飛旋380","12680","","","","","","","","","","","","","","","","","","","","",""
"2021/12/11","EPG-3599","16140","後輪(贈，BPM(F)750","750","385","","","","","","","","","","","","","","","","","","","",""
"2021/12/11","EMG-7921","18178","FASS座墊5100，中柱1600","6700","","","","","","","","","","","","","","","","","","","","",""
"2021/12/11","ENP-1817","24656","BPM/1098(F)1850","1850","1120","","","","","","","","","","","","","","","","","","","",""
"2021/12/14","MMC-6072","28713","FASS椅墊4980，FASS握把4980，BPM後煞車750，Frando(F)1100","13850","","","","","","","","","","","","","","","","","","","","",""
"2021/12/15","ENP-7977","15997","坐墊絞鍊650","650","","","","","","","","","","","","","","","","","","","","",""
"2021/12/15","EQD-3950","18441","大牌背板1200","1200","600","","","","","","","","","","","","","","","","","","","",""
"2021/12/15","MMC-6072","28713","鈦螺絲8*40/360*4=1440，6*20/240*2=480，大牌背板1200，8*25/280，8*20/250","3650","","","","","","","","","","","","","","","","","","","","",""
"2021/12/15","EPF-0893","30674","CITY前後5150，BPM後煞車750","5900","4065","","","","","","","","","","","","","","","","","","","",""
"2021/12/15","EQB-7590","16300","XR1$2600，糯米腸500，平衡端子550，","3650","","","","","","","","","","","","","","","","","","","","",""
"2021/12/16","EMY-2230","25468","LMG皮帶組8800，TT93/2500","11300","6940","","","","","","","","","","","","","","","","","","","",""
"2021/12/16","ENL-3219","14551","RR$4000","4000","2800","","","","","","","","","","","","","","","","","","","",""
"2021/12/16","EPG-8325","15302","CITY(F)2500,天使胎2700，BPM後碟2000，BPM後煞車皮550(特)","7750","","","","","","","","","","","","","","","","","","","","",""
"2021/12/17","EPF-0908","13735","派克龍500，LMG皮帶組8800，內齒6800，CITY前後5150。","21250","","","","","","","","","","","","","","","","","","","","",""
"2021/12/17","EMQ-9979","16345","LMG內齒6800，派克龍500，","7300","","","","","","","","","","","","","","","","","","","","",""
"2021/12/18","EPF-8231","16716","S98PLUS前後2450/2550，螺絲300。","5300","","","","","","","","","","","","","","","","","","","","",""
"2021/12/20","EMQ-0891","","後輪1000，前來令850，左後視鏡390，側腳架開關750，AFAM前後齒2600，5H墊片850，齒輪油500，保養450","7390","","","","","","","","","","","","","","","","","","","","",""
"2021/12/20","EMY-2623","27241","CCD$6500，烤漆外管1000","7500","","","","","","","","","","","","","","","","","","","","",""
"2021/12/22","EMF-1859","36807","中古胎1000","1000","","","","","","","","","","","","","","","","","","","","",""
"2021/12/23","EMY-5285","10662","AFAM前後齒2600，5H/850，GPRO羅柱1300","4750","","","","","","","","","","","","","","","","","","","","",""
"2021/12/23","EMF-1859","36871","6002*2/500","500","200","","","","","","","","","","","","","","","","","","","",""
"2021/12/24","EMQ-0079","66628","BPM前碟3700，前煞車皮1700，前內套管200，培林650","6298","","","","","","","","","","","","","","","","","","","","",""
"2021/12/24","EQH-1216","83","大牌背板1200+100","1300","","","","","","","","","","","","","","","","","","","","",""
"2021/12/25","EPE-7019","24908","TT93$2100，6162$2000，BPM前煞車皮850。超速拉桿1900","6850","","","","","","","","","","","","","","","","","","","","",""
"2021/12/25","MHQ-6100","31904","保養450，中柱套管50，RK前齒850。","1350","","","","","","","","","","","","","","","","","","","","",""
"2021/12/25","ENP-9762","9791","保養800，加油管500，5H(紅)850","2150","","","","","","","","","","","","","","","","","","","","",""
"2021/12/27","EMH-0532","8603","SC(F)2800，水行俠120/70-13(R)2300，5H(紅)780","5880","","","","","","","","","","","","","","","","","","","","",""
"2021/12/28","EPE-7019","24971","川歐卡座+油管4650，灰底銀5300，BPM後碟2000，後牌版安裝(贈)，直通頭+油管螺絲200。風嘴頭500","12650","","","","","","","","","","","","","","","","","","","","",""
"2021/12/28","EMH-0597","18270","保養450，後輪CMSR贈","450","","","","","","","","","","","","","","","","","","","","",""
"2021/12/29","EMY-5285","10754","二手S2$12000","12000","","325938","","","","","","","","","","","","","","","","","","",""
"2022/1/1","EMQ-1987","19923","AFAM前後齒2500，鍊條工資500，Pokelo$500","3500","1172","","","","","","","","","","","","","","","","","","","",""
"2022/1/3","EQC-6993","2588","ZOO前碟2500，後卡座2000，ANCHOR對二3600，煞車油250，卡座螺絲*2/300，螺絲480。","9130","5516","","","","","","","","","","","","","","","","","","","",""
"2022/1/3","ENL-3219","16402","APL頂階 7500","7500","5056","","","","","","","","","","","","","","","","","","","",""
"2022/1/4","EMP-3800","24650","LMG皮帶8800，斜齒6800","15600","9300","","","","","","","","","","","","","","","","","","","",""
"2022/1/4","EMY-2623","27913","傑能拉桿1700，拉桿螺絲540","2240","1660","","","","","","","","","","","","","","","","","","","",""
"2022/1/5","EPG-0681","8405","小蜂鷹7990","7990","3500","","","","","","","","","","","","","","","","","","","",""
"2022/1/6","EMU-3786","15586","G2 ZERO$9800","9800","8000","","","","","","","","","","","","","","","","","","","",""
"2022/1/6","MGE-0195","36081","烤漆(含徽標)5150，飛炫1950，照地燈2900，","10000","5924","","","","","","","","","","","","","","","","","","","",""
"2022/1/7","EPG-9919","18778","清鍊條350，橡皮20","370","16","","","","","","","","","","","","","","","","","","","",""
"2022/1/8","EMY-7692","14220","CITY後2600，後煞車皮490","3090","2128","","","","","","","","","","","","","","","","","","","",""
"2022/1/8","ENL-3219","17026","端子鏡1700","1700","1280","","","","","","","","","","","","","","","","","","","",""
"2022/1/8","MRN-9755","17597","黑準減振1990+500","2490","1083","","","","","","","","","","","","","","","","","","","",""
"2022/1/8","EMD-7653","57933","極速火箭4200，後天使2700，KOSO置物箱1100","8000","4850","","","","","","","","","","","","","","","","","","","",""
"2022/1/8","ENB-9138","19133","水行俠110/70-13 $2250","2250","1380","","","","","","","","","","","","","","","","","","","",""
"2022/1/8","ENP-1085","53068","後煞車皮490","490","288","","","","","","","","","","","","","","","","","","","",""
"2022/1/10","MHQ-6100","32403","二手拉桿1700，洗鍊條350","2050","0","","","","","","","","","","","","","","","","","","","",""
"2022/1/10","ERG-3776","4070","內齒6800，皮帶組8800，齒輪油200","15800","9300","","","","","","","","","","","","","","","","","","","",""
"2022/1/11","NEE-0325","12693","多爪魚850","850","600","","","","","","","","","","","","","","","","","","","",""
"2022/1/12","MHQ-6100","32518","APL頂階 7500","7500","5056","","","","","","","","","","","","","","","","","","","",""
"2022/1/13","EMG-6191","54776","BPM後煞車皮750","750","385","","","","","","","","","","","","","","","","","","","",""
"2022/1/13","EMH-0532","8927","後架，後箱組4950","4950","3664","","","","","","","","","","","","","","","","","","","",""
"2022/1/14","EMZ-7659","50003","調皮帶","","","","","","","","","","","","","","","","","","","","","",""
"2022/1/14","EMQ-7327","22128","安科前來令900","900","280","","","","","","","","","","","","","","","","","","","",""
"2022/1/14","EPR-2222","3611","黑準減振1990+200","2190","1083","","","","","","","","","","","","","","","","","","","",""
"2022/1/14","EMG-1611","27875","油門線500，珠碗2000，RR後避震4000，APL$7500，前叉內管7200，ZOO外套管650","21850","13346","","","","","","","","","","","","","","","","","","","",""
"2022/1/15","EPF-3982","47913","前齒650","650","160","","","","","","","","","","","","","","","","","","","",""
"2022/1/15","MJK-7312","20980","LMG皮帶組8800","8800","5500","","","","","","","","","","","","","","","","","","","",""
"2022/1/15","EQB-7753","10587","工資200","200","0","","","","","","","","","","","","","","","","","","","",""
"2022/1/16","EPG-3599","17160","前叉彈簧2200，前齒850，ZOO後齒3500，5H$850","7400","3740","","","","","","","","","","","","","","","","","","","",""
"2022/1/17","EMQ-0891","61716","天使胎2700，左煞車開關580","3280","1140","","","","","","","","","","","","","","","","","","","",""
"2022/1/17","NJR-7683","958","PBF M50$1250，CNC大螃蟹15100，機油700","17050","14000","","","","","","","","","","","","","","","","","","","",""
"2022/1/18","EMD-7653","58517","前天使胎2700","2700","1000","","","","","","","","","","","","","","","","","","","",""
"2022/1/18","ENP-5959","10202","洗鍊條350","350","0","","","","","","","","","","","","","","","","","","","",""
"2022/1/18","MNB-1611","22883","Z1(金)5500(含油封)，ZOO後齒3500，前齒750，5H$580(特)，羅柱1200，鍊條油200","11700","7002","","","","","","","","","","","","","","","","","","","",""
"2022/1/19","EQD-6767","97","黑準減振1990","1990","1083","","","","","","","","","","","","","","","","","","","",""
"2022/1/19","EMD-6067","23490","TT93$2500，18K1500，PAKELO$500，FRANDO前煞車皮1050","5550","2122","","","","","","","","","","","","","","","","","","","",""
"2022/1/19","ENP-1989","7843","Frando(R)1000","1000","350","","","","","","","","","","","","","","","","","","","",""
"2022/1/20","EMG-1611","27951","9K$600，Pakelo$500，左前照地燈1050","2150","1056","","","","","","","","","","","","","","","","","","","",""
"2022/1/20","EMQ-7919","14774","APL頂階 7500，KOSO尾燈4000，vigorplus3750+500，posi外送架1380，狗窩椅墊4300(交換價，螺絲*6/540，墊片*6/120","22000","15270","","","","","","","","","","","","","","","","","","","",""
"2022/1/20","EMQ-1987","21523","TH558$1450，後煞車皮490","1940","1188","","","","","","","","","","","","","","","","","","","",""
"2022/1/20","ENP-3525","18055","水行俠前100/90/12$2300，後120/70-12$2100，AFAM後齒+GPR前齒2600，Gpro羅柱1250，5H$850","9100","4022","","","","","","","","","","","","","","","","","","","",""
"2022/1/20","EMQ-7817","17474","P800前後3400，BPM後煞車皮750。緩衝橡膠贈","4150","2585","","","","","","","","","","","","","","","","","","","",""
"2022/1/24","NKM-8577","2152","短牌架，巴風特後土除，MOS/11000","11000","7460","","","","","","","","","","","","","","","","","","","",""
"2022/1/24","MKE-7716","25377","CMSR 100/80-14$2500","2500","1700","","","","","","","","","","","","","","","","","","","",""
"2022/1/24","EMQ-7919","14879","黑準2090","2090","1083","","","","","","","","","","","","","","","","","","","",""
"2022/1/24","ENP-8702","33169","波配樂1700，5H$850，AFAM後齒，GPRO前齒2600，$5775*5%","6064","2644","","","","","","","","","","","","","","","","","","","",""
"2022/1/25","EMK-6810","30693","S98EV110/70-12$2000","2000","1400","","","","","","","","","","","","","","","","","","","",""
"2022/1/25","EMK-9111","8104","工資3000","3000","0","","","","","","","","","","","","","","","","","","","",""
"2022/1/25","LGH-7770","6876","螺絲1000，大頭鍍黑*4，銀*2","1000","400","","","","","","","","","","","","","","","","","","","",""
"2022/1/26","EPF-0911","15473","LMG PRO蓋(升級)8800，Pokelo$500，鈦m6*20*8/1000，10*35*2/820，m10羅姆*2/940*1.03","12421","6287","","","","","","","","","","","","","","","","","","","",""
"2022/1/26","MJQ-2370","18153","工資1000","1000","0","","","","","","","","","","","","","","","","","","","",""
"2022/1/27","EQD-1832","865","大牌框1200","1200","600","","","","","","","","","","","","","","","","","","","",""
"2022/1/27","ENP-3783","66292","PBF後煞車皮1000*5%","1050","406","","","","","","","","","","","","","","","","","","","",""
"2022/1/27","EPS-6667","258","大牌上移2500(中古)，牌框1200","3700","600","","","","","","","","","","","","","","","","","","","",""
"2022/1/27","EMQ-0928","24393","水行俠2350，BPM前碟盤2700","5050","3130","","","","","","","","","","","","","","","","","","","",""
"2022/1/28","EQC-8000","2474","鍍黑螺絲2400","2400","960","","","","","","","","","","","","","","","","","","","",""
"2022/1/28","EMQ-0891","62433","椅墊2500","2500","700","","","","","","","","","","","","","","","","","","","",""
"2022/1/29","EMQ-6128","13526","珠晚2000，GF牌框1200，水行俠110/70-12/1950","4800","2270","","","","","","","","","","","","","","","","","","","",""
"2022/1/29","ENP-1085","54551","傑能拉桿1700，螺絲鍍鈦*4/400","2100","1360","","","","","","","","","","","","","","","","","","","",""
"2022/1/29","EQB-6293","13528","Pakelo$500","500","272","","","","","","","","","","","","","","","","","","","",""
"2022/1/29","EMQ-8007","15584","皮帶調整","","","","","","","","","","","","","","","","","","","","","",""
"2022/1/29","NKM-8577","2284","拉桿燈罩後視鏡5060，M8墊片*2/40，大頭鍍黑*2/540，M8*50*2鍍鈦400，M6*25*4鍍鈦/520","6560","4300","311935","180657","","","","","","","","","","","","","","","","","",""
"2022/2/7","EPG-0855","16626","EK/2856，GPRO前齒750","3600","","","","","","","","","","","","","","","","","","","","",""
"2022/2/7","EMG-0576","5840","SKF 650，白鐵輪心550，內外套管850，CITY前2644。","4690","","","","","","","","","","","","","","","","","","","","",""
"2022/2/8","EMG-1611","28295","卡座1250，BPM碟盤3700，BREMBO黑底紅7500，APEXX拉桿2150，細牙油管螺絲200，M10*25*2/220","15000","","","","","","","","","","","","","","","","","","","","",""
"2022/2/8","EMW-1810","13764","天使胎前2700，保養600","3300","","","","","","","","","","","","","","","","","","","","",""
"2022/2/8","MCU-7628","121979","後輪工資300","300","","","","","","","","","","","","","","","","","","","","",""
"2022/2/8","EPF-9388","21485","前叉強化2600，NCY加油管850","3450","","","","","","","","","","","","","","","","","","","","",""
"2022/2/8","EMY-2623","30544","AFAM前後齒2600，5H墊片850","3450","","","","","","","","","","","","","","","","","","","","",""
"2022/2/10","EMY-2230","26406","皮帶調整483","483","","","","","","","","","","","","","","","","","","","","",""
"2022/2/10","EPR-2222","4791","S98 SPORT120/70-12$2150","2150","","","","","","","","","","","","","","","","","","","","",""
"2022/2/10","EPG-0855","16721","大牌上移4500","4500","","","","","","","","","","","","","","","","","","","","",""
"2022/2/10","EWB-9288","4869","前後輪工資800，牌框1200，大頭螺絲*2贈","2000","","","","","","","","","","","","","","","","","","","","",""
"2022/2/11","EPR-2222","4889","601(F)前輪2400","2400","1900","","","","","","","","","","","","","","","","","","","",""
"2022/2/12","EMW-9165","28779","SKF 650*.9(公關","585","200","","","","","","","","","","","","","","","","","","","",""
"2022/2/14","EQB-9027","11067","手機架代工500，M10藍20，後視鏡座加長150","670","","","","","","","","","","","","","","","","","","","","",""
"2022/2/14","EMW-7625","49540","皮帶1800，滑牙處理200","2000","","","","","","","","","","","","","","","","","","","","",""
"2022/2/14","NGC-0711","8049","代工500","500","","","","","","","","","","","","","","","","","","","","",""
"2022/2/14","MJQ-2370","18562","保養1250，BPM頂級對四2250","3500","","","","","","","","","","","","","","","","","","","","",""
"2022/2/14","EQD-0572","5822","BPM後煞車皮750，後碟2000","2750","","","","","","","","","","","","","","","","","","","","",""
"2022/2/14","EMY-5285","11807","轉向照地燈2500","2500","","","","","","","","","","","","","","","","","","","","",""
"2022/2/14","EMH-3337","25956","BPM碟盤2700，BPM前煞車皮1250","3950","","","","","","","","","","","","","","","","","","","","",""
"2022/2/14","EQB-7590","19013","BPM後碟2350，大保養1699","4049","","","","","","","","","","","","","","","","","","","","",""
"2022/2/15","EMZ-9895","17444","舒適握把1800","1800","","","","","","","","","","","","","","","","","","","","",""
"2022/2/15","","","MAGAZI後視鏡2000","2000","","","","","","","","","","","","","","","","","","","","",""
"2022/2/16","ENP-3525","18474","BPM後碟2000，BPM(R)750+50","2800","","","","","","","","","","","","","","","","","","","","",""
"2022/2/16","EMP-5390","17144","緩衝橡膠200，BPM(R)750","2750","","","","","","","","","","","","","","","","","","","","",""
"2022/2/16","ENP-7356","11113","皮帶8800，後煞車皮750","9550","","","","","","","","","","","","","","","","","","","","",""
"2022/2/16","EPF-6855","20140","轉向照地燈2500","2500","","","","","","","","","","","","","","","","","","","","",""
"2022/2/17","EMH-0597","22880","保養+大鳥油門線1000，皮帶1800，SC(F)2900，SC(R)3000，FRANDO油杯蓋*2/600","9300","","","","","","","","","","","","","","","","","","","","",""
"2022/2/17","EMQ-9979","17384","絞鍊650，PBF/1050","1700","","","","","","","","","","","","","","","","","","","","",""
"2022/2/17","EMD-1777","16555","大牌框1200","1200","","","","","","","","","","","","","","","","","","","","",""
"2022/2/19","EPZ-2158","14664","前後TT93/3400，前後BPM煞車皮750+750","1500","","","","","","","","","","","","","","","","","","","","",""
"2022/2/19","EQC-6707","15324","SP220碟盤+BPM前來令2550，原廠後來令480","3030","","","","","","","","","","","","","","","","","","","","",""
"2022/2/19","EMJ-8860","16333","小蜂鷹279+取電線8300，新雅USB/1800，","10000","","","","","","","","","","","","","","","","","","","","",""
"2022/2/19","EMY2623","30575","FASS搖臂+鍊條蓋座15500","15500","","","","","","","","","","","","","","","","","","","","",""
"2022/2/21","EMQ-0891","63883","BPM前碟2700，BPM前煞車皮800，ZOO前外套管650","4150","","","","","","","","","","","","","","","","","","","","",""
"2022/2/21","EQB-7753","12121","保養900","900","","","","","","","","","","","","","","","","","","","","",""
"2022/2/22","EMQ-0185","16846","LMG皮帶組8800，RR後避震4000，水行俠2050，左煞車開關450","15300","","","","","","","","","","","","","","","","","","","","",""
"2022/2/22","EMY-2623","30762","BPM後碟200mm/2000，卡座1500，BPM後煞車皮800，DID/2856，Frando前碟4200，BPM前煞車皮800","12156","","","","","","","","","","","","","","","","","","","","",""
"2022/2/22","MCU-7628","123040","原廠前後碟煞車皮+武川前煞車皮","3000","","","","","","","","","","","","","","","","","","","","",""
"2022/2/24","EPF-0911","15832","霧燈3590*2=7180，鈦螺絲*3/450 ，街口*3%","7850","","","","","","","","","","","","","","","","","","","","",""
"2022/2/25","MGE-1119","52814","Frando前後煞車皮2000","2000","","","","","","","","","","","","","","","","","","","","",""
"2022/2/25","EPF-0135","10783","LMG皮帶組8800，內齒組6800，鈦羅母1200，Pakelo齒輪油500","17300","5056","","","","","","","","","","","","","","","","","","","",""
"2022/2/25","EQB-2181","9242","APL頂階7500","7500","","","","","","","","","","","","","","","","","","","","",""
"2022/2/26","EQC-6707","15837","水行俠100/90-12/2300，5H墊片850，GPRO螺柱1250，AFAM後齒+GPRO前齒2650，DID/2900","9950","","","","","","","","","","","","","","","","","","","","",""
"2022/2/26","EQC-8186","8550","APL頂階7500，清鍊條300","7800","","","","","","","","","","","","","","","","","","","","",""
"2022/2/28","EME-6650","4485","3RF牌框800(特)","800","630","218163","","","","","","","","","","","","","","","","","","",""
"2022/3/1","","","鍊條油*2 400-50=350","350","200","","","","","","","","","","","","","","","","","","","",""
"2022/3/1","EMQ-0891","64489","Hgears6800(含進口油封，Pakelo500，DID+GPRO前齒3500","10800","5198","","","","","","","","","","","","","","","","","","","",""
"2022/3/2","EQD-1029","729","鍍鈦螺絲*4，6MM墊片*2，羅母*2/780","780","312","","","","","","","","","","","","","","","","","","","",""
"2022/3/2","MPN-5696","21503","LMG皮帶組8800，珠碗2000","10800","5900","","","","","","","","","","","","","","","","","","","",""
"2022/3/3","EPF-3399","2047","保養850，Pakelo/500","1350","272","","","","","","","","","","","","","","","","","","","",""
"2022/3/3","MCS-0830","107198","TT93/2100","2100","1235","","","","","","","","","","","","","","","","","","","",""
"2022/3/3","EQD-2359","716","鍍鈦螺絲*4，大牌螺絲*2/960","960","384","","","","","","","","","","","","","","","","","","","",""
"2022/3/3","EMH-0597","24066","皮帶調整，飛炫2100","2100","1502","","","","","","","","","","","","","","","","","","","",""
"2022/3/3","EMT-8709","9435","黑準防盜1780，前後水行俠4700，AFAM前後齒2600，5H/850，套管100，EK/2900","12930","6618","","","","","","","","","","","","","","","","","","","",""
"2022/3/3","EPF-6855","20313","18K/1700","0","0","","","","","","","","","","","","","","","","","","","",""
"2022/3/3","EMG-9288","32153","珠碗2000","2000","400","","","","","","","","","","","","","","","","","","","",""
"2022/3/4","EPD-3001","16110","PBF前煞車皮950","950","350","","","","","","","","","","","","","","","","","","","",""
"2022/3/4","EPG-8325","16505","小蜂鷹279+取電線8300，LMG皮帶組8800，內齒6800，齒輪油200，美容贈","24100","13160","","","","","","","","","","","","","","","","","","","",""
"2022/3/4","EQB-8276","4366","5H/850，EK/2900","3750","1723","","","","","","","","","","","","","","","","","","","",""
"2022/3/5","EQB-8222","23323","Apexx拉桿1950，裸把祖7500","9450","3272","","","","","","","","","","","","","","","","","","","",""
"2022/3/5","EMQ-7135","29567","水行俠100/90-12/2300，120/70-12/2050，GF牌框1200","5550","3490","","","","","","","","","","","","","","","","","","","",""
"2022/3/7","EMG-5777","36242","前框交換(贈，內管+糯米腸1180","1180","480","","","","","","","","","","","","","","","","","","","",""
"2022/3/7","EMG-9675","24935","備用電池1250","1250","920","","","","","","","","","","","","","","","","","","","",""
"2022/3/8","EQD-2085","9896","Frando後煞車皮800","800","350","","","","","","","","","","","","","","","","","","","",""
"2022/3/8","MNB-3333","19874","6162/2000，3K/800","2000","1200","","","","","","","","","","","","","","","","","","","",""
"2022/3/8","EQC-8186","9042","9K/800","0","","","","","","","","","","","","","","","","","","","","",""
"2022/3/8","EMH-0558","19351","PBF對四1300，皮帶調整，後天使2700","4000","1550","","","","","","","","","","","","","","","","","","","",""
"2022/3/8","EMY-2623","31802","消光烤漆6300，右開關490。內裝三塊1844","6300","2160","","","","","","","","","","","","","","","","","","","",""
"2022/3/9","EMG-6191","57264","車殼，新中古忙燈蓋450","450","","","","","","","","","","","","","","","","","","","","",""
"2022/3/9","EMF-7985","2750","黑準減震1990","1990","1083","","","","","","","","","","","","","","","","","","","",""
"2022/3/9","EMJ-8860","18335","BPM後煞車皮800，BPM後碟2000，水行俠110/70-13/2450","5250","3155","","","","","","","","","","","","","","","","","","","",""
"2022/3/9","EQD-2085","10006","9K/700，齒輪油300","300","","","","","","","","","","","","","","","","","","","","",""
"2022/3/9","ENP-9762","10533","Apexx拉桿1850(特","1850","1500","","","","","","","","","","","","","","","","","","","",""
"2022/3/9","EMG-9688","9419","調整鍊條80","80","","","","","","","","","","","","","","","","","","","","",""
"2022/3/10","ENS-1736","16203","EK黑金3500，AFAM後齒+GPRO前齒2600，GPRO螺柱1250，5H/850","8200","3522","","","","","","","","","","","","","","","","","","","",""
"2022/3/10","EMP-3800","25792","皮帶調整1k","","","","","","","","","","","","","","","","","","","","","",""
"2022/3/10","EMY-9111","73845","波配樂1700","1700","1100","","","","","","","","","","","","","","","","","","","",""
"2022/3/10","EQB-2181","9633","KOSO尾燈4000","4000","2600","","","","","","","","","","","","","","","","","","","",""
"2022/3/10","EQB-1917","8467","後PBF/1100，鍊條調整","1100","350","","","","","","","","","","","","","","","","","","","",""
"2022/3/10","EPS-6667","945","1K/800，大牌螺絲+墊片480","480","192","","","","","","","","","","","","","","","","","","","",""
"2022/3/11","EMJ-2298","18455","AFAM後齒+GPRO前齒2650，螺柱1200，波配樂1700","5550","2492","","","","","","","","","","","","","","","","","","","",""
"2022/3/11","EMG-9688","9445","鍍黑*4/600，墊片*4/80，","780","280","","","","","","","","","","","","","","","","","","","",""
"2022/3/11","EQC-0088","28924","天使前後5400，5H/780，白鐵側柱2100","8280","3730","","","","","","","","","","","","","","","","","","","",""
"2022/3/11","EMY-8139","6324","小蜂鷹7990，3K/572","7990","3500","","","","","","","","","","","","","","","","","","","",""
"2022/3/12","EMR-7072","22538","LMG皮帶組8800，內齒組6800，Pakelo齒輪油500，後內套管400，SKF培林*2/850，惡搞鋁合金粗把2100，白鐵螺絲*3/240，加油管400","20000","11301","","","","","","","","","","","","","","","","","","","",""
"2022/3/12","EME-5858","84258","中古車殼500","500","","","","","","","","","","","","","","","","","","","","",""
"2022/3/12","EMW-9165","29508","5H/780，GPRO前齒840，GPRO後齒贈，BPM後碟2000，BPM後煞車皮750/公關價*.9，油線500","4333","3175","","","","","","","","","","","","","","","","","","","",""
"2022/3/15","EMQ-5517","28580","水行俠110/70-12/2000，120/70-12/2050，油線450，珠碗2000，飛炫2100，照地燈贈，3K保養","9000","4680","","","","","","","","","","","","","","","","","","","",""
"2022/3/16","EPD-3333","50330","後輪代工300","300","","","","","","","","","","","","","","","","","","","","",""
"2022/3/16","EPC-9999","8893","POSI內管+糯米腸1200","1200","480","","","","","","","","","","","","","","","","","","","",""
"2022/3/16","ENP-3791","23499","BPM前後煞車皮1550，中古拉桿贈，NCY/190mm後碟2000，前後波配樂3400，黑準1690，培林450","9090","5134","","","","","","","","","","","","","","","","","","","",""
"2022/3/16","ENP-7356","12258","皮帶調整","","","","","","","","","","","","","","","","","","","","","",""
"2022/3/16","EMG-6683","85524","LMG皮帶組8800，內齒組6800，Pakelo齒輪油500，BPM後煞車皮750，BPM後碟2000，","18850","11367","","","","","","","","","","","","","","","","","","","",""
"2022/3/16","EMY-3708","54812","GPRO前齒840，總棒(特)900，3K/572，SC(R)12吋1950培林650，","4340","1492","","","","","","","","","","","","","","","","","","","",""
"2022/3/17","NFK-2626","15824","機油750，齒輪油50","800","460","","","","","","","","","","","","","","","","","","","",""
"2022/3/17","EQB-8276","4458","CCD內管6800","6800","4100","","","","","","","","","","","","","","","","","","","",""
"2022/3/17","EPE-0095","7156","水行俠110/70-13/2000(特","2000","1510","","","","","","","","","","","","","","","","","","","",""
"2022/3/18","EPS-6667","1154","鍍鈦輪心1250，螺絲*6/840，墊片*6=120","2210","896","","","","","","","","","","","","","","","","","","","",""
"2022/3/19","EMY-7628","","POSI牛角後靠背2480，MAGAZI後視鏡2280，前FR6硬陽4000，後FCF684/4500，BPM前浮動2700，後固定2000，前卡座1000，後卡座2500。","21500","15310","","","","","","","","","","","","","","","","","","","",""
"2022/3/19","EMW-6315","16584","前水行俠100/80-14/2400，後天使2700，PBF前1000，5H/850","6950","3240","","","","","","","","","","","","","","","","","","","",""
"2022/3/19","EQD-5321","305","黑準1590","1590","788","","","","","","","","","","","","","","","","","","","",""
"2022/3/19","ENP-1085","","傑能拉桿螺絲620","620","360","","","","","","","","","","","","","","","","","","","",""
"2022/3/19","EMY-2623","32686","黑底銀對二4500，後卡座2000(特)，8*40*2/200，卸油螺絲200，飛炫2100","9000","6132","","","","","","","","","","","","","","","","","","","",""
"2022/3/21","EMQ-1987","27787","優耐立1500，齒輪油250","1750","900","","","","","","","","","","","","","","","","","","","",""
"2022/3/21","EQC-9928","1354","黑準1780，灰底銀對二4500，卡座2500，BPM浮動碟2700，B01(F)1700，(R)1800，Guofu金屬油管*2/5800，GF牌框贈，煞車油前後800，短版後視鏡2000，大牌螺絲*2/260","23840","12490","","","","","","","","","","","","","","","","","","","",""
"2022/3/23","EQD-6127","1371","黑準手機架1590","1590","788","","","","","","","","","","","","","","","","","","","",""
"2022/3/23","EMG-6969","43300","迷你閃5000，PBF前來另1100，LMG皮帶8800，","14900","9750","","","","","","","","","","","","","","","","","","","",""
"2022/3/23","EMQ-5222","17267","省力中柱1700，野蠻公牛拉桿1950，烤漆6000","9650","4000","","","","","","","","","","","","","","","","","","","",""
"2022/3/24","EMY-5258","15331","5H/850，AFAM2500，EK2900，LMG羅柱1250","7500","3115","","","","","","","","","","","","","","","","","","","",""
"2022/3/24","NFK-2626","15889","120/80-12 XR1/2600","2600","1800","","","","","","","","","","","","","","","","","","","",""
"2022/3/24","EMF-1859","40434","波沛樂後1700，Frando後900","2600","1450","","","","","","","","","","","","","","","","","","","",""
"2022/3/24","EMQ-6128","14612","水行俠120/70-12/2050","2050","1360","","","","","","","","","","","","","","","","","","","",""
"2022/3/25","EQD-0037","2072","黑準1790","1790","893","","","","","","","","","","","","","","","","","","","",""
"2022/3/25","EPG-7770","10023","LMG羅柱1250，水行俠120/70-12/2050，601/2400，5H/850，MAGAZI$1600","8150","5090","","","","","","","","","","","","","","","","","","","",""
"2022/3/25","ENP-1817","27042","GPRO鍛框34000，鈦油管螺絲400","34400","29180","","","","","","","","","","","","","","","","","","","",""
"2022/3/26","EMY-2623","33045","大燈調整，X2","","","","","","","","","","","","","","","","","","","","","",""
"2022/3/26","ENP-1817","27082","小閃前2400","2400","1800","","","","","","","","","","","","","","","","","","","",""
"2022/3/28","EMQ-3683","12232","波沛樂後1700","1700","1100","","","","","","","","","","","","","","","","","","","",""
"2022/3/28","EPD-3333","50475","BPM煞車皮800，NFD前碟3200","4000","2585","","","","","","","","","","","","","","","","","","","",""
"2022/3/30","EQB-3378","","波沛樂前後3400","3400","2200","","","","","","","","","","","","","","","","","","","",""
"2022/3/30","EMY-6936","8886","加油管400","400","23","","","","","","","","","","","","","","","","","","","",""
"2022/3/30","EMG-9688","9675","鍍黑 前輪心900，後輪心1350，AK550插銷270，洩氣400，M60*65*2 550，8*40*2/400，8*20*2/160*2，後插銷200，彈簧100，銅墊片20*2/40","4530","3148","","","","","","","","","","","","","","","","","","","",""
"2022/3/31","EMH-0597","26534","Pakelo齒輪油500，皮帶調整，PBF前煞車皮1100","1600","722","","","","","","","","","","","","","","","","","","","",""
"2022/3/31","EQC-8593","3981","後煞車皮480，後碟1000","1480","784","","","","","","","","","","","","","","","","","","","",""
"2022/3/31","EPG-3599","22181","前煞車皮750","750","385","401663","228168","","","","","","","","","","","","","","","","","",""
"2022/4/1","MHQ-6100","34925","派克龍500","500","282","","","","","","","","","","","","","","","","","","","",""
"2022/4/2","ERH-0999","144152","LMG內齒6800，齒輪油200","7000","3800","","","","","","","","","","","","","","","","","","","",""
"2022/4/2","ENE-1636","18481","水行俠110/70-12/2000，POSI後靠背2480，3RF牌框1200，*.95/5490","5490","","","","","","","","","","","","","","","","","","","","",""
"2022/4/2","EQB-8591","17104","PBF(R)1100，清鍊條300","1400","","","","","","","","","","","","","","","","","","","","",""
"2022/4/2","EPS-1931","9074","EK黑金(特)3300","3300","2100","","","","","","","","","","","","","","","","","","","",""
"2022/4/4","EQB-7753","14125","書包架+工具包4680，鈦螺絲280*2=560","5240","3224","","","","","","","","","","","","","","","","","","","",""
"2022/4/4","EQC-1036","4177","天使(R)2700，3RF牌框1200","3900","1750","","","","","","","","","","","","","","","","","","","",""
"2022/4/4","EQC-1581","9892","清鍊條300","300","","","","","","","","","","","","","","","","","","","","",""
"2022/4/5","EQB-2953","4569","APL$7500","7500","5056","","","","","","","","","","","","","","","","","","","",""
"2022/4/5","EMH-7208","31104","波沛樂(F)1700","1700","1100","","","","","","","","","","","","","","","","","","","",""
"2022/4/5","EMY-9783","15274","AFAM前後齒2600，5H墊片850，羅柱1250，CMSR(F)2400，水行俠120/70-12$2050","9150","","","","","","","","","","","","","","","","","","","","",""
"2022/4/5","EMY-6936","9166","中古腳踏墊1500，","1500","800","","","","","","","","","","","","","","","","","","","",""
"2022/4/6","EMY-0287","38646","後水行俠120/70-12$2050，BPM後煞車皮550，BPM後碟1800，BPM前碟2700，前煞車皮900，","8000","5425","","","","","","","","","","","","","","","","","","","",""
"2022/4/6","EPF-0923","7798","天使(F)2700，SC(R)3000，AFAM前後齒2650，羅柱1250，5H$850，","10450","","","","","","","","","","","","","","","","","","","","",""
"2022/4/6","EMQ-9956","123883","皮帶1800，道路救援1000","2800","","","","","","","","","","","","","","","","","","","","",""
"2022/4/6","EMY-3708","56359","左右煞車開關，油門線","","","","","","","","","","","","","","","","","","","","","",""
"2022/4/7","ENL-3219","26530","中古裸把3600","3600","","","","","","","","","","","","","","","","","","","","",""
"2022/4/7","EMR-1870","8419","水行俠100/90-12，110/70-12，前後煞車油800，PBF(R)1100","6200","","","","","","","","","","","","","","","","","","","","",""
"2022/4/8","EQC-6211","3236","黑底紅7500，黑底紅對二5300，BPM前碟2700，後碟2200，ZOO後卡座2500，前卡座1200，後RR$4000，前後煞車油800，油管墊片200，油管螺絲400，白鐵螺絲380，彈簧100","27280","","","","","","","","","","","","","","","","","","","","",""
"2022/4/8","ENP-1712","55812","檢修1200，整線800，油門線","2000","","","","","","","","","","","","","","","","","","","","",""
"2022/4/8","EMG-9688","9792","螺絲480","480","","","","","","","","","","","","","","","","","","","","",""
"2022/4/9","EMQ-6285","24773","AM固定座4980，LMG皮帶8800，內齒組6800，派克龍500","21080","","","","","","","","","","","","","","","","","","","","",""
"2022/4/11","EPF-1959","22588","RR後避震$4000，RR前7500，Frando輻射4800，三角台2200，朱婉2000，Frando(R)1000，BPM前碟2700，煞車油贈，刷卡","24200","","","","","","","","","","","","","","","","","","","","",""
"2022/4/12","ENP-1367","9490","水行俠前100/80-14$2400","2400","","","","","","","","","","","","","","","","","","","","",""
"2022/4/12","EQB-2181","10099","內齒6800，派克龍500，防爆水管3500，柱油螺絲500","11300","","","","","","","","","","","","","","","","","","","","",""
"2022/4/12","EMY-2623","34318","AK550$65000，螺絲340","6840","","","","","","","","","","","","","","","","","","","","",""
"2022/4/12","EMQ-7919","17889","TT93 120/70-13$2500，派克龍500","3000","","","","","","","","","","","","","","","","","","","","",""
"2022/4/13","EPR-2222","8572","X2/24000，墊片20*2/40，鍍黑8*35*2/380，M10*40/140*2=280","24700","","","","","","","","","","","","","","","","","","","","",""
"2022/4/13","EPG-0213","34662","PB/2000","2000","","","","","","","","","","","","","","","","","","","","",""
"2022/4/14","EMW-6060","8286","狗窩椅墊(買斷4980，鍍黑側住2500，大牌背板1200","8680","","","","","","","","","","","","","","","","","","","","",""
"2022/4/14","EPF-2115","4486","水行俠100/90-12$2300，120/70-12$2400","4700","","","","","","","","","","","","","","","","","","","","",""
"2022/4/14","EMW-6060","8286","金屬油管(廢SBS)5800，卡夢風鏡1600，直通*3/600，鍍黑螺絲$250，CCD內管6800，鍍鈦側住彈簧300，狗吉拉側住檔片450，CMSR100/80-14$2500，羅母150，螺絲400","18850","","","","","","","","","","","","","","","","","","","","",""
"2022/4/15","EMQ-8168","25292","原廠大燈3722","3722","","","","","","","","","","","","","","","","","","","","",""
"2022/4/16","EQB-6293","15992","派克隆500","500","282","","","","","","","","","","","","","","","","","","","",""
"2022/4/16","EPD-3001","17497","ZOO後齒3500，5H$850，螺柱1200，EK黑金3500，黑準1780，美容贈","10800","","","","","","","","","","","","","","","","","","","","",""
"2022/4/16","NGH-2828","7175","黑準1790","1790","893","","","","","","","","","","","","","","","","","","","",""
"2022/4/16","EMQ-7919","17947","RCS15/14$19600，CNC黑底紅14500，M50$11800，煞車油(藍2.5)800，你祖母油杯*2/5600，油杯支架600，卡夢擋泥板4500，油管(沒廢)6800，BPM前碟4400，後碟2200，CTRMA電子油門6800，川歐後視鏡座*2/1200，後卡座2500","81000","","","","","","","","","","","","","","","","","","","","",""
"2022/4/18","EMQ-0891","67670","BPM(F)800，齒輪油200，","1000","420","","","","","","","","","","","","","","","","","","","",""
"2022/4/18","EMG-9085","19231","AFAM/2600，5H$850，POSI後靠背2280","5700","3190","","","","","","","","","","","","","","","","","","","",""
"2022/4/19","EQC-7111","4503","PBF後碟220MM$2800，BPM金屬1500，白鐵螺絲40","4340","","","","","","","","","","","","","","","","","","","","",""
"2022/4/19","MCU-7628","127072","齒輪油400","400","","","","","","","","","","","","","","","","","","","","",""
"2022/4/20","EMD-7958","53670","查線800，","800","","","","","","","","","","","","","","","","","","","","",""
"2022/4/20","EMT-8709","9762","KOSO鍊條蓋1100，螺絲+墊片180","1280","","","","","","","","","","","","","","","","","","","","",""
"2022/4/20","EMR-7072","","估價1000，載車1500","2500","","","","","","","","","","","","","","","","","","","","",""
"2022/4/20","EMK-9111","9132","工資400(含氣嘴","400","","","","","","","","","","","","","","","","","","","","",""
"2022/4/20","EMQ-7919","17957","鈦螺絲12660，薄˙煞車開關*2/3000，滾真2880，調整螺絲1100，卡夢土除3199，滑塊1000，","23839","","","","","","","","","","","","","","","","","","","","",""
"2022/4/20","EQB-7753","14851","TT93 110/70-12$2100，螺絲480","2580","","","","","","","","","","","","","","","","","","","","",""
"2022/4/20","EMG-9688","9924","BPM/AK550(F)1200，後大螃蟹BPM$1000","2200","","","","","","","","","","","","","","","","","","","","",""
"2022/4/21","EPZ-2158","18228","TT93 100/90-10$1800，前後BPM1500，二手前碟600","3900","","","","","","","","","","","","","","","","","","","","",""
"2022/4/21","EMQ-7327","23369","巧納包490*2","980","","","","","","","","","","","","","","","","","","","","",""
"2022/4/21","EMQ-7919","18160","Tionly下座2080，錐形*4/800","2880","","","","","","","","","","","","","","","","","","","","",""
"2022/4/21","ENP-1225","7366","舒適握把V2/800","","","","","","","","","","","","","","","","","","","","","",""
"2022/4/22","EQC-6211","3414","前土除(近全新)2500，珠晚2400，銅墊片*8/400，廢SBS/1500，煞車油800，凱瑞斯三角台8000，RR前避震7500。","23100","","","","","","","","","","","","","","","","","","","","",""
"2022/4/22","EMQ-7919","18172","卡夢左右短拉桿4000","4000","","","","","","","","","","","","","","","","","","","","",""
"2022/4/23","ENP-1225","7398","波沛樂前後3400","3400","2200","","","","","","","","","","","","","","","","","","","",""
"2022/4/23","EMZ-9393","21191","手機拉桿工資200","200","","","","","","","","","","","","","","","","","","","","",""
"2022/4/23","EPE-0095","7339","Pokelo齒輪油500","500","272","","","","","","","","","","","","","","","","","","","",""
"2022/4/25","EPR-2222","8954","SPORT後輪2150","","","","","","","","","","","","","","","","","","","","","",""
"2022/4/25","EMD-6067","24836","LMG皮帶8800，APL大燈7500，T扣7200，FASS柵欄4980，前側橡皮300，螺絲*2/400，卡夢前土除3200，套管500，BPM(F)2200","35080","","","","","","","","","","","","","","","","","","","","",""
"2022/4/25","EQB-8276","4087","ZXM腳踏墊1880，水行俠後120/70-12$2050","3930","","","","","","","","","","","","","","","","","","","","",""
"2022/4/26","MCS-0830","109257","18K 1600","1600","","","","","","","","","","","","","","","","","","","","",""
"2022/4/26","EMY-3708","58072","BPM(F)750","750","","","","","","","","","","","","","","","","","","","","",""
"2022/4/27","EMK-9265","8775","波沛樂(R)1700","1700","1100","","","","","","","","","","","","","","","","","","","",""
"2022/4/27","EPR-2222","9216","氣瓶保護套600，FASS矽膠握把1680，加油管200","2480","","","","","","","","","","","","","","","","","","","","",""
"2022/4/27","MMC-6072","28815","超速拉桿1900","1900","1100","","","","","","","","","","","","","","","","","","","",""
"2022/4/27","EMG-7033","12890","長久馬力226MM/3200，PBF(F)1100","4300","","","","","","","","","","","","","","","","","","","","",""
"2022/4/27","EPF-7999","11012","波沛樂(R)1700","1700","1100","","","","","","","","","","","","","","","","","","","",""
"2022/4/28","ENP-6088","9028","MAGGAZI握把套+加油管950","950","","","","","","","","","","","","","","","","","","","","",""
"2022/4/28","EMH-0597","29138","黑準1590，車殼6108，小U950","2540","","","","","","","","","","","","","","","","","","","","",""
"2022/4/29","EMD-2978","30490","波沛樂(R)1700，LMG皮帶組8800，朱婉2000","12500","0","","","","","","","","","","","","","","","","","","","",""
"2022/4/29","NKM-0859","72252","螺絲100，工資50","150","50","","","","","","","","","","","","","","","","","","","",""
"2022/4/29","EPF-3982","55512","油線工資365","365","","","","","","","","","","","","","","","","","","","","",""
"2022/4/29","EPD-7582","8730","小蜂鷹7990，線組500，Frando(R)1000","9450","","","","","","","","","","","","","","","","","","","","",""
"2022/4/30","ENP-1085","61346","波沛樂(R)1700，ZOO後齒3500，5H/850，小蜂鷹7990，","14040","","","","","","","","","","","","","","","","","","","","",""
"2022/4/30","EQD-2586","7060","波沛樂前後3400，鍊條2800","3700","","","","","","","","","","","","","","","","","","","","",""
"2022/4/30","ENS-9351","18073","BPM(R)750，FASS矽膠握把+加油管2080，街口*1.03","2914","","","","","","","","","","","","","","","","","","","","",""
"2022/4/30","MCU-7628","127591","舒適握把V1/工資673，儀表總成4900，下把手蓋1808","","","517400","","","","","","","","","","","","","","","","","","",""
"2022/5/2","EMJ-8860","24129","水行俠(F)100/80-14/2400，Frando(R)1000","3400","1850","","","","","","","","","","","","","","","","","","","",""
"2022/5/2","ENP-7356","14134","皮帶調整，水行俠(R)110/70-12/2000，BPM(R)750","2750","1735","","","","","","","","","","","","","","","","","","","",""
"2022/5/3","EMG-5609","","BPM(R)750，","750","385","","","","","","","","","","","","","","","","","","","",""
"2022/5/3","EPF-0135","11879","勾片$800，Pakelo$500","1300","382","","","","","","","","","","","","","","","","","","","",""
"2022/5/4","EQC-6211","3610","FASS搖臂13800，鍊條座980，鍊條蓋550，白鐵螺絲+墊片520，ZOO後輪心1000，前輪心700，滾真2880","20400","14173","","","","","","","","","","","","","","","","","","","",""
"2022/5/4","EQB-9635","9822","長久226MM$3300，PBF(F)1000，6162$2000，TT93$2100","8400","5155","","","","","","","","","","","","","","","","","","","",""
"2022/5/4","EQB-5101","27459","LMG皮帶8800","8800","5500","","","","","","","","","","","","","","","","","","","",""
"2022/5/4","EQC-7329","11524","上移4300，后土除3500，前RRabs$8000，前Frando$4800，煞車油800，後Brembo黑底紅5300，卡座2500，前碟BPM$3700，後碟PBF$2800，FASS矽膠握把2080，APEXX拉桿1950，油管2900，大牌框(贈3RF，FASS椅墊4980，大牌螺絲320贈，前輪心(鍍鈦950，米其林2750，鍍黑+墊片*2$500，-2000Terry加班","49550","32430","2450","","","","","","","","","","","","","","","","","","",""
"2022/5/4","ENP-1817","28143","TT93$2100，BPM金屬1500","3600","2145","","","","","","","","","","","","","","","","","","","",""
"2022/5/5","EMQ-7919","13452","PBF(R)900","900","400","","","","","","","","","","","","","","","","","","","",""
"2022/5/5","EMD-1098","8405","後碟工資200","200","","","","","","","","","","","","","","","","","","","","",""
"2022/5/5","EQB-9635","9873","PBF(R)1100，握把內管650","1750","780","","","","","","","","","","","","","","","","","","","",""
"2022/5/6","EMG-6969","44461","皮帶調整1K，左開關異常，前煞車皮換上","","","","","","","","","","","","","","","","","","","","","",""
"2022/5/6","EQD-3632","2767","墊子油門6800，大燈調整","6800","4500","","","","","","","","","","","","","","","","","","","",""
"2022/5/6","ENP-1220","34721","後視鏡，條鍊條工資200","200","","","","","","","","","","","","","","","","","","","","",""
"2022/5/6","EQB-2525","5428","烤肉架3400+1000，絞鍊617+33，BPM(R)750","1078","385","4017","","","","","","","","","","","","","","","","","","",""
"2022/5/7","EQC-7329","13080","APL$7500","7500","5054","","","","","","","","","","","","","","","","","","","",""
"2022/5/7","NFK-2626","16765","機油750，齒輪油贈","750","295","","","","","","","","","","","","","","","","","","","",""
"2022/5/9","EPH-1282","21030","波佩樂(F)1900，BPM(F)800","2700","1520","","","","","","","","","","","","","","","","","","","",""
"2022/5/9","EMZ-9393","21941","AFAM前後齒2650，5H(銀)850","3500","1210","","","","","","","","","","","","","","","","","","","",""
"2022/5/9","EMG-9073","3553","前6162$2000，後TT93$2100","4100","2435","","","","","","","","","","","","","","","","","","","",""
"2022/5/10","ENP-1712","60460","SC(R)3000，PBF(R)1000","4000","2350","","","","","","","","","","","","","","","","","","","",""
"2022/5/10","MTG-2238","12868","波佩樂前後3800","3800","2200","","","","","","","","","","","","","","","","","","","",""
"2022/5/11","EPZ-3609","20273","APL$7500","7500","5054","","","","","","","","","","","","","","","","","","","",""
"2022/5/11","MCM-5957","64165","MAGAZI紫鑽2300","2300","1800","","","","","","","","","","","","","","","","","","","",""
"2022/5/11","EMY-3708","59425","9K700","","","","","","","","","","","","","","","","","","","","","",""
"2022/5/12","EPZ-3609","20290","EPIC側柱2100","2100","1100","","","","","","","","","","","","","","","","","","","",""
"2022/5/12","EMK-6810","33982","代工行車紀錄器+後車殼2200，MG1850訂金1000","2200","","","","","","","","","","","","","","","","","","","","",""
"2022/5/13","EMQ-7919","18729","TIonly螺絲440+320+500","1260","630","","","","","","","","","","","","","","","","","","","",""
"2022/5/13","EPG-0213","36670","直流電力盒5500","5500","3400","","","","","","","","","","","","","","","","","","","",""
"2022/5/13","EQM-1111","19767","工資9000，保養850","9850","850","","","","","","","","","","","","","","","","","","","",""
"2022/5/14","EQD-1880","7870","FASS矽膠握把1680，NCY加油管750，刷卡*1.05","2551","1783","","","","","","","","","","","","","","","","","","","",""
"2022/5/16","EPG-0681","11772","PBF(R)1100，BPM(F)800","1900","870","","","","","","","","","","","","","","","","","","","",""
"2022/5/16","EPF-5892","17794","PBF(R)1100，天使胎(F)2700，LMG皮帶組8800，外蓋內齒組13800，齒輪油200，左煞車開關490","27000","15500","","","","","","","","","","","","","","","","","","","",""
"2022/5/17","EMY-8010","11540","MAGAZI握把500，加油管400","900","323","","","","","","","","","","","","","","","","","","","",""
"2022/5/17","EQB-7753","16131","皮帶2400(含墊片，道路救援600，鈦螺絲300","1750","150","1550","","","","","","","","","","","","","","","","","","",""
"2022/5/18","EMH-0597","30589","勾片800，派克龍500，滑塊+調整螺絲2200，波佩樂(特)1700，鈦螺絲500，皮帶1800","7500","3952","","","","","","","","","","","","","","","","","","","",""
"2022/5/18","MJS-8371","23930","齒輪油200，水行俠(F)2400","2600","1500","","","","","","","","","","","","","","","","","","","",""
"2022/5/18","EMK-8612","32257","S98EV$2100","250","","1850","","","","","","","","","","","","","","","","","","",""
"2022/5/18","EQC-7329","13927","ZOO後齒43T$3500，5H$850，AFAM前齒750，EK黑金3500，羅柱850，螃蟹彈簧100贈，預載調整，大燈調整","9400","5560","","","","","","","","","","","","","","","","","","","",""
"2022/5/19","EQC-8276","5466","5H$850，LMG羅柱1200","2050","750","","","","","","","","","","","","","","","","","","","",""
"2022/5/20","EMG-6128","16274","清鍊條300","300","","","","","","","","","","","","","","","","","","","","",""
"2022/5/20","EMY-6936","11309","大牌背板1200，左煞車開關490，前段支架850，下內護蓋720，Apexx1950","4500","1900","710","","","","","","","","","","","","","","","","","","",""
"2022/5/20","EMY-2623","37042","USB工資800，卡座套管贈","800","","","","","","","","","","","","","","","","","","","","",""
"2022/5/21","EQB-8591","19886","清鍊條300","300","","","","","","","","","","","","","","","","","","","","",""
"2022/5/21","EMK-9916","26521","BPM(R)750","750","385","","","","","","","","","","","","","","","","","","","",""
"2022/5/21","ENP-6567","29754","USB工資800，","800","","","","","","","","","","","","","","","","","","","","",""
"2022/5/21","EMQ-7919","18980","Tistar中空5030，SKF(F)650，外內套管650，200","6530","4912","","","","","","","","","","","","","","","","","","","",""
"2022/5/23","EQC-7329","14370","鍍鈦碟盤螺絲*5/800","800","400","","","","","","","","","","","","","","","","","","","",""
"2022/5/23","EMG-6191","6089","珠晚2400+200，SKF(F)800，X2保護套600","3500","500","500","","","","","","","","","","","","","","","","","","",""
"2022/5/23","EPZ-8635","1287","黑準減振1990","1990","1083","","","","","","","","","","","","","","","","","","","",""
"2022/5/23","EMY-3086","35538","新雅充電1500","1500","680","","","","","","","","","","","","","","","","","","","",""
"2022/5/23","EQD-6170","2457","TT93(F)1700，(R)1800，鈦碟盤螺絲900，M50*1.25*2/560*2，墊片30*2","5580","4120","","","","","","","","","","","","","","","","","","","",""
"2022/5/24","EMY-8010","11692","新雅充電1600","1600","950","","","","","","","","","","","","","","","","","","","",""
"2022/5/24","MJQ-2370","21602","保養750，手機支架400，鈦螺絲460，魚目*2/1000，AC2前跌934，AB2後碟783，AC2加油管1200，下懸吊易格斯1850，通氣螺絲110，皮帶輪墊片294，鯊魚王110/70-12/1700，上懸吊臂飾蓋350，FrandoFCF684/4500，川歐卡座2500","12420","6330","3651","","","","","","","","","","","","","","","","","","",""
"2022/5/24","MPR-1835","47365","皮帶2000，Apexx拉桿1850，糯米腸550，波佩樂1900","6300","3350","","","","","","","","","","","","","","","","","","","",""
"2022/5/24","EQB-7753","16574","PBF(F)1000，PBF(R)1100，川歐後碟2800","4900","2300","","","","","","","","","","","","","","","","","","","",""
"2022/5/24","ENP-1817","28671","BPM(F)金屬1800","1800","1120","","","","","","","","","","","","","","","","","","","",""
"2022/5/25","EQD-6170","2482","電子油門6800，一踢及行200，鈦螺絲4690，墊片200，白鐵螺絲80","11870","6977","","","","","","","","","","","","","","","","","","","",""
"2022/5/26","EMQ-8168","28111","二手裸把3600，保護套600，CCD打火機140","4340","70","","","","","","","","","","","","","","","","","","","",""
"2022/5/26","EPZ-8056","1824","APL$7500","7500","5065","","","","","","","","","","","","","","","","","","","",""
"2022/5/27","EPS-0778","7129","RR後避震$4000，前後建大+主角價3000，BPM(R)750","7750","5337","","","","","","","","","","","","","","","","","","","",""
"2022/5/27","EQD-1880","8420","RR後避震$4000*1.05","4200","2864","","","","","","","","","","","","","","","","","","","",""
"2022/5/27","EQB-5101","29669","CITY(F)$2700，勾片800，BPM(F)800","1850","495","2450","","","","","","","","","","","","","","","","","","",""
"2022/5/28","MNB-5660","25923","後視鏡950，握把1650","1210","","1390","","","","","","","","","","","","","","","","","","",""
"2022/5/28","EPF-2358","9781","Apexx拉桿1950，刷卡","2000","1274","","","","","","","","","","","","","","","","","","","",""
"2022/5/28","EMX-9000","8996","EK黑金3500，波佩樂(R)1900，BPM(R)750","6150","3585","","","","","","","","","","","","","","","","","","","",""
"2022/5/28","EQB-9088","608","Apexx1950","1950","1250","","","","","","","","","","","","","","","","","","","",""
"2022/5/28","EMY-8909","4006","水行俠前100/80-14$2400，後110/70-13$2500，5H$特650","5550","3400","","","","","","","","","","","","","","","","","","","",""
"2022/5/30","EQB-2181","10803","3K/572，派克龍500","927","272","150","","","","","","","","","","","","","","","","","","",""
"2022/5/30","MNB-2002","18359","USB工資800","800","","","","","","","","","","","","","","","","","","","","",""
"2022/5/30","EMQ-3322","30182","彈簧工資贈","","","","","","","","","","","","","","","","","","","","","",""
"2022/5/30","EMY-8010","11889","波佩樂(R)1900","1900","1100","","","","","","","","","","","","","","","","","","","",""
"2022/5/30","EMY-2769","9384","黑準減震1990","1990","1083","","","","","","","","","","","","","","","","","","","",""
"2022/5/30","ENP-6573","13695","水行俠110/70-12$2000","2000","1350","","","","","","","","","","","","","","","","","","","",""
"2022/5/31","EQB-7753","16865","金屬油管5800，煞車油800","6600","2953","","","","","","","","","","","","","","","","","","","",""
"2022/5/31","EPG-0213","37565","皮帶調整，導角200","200","","","193211+15910","","","","","","","","","","","","","","","","","",""
"2022/6/1","NJU-7078","7985","FASS 握把2200","2200","1428","","","","","","","","","","","","","","","","","","","",""
"2022/6/1","EPR-2222","11617","MAGAZI後視鏡2800","2800","","","","","","","","","","","","","","","","","","","","",""
"2022/6/1","EQD-1832","2229","MAGAZI後視鏡2000","2000","","","","","","","","","","","","","","","","","","","","",""
"2022/6/1","EPF-6378","41474","BPM前碟3700，PBF(F)1000","4700","2850","","","","","","","","","","","","","","","","","","","",""
"2022/6/1","EQD-6170","2672","速系列13800，搖臂調整螺絲1000，FASS滾真2880","17680","","","","","","","","","","","","","","","","","","","","",""
"2022/6/2","EMJ-8860","28096","SKF(F)650，ZOO內外套管600+250","1500","","","","","","","","","","","","","","","","","","","","",""
"2022/6/4","ENP-3791","26437","DID鍊條油600，新雅置物690，清鍊條300","1590","","","","","","","","","","","","","","","","","","","","",""
"2022/6/4","EMD-3009","14613","中古ZOO一代2000，齒輪油200","2200","","","","","","","","","","","","","","","","","","","","",""
"2022/6/4","ENW-0888","","加高螺絲贈，反牙螺絲20","20","","","","","","","","","","","","","","","","","","","","",""
"2022/6/6","EMQ-2387","18742","BPM後750，緩衝橡膠250","1000","","","","","","","","","","","","","","","","","","","","",""
"2022/6/6","EMQ-8168","28198","開關650(刷卡","","","","","","","","","","","","","","","","","","","","","",""
"2022/6/6","EPF-8686","19764","車殼1000，左煞車開關490","0","","1490","","","","","","","","","","","","","","","","","","",""
"2022/6/7","EQD-1880","8870","BPM(F)800","800","385","","","","","","","","","","","","","","","","","","","",""
"2022/6/7","EQC-8000","4596","側住檔片450","450","","","","","","","","","","","","","","","","","","","","",""
"2022/6/8","EMH-0002","52956","牛角後視鏡2200，烤漆6300，CCD內管(含烤漆7800，PBF前碟4400，FASS矽膠+內管1680+400，AK550$6500，金屬油管2000，天使胎2700，牛角後靠背2280，主腳架1700，三角台2200，集風罩，培林贈，AFAM前齒750。","40910","","","","","","","","","","","","","","","","","","","","",""
"2022/6/9","EMJ-8860","29418","LMG$8800，波佩樂(R)1900，PBF(F)1000，BPM(R)750","12450","","","","","","","","","","","","","","","","","","","","",""
"2022/6/9","EQB-1917","10081","Pakelo齒輪油500","500","272","","","","","","","","","","","","","","","","","","","",""
"2022/6/10","EMQ-5222","17872","9K$672","","","","","","","","","","","","","","","","","","","","","",""
"2022/6/10","EPF-7999","11706","EK$2900","","","","","","","","","","","","","","","","","","","","","",""
"2022/6/10","EQB-2181","","ZOO卡座2000","2000","","","","","","","","","","","","","","","","","","","","",""
"2022/6/10","EMQ-2387","18875","油杯蓋螺絲*4贈，m50黑底紅$13500(含油管螺絲，代工廢sbs機構","13500","","","","","","","","","","","","","","","","","","","","",""
"2022/6/11","EQB-6293","17931","PBF(F)1000，PBF(R)1100","2100","","","","","","","","","","","","","","","","","","","","",""
"2022/6/11","EMY-3039","15160","加厚坐墊1800","1800","800","","","","","","","","","","","","","","","","","","","",""
"2022/6/11","EPF-1959","23737","清鍊條300","300","","","","","","","","","","","","","","","","","","","","",""
"2022/6/13","EMQ-6285","25743","皮帶調整","","","","","","","","","","","","","","","","","","","","","",""
"2022/6/13","EMQ-2387","18963","BPM前碟2700，舒適握把V2$800，NCY加油管750，後煞車處理，前碟盤螺絲鍍鈦*5/800","4250","","800","","","","","","","","","","","","","","","","","","",""
"2022/6/13","EQB-9027","16312","MAGAZI$500，NCY加油管750","1250","","","","","","","","","","","","","","","","","","","","",""
"2022/6/13","EMY-0061","23650","LMG$8800","8800","5500","","","","","","","","","","","","","","","","","","","",""
"2022/6/13","EMQ-7919","19809","鍛造卡夢車體前5000","5000","2800","","","","","","","","","","","","","","","","","","","",""
"2022/6/14","EMW-6060","8599","卡夢定風翼4800，卡夢左右開關5000，側住消音450，銘版200，6K/572，Tronracer後齒(特)2000，PBF(R)1100","13350","","772","","","","","","","","","","","","","","","","","","",""
"2022/6/14","EPF-0908","16849","皮帶調整","","","","","","","","","","","","","","","","","","","","","",""
"2022/6/14","EQD-6170","3072","8*40*4/1280，插銷550，開關1800，A2霧燈(+開關)4200。","7830","1","","","","","","","","","","","","","","","","","","","",""
"2022/6/15","EMJ-8860","30023","皮帶調整","","","","","","","","","","","","","","","","","","","","","",""
"2022/6/15","EPD-3001","18282","行車紀錄器工資2800，白鐵螺絲200，FASS握把6000","9000","","6000","","","","","","","","","","","","","","","","","","",""
"2022/6/16","EQB-2181","11104","卡座工資500，卡鉗代工1000，PBF後碟220$2800，ABS螺絲+墊片100，卡黃100，8*40*2/300，洩油200，墊片40，插銷200，8*25*2/180，Frandp直推5100","10520","","","","","","","","","","","","","","","","","","","","",""
"2022/6/16","EMQ-0891","71425","水行俠2500","2500","","","","","","","","","","","","","","","","","","","","",""
"2022/6/16","ENP-6567","31267","110/70-12波佩樂1900","1900","","","","","","","","","","","","","","","","","","","","",""
"2022/6/16","EMD-6067","25560","皮帶調整。","","","","","","","","","","","","","","","","","","","","","",""
"2022/6/16","EQC-7329","14727","BPM(F)1700","1700","","","","","","","","","","","","","","","","","","","","",""
"2022/6/17","EPF-9388","25142","601$2600，後避震工資200，PBF(F)950","3750","","","","","","","","","","","","","","","","","","","","",""
"2022/6/18","EPU-0823","6","小蜂鷹7990，後鏡頭支架300，線組150，KOSO置物箱1100","9540","","","","","","","","","","","","","","","","","","","","",""
"2022/6/20","ENP-2076","8989","原廠11723，後視鏡2000，水行俠110/70-12$2050，BPM(R)750，中古前叉1800，昌泰風鏡1900","8500","","11700","","","","","","","","","","","","","","","","","","",""
"2022/6/22","ERG-3776","5050","皮帶調整","","","","","","","","","","","","","","","","","","","","","",""
"2022/6/22","EQC-0506","10570","派克龍500，訂金16400","500","","","","","","","","","","","","","","","","","","","","",""
"2022/6/22","EMQ-0891","71816","Frando輻射4800，煞車油400","5200","","","","","","","","","","","","","","","","","","","","",""
"2022/6/22","EQB-5101","31998","皮帶保固","","","","","","","","","","","","","","","","","","","","","",""
"2022/6/22","EQD-6170","3854","派克龍500","500","","","","","","","","","","","","","","","","","","","","",""
"2022/6/23","EMJ-8860","31439","備用電池1300，水泵1800","","","3100","","","","","","","","","","","","","","","","","","",""
"2022/6/23","ENP-9952","15171","3K600，後輪1700","","","2300","","","","","","","","","","","","","","","","","","",""
"2022/6/23","EQB-7753","17941","3K900","","","900","","","","","","","","","","","","","","","","","","",""
"2022/6/24","EQB-5096","25306","CMSR100/80-14$2500，前輪外套管650","3150","","","","","","","","","","","","","","","","","","","","",""
"2022/6/24","EQC-6211","4173","前油管+墊片2000，BPM(F)1300，PBF(R)1100","4400","","","","","","","","","","","","","","","","","","","","",""
"2022/6/24","EPF-6378","43097","BPM後碟2000，BPM(R)750","2750","","","","","","","","","","","","","","","","","","","","",""
"2022/6/25","MPN-0003","11304","RR後避震4000","4000","2800","","","","","","","","","","","","","","","","","","","",""
"2022/6/25","EMQ-7919","","RPM倒叉36000，凱瑞斯三角台10000-4000(折抵，轉向軸承2000，凱瑞斯把手座7800，GOWORKS卡夢把手3900，派克龍600，防爆水管3500，FASS握把套2080，風鏡組1800，鍛造卡夢風鏡2000，左右車體鍛造卡夢7000，中柱彈簧150，","83230","","","","","","","","","","","","","","","","","","","","",""
"2022/6/27","EQD-1880","10197","CCD內管組6800","6800","","","","","","","","","","","","","","","","","","","","",""
"2022/6/27","ENP-9952","15489","代工800","800","","","","","","","","","","","","","","","","","","","","",""
"2022/6/28","EPF-0911","18472","皮帶調整，油門縣650","","","650","","","","","","","","","","","","","","","","","","",""
"2022/6/28","EPF-5375","21012","LMG$8800","8800","5500","","","","","","","","","","","","","","","","","","","",""
"2022/6/29","EMQ-7919","","手機架1550","1550","","","","","","","","","","","","","","","","","","","","",""
"2022/6/29","MPN-0003","11384","大蜂鷹295$9990，5H$850，EK$2900","10840","","2900","","","","","","","","","","","","","","","","","","",""
"2022/6/29","EQV-6666","8634","代工600，NCY加油管750，糯米腸450","1800","","","","","","","","","","","","","","","","","","","","",""
"2022/6/30","EMH-0597","34489","PBF(R)1100，保護套600，6K427","1700","","427","","","","","","","","","","","","","","","","","","",""
"2022/6/30","MCS-0830","112009","6162$2000，BPM/205MM$2700，YX卡座1700，8*25/180，黑底紅7500，金屬油管2500，超速拉桿1500，","18080","","","","","","","","","","","","","","","","","","","","",""
"2022/6/30","EPF-1551","6297","5H$850，波佩樂(R)1900","2750","1500","","","","","","","","","","","","","","","","","","","",""
"2022/6/30","NFK-2626","17579","KOSO牌版700，5W40$750","1450","","","","","","","","","","","","","","","","","","","","",""
"2022/6/30","EPF-0131","11022","二手絞鍊500","500","","110","","","","","","","","","","","","","","","","","","",""
"2022/6/30","MJB-7526","31673","RPM對四3800，煞車油300，NFD$3100，魚目+油管螺絲贈，通氣孔螺絲110","7200","","358390","","","","","","","","","","","","","","","","","","",""
"2022/7/1","EMW-6060","8772","車殼烤漆3200","3200","2000","","","","","","","","","","","","","","","","","","","",""
"2022/7/1","EMW-6315","18210","糯米腸+加油管850，中古車殼2400，惡搞把(鋁合金2100，油門線680，ZOO上移4500，襯版200","9850","","880","","","","","","","","","","","","","","","","","","",""
"2022/7/2","EMY-7692","16677","皮帶調整","","","","","","","","","","","","","","","","","","","","","",""
"2022/7/2","MHQ-6100","37921","6K$427，MAGAZI500","500","300","427","","","","","","","","","","","","","","","","","","",""
"2022/7/2","EPG-0213","39609","APEXX外掛式2480/zoo大牌上移4500/大牌框1200/接線800","8980","","","","","","","","","","","","","","","","","","","","",""
"2022/7/2","EMQ-7919","20127","Proti 165x2=330/工資100/","430","","","","","","","","","","","","","","","","","","","","",""
"2022/7/3","EQB-7599","32807","工資200","200","","","","","","","","","","","","","","","","","","","","",""
"2022/7/5","MKW-7623","18610","加油管400/烤漆6300/儀表套650/裸把1490/粿把座2790/油門線650/牌照燈贈/轉向照地2300/油杯套450/徽標S2 240， 工資1000","16030","","","","","","","","","","","","","","","","","","","","",""
"2022/7/5","EQB-5101","33260","Apexx拉稈1850","1850","1250","","","","","","","","","","","","","","","","","","","",""
"2022/7/5","EWD-8102","17666","9NB一對5800*2/11600，","9750","","","","","","","","","","","","","","","","","","","","",""
"2022/7/5","ENP-8305","17304","波沛樂1900","1900","1000","","","","","","","","","","","","","","","","","","","",""
"2022/7/6","EMY-1213","28028","APL$7500/","7500","5056","","","","","","","","","","","","","","","","","","","",""
"2022/7/6","EMY-2253","33312","AFAM前後齒盤2650/5H藍850/螺柱1200/培林850/握把套550","6100","","","","","","","","","","","","","","","","","","","","",""
"2022/7/6","EQD-2586","8087","FASS矽膠1680/SB後避震2000/工資1200","4880","","","","","","","","","","","","","","","","","","","","",""
"2022/7/6","ERE-6666","30557","接線500","500","","","","","","","","","","","","","","","","","","","","",""
"2022/7/6","ERF-2193","10496","清潔400/前來令1000","1400","","","","","","","","","","","","","","","","","","","","",""
"2022/7/7","EMH-0597","35212","NCY260.4000/BPM前對四1100","5000","","","","","","","","","","","","","","","","","","","","",""
"2022/7/7","EMT-8709","9973","","","","","","","","","","","","","","","","","","","","","","",""
"2022/7/7","EMD-6067","25801","勾片800","800","","","","","","","","","","","","","","","","","","","","",""
"2022/7/7","MGD-5251","19738","BPM(R)750/刷卡","750","","","","","","","","","","","","","","","","","","","","",""
"2022/7/8","EQB-6293","19002","水行俠(F)2400/EV(R)2300/LMaG8800/內齒6800/勾片800/Pakelo600","20900","","","","","","","","","","","","","","","","","","","","",""
"2022/7/8","EMH-5819","7415","P800(R)1900/5H(黑)1850/","3750","","","","","","","","","","","","","","","","","","","","",""
"2022/7/8","EMK-8612","32618","省力中柱1800","1800","","","","","","","","","","","","","","","","","","","","",""
"2022/7/8","EQD-9387","1102","減震1990","1990","","","","","","","","","","","","","","","","","","","","",""
"2022/7/8","ERF-2958","19","Zoo上移4500/後擋泥3500/黑準1600","9600","","","","","","","","","","","","","","","","","","","","",""
"2022/7/8","NFN-9509","4693","川歐卡座1800+500/代工1000/螺絲160X2=320/卸油螺絲450/內管組7200/","11270","","","","","","","","","","","","","","","","","","","","",""
"2022/7/8","EMF-1859","44747","油門線680/後碟2000/道救1000/後來令950/保養833","5463","","","","","","","","","","","","","","","","","","","","",""
"2022/7/9","EPF-6378","44469","USB工資800/","800","","","","","","","","","","","","","","","","","","","","",""
"2022/7/9","ENP-3791","2768","油門線680/大保1700/BPM(R)750/9K 793/PBF(R)950","4927","","","","","","","","","","","","","","","","","","","","",""
"2022/7/9","EMJ-8860","8150","齒輪油/200","200","","","","","","","","","","","","","","","","","","","","",""
"2022/7/11","EMQ-9783","16975","CCD+外管7800/珠碗2000/大保1700/PBF(F)1000/三角台.碟盤.卡鉗/","12400","","","","","","","","","","","","","","","","","","","","",""
"2022/7/11","ERF-2290","4","代工500/6X20大牌320","820","","","","","","","","","","","","","","","","","","","","",""
"2022/7/11","EMG-6357","39995","BPM(R)750/Magazi500/前P800.1900/","3150","","","","","","","","","","","","","","","","","","","","",""
"2022/7/11","NCF-1366","8095","S98(R)2050","2050","","","","","","","","","","","","","","","","","","","","",""
"2022/7/12","EQB-2181","11452","PBF2800/油管(透明紅)7800/M10紅X2.60/FMF-130.5100/紅油杯蓋1000/鋁合金油管螺絲400/油管墊片(紅)*16=320/工資(龍頭)800/卸油螺絲前後600/M6墊片6*25(贈)","18960","","","","","","","","","","","","","","","","","","","","",""
"2022/7/13","EPR-2222","14522","601.2600/查修600","3200","","","","","","","","","","","","","","","","","","","","",""
"2022/7/13","EWP-2731","1386","黑準(防盜)特1700","1700","","","","","","","","","","","","","","","","","","","","",""
"2022/7/13","EMK-6810","35590","Frando(F)粉皮700","700","","","","","","","","","","","","","","","","","","","","",""
"2022/7/14","EPF-6566","27409","LMG內齒6800皮帶組8800/BPM前碟3700/BMP金屬1700/PBF(R)1100/齒輪油200/左煞開關","23522","","","","","","","","","","","","","","","","","","","","",""
"2022/7/14","EMQ-2017","84028","電子油門6800/BPM前碟2400/PBF(F)1300/鍍鉻碟盤螺絲800/FASS握把1680+200","13000","","","","","","","","","","","","","","","","","","","","",""
"2022/7/15","EMG-3931","20755","珠碗2000/油線650/龍頭橡皮(贈)","2650","","","","","","","","","","","","","","","","","","","","",""
"2022/7/16","EPG-7770","11264","APEXX拉桿1850","1850","","","","","","","","","","","","","","","","","","","","",""
"2022/7/16","MCS-0830","112866","後卡5800/風嘴1000/後碟2800/後卡座3800/油管3500/TT93.2150","19650","","","","","","","","","","","","","","","","","","","","",""
"2022/7/16","EQB-7753","19216","6162+3%","2163","","","","","","","","","","","","","","","","","","","","",""
"2022/7/16","EMG-9298","35539","3K.527/齒輪油200/前PBF來令1200","1927","","","","","","","","","","","","","","","","","","","","",""
"2022/7/16","EMY-7581","4174","9K.772/100.90.12XR1.2400","3172","","","","","","","","","","","","","","","","","","","","",""
"2022/7/18","EMQ-7919","20426","皮帶1800+200/鈦螺絲1120/SC(R)3100","6220","","","","","","","","","","","","","","","","","","","","",""
"2022/7/18","EMD-1593","","PBF(F)1300","1300","","","","","","","","","","","","","","","","","","","","",""
"2022/7/19","EPF-0911","18931","水行俠(R)2500/SY主腳架1800","4429","","","","","","","","","","","","","","","","","","","","",""
"2022/7/19","EQD-1829","6962","PBF(R)900","900","","","","","","","","","","","","","","","","","","","","",""
"2022/7/19","EQB-2181","11452","油線650/前齒工資250/工資300/洩油(鈦)120/卡鉗軟套40","1360","","","","","","","","","","","","","","","","","","","","",""
"2022/7/20","EQB-8209","4060","VIVA內管4200","4326","","","","","","","","","","","","","","","","","","","","",""
"2022/7/20","EMY-0287","42720","Zoo上移4500/牌襯200/前齒750","5450","","","","","","","","","","","","","","","","","","","","",""
"2022/7/20","EQC-7111","5556","火箭2.0+ABS10100/火箭(R)4200/特外8x20x2.540/LD照地燈2300/BPM前碟2700/鍍鈦側柱2600/巴風特握把套1200/6x20SFx2.480/洩油螺絲340/8x35x2.640/8x50.420/8x30.320","25880","","","","","","","","","","","","","","","","","","","","",""
"2022/7/21","EPS-0778","8988","Z1前避震(黑)6500/前剎油(贈)/Posi後靠背2580","9080","","","","","","","","","","","","","","","","","","","","",""
"2022/7/21","EMG-9085","20389","鍊條保養","300","","","","","","","","","","","","","","","","","","","","",""
"2022/7/22","EPS-9979","1383","GO1 FASS風鏡4580","4,580","","","","","","","","","","","","","","","","","","","","",""
"2022/7/22","EQB-8209","4099","SS火箭®4532","4,532","","","","","","","","","","","","","","","","","","","","",""
"2022/7/23","EMP-5172","28843","代工800/銘牌100","900","","","","","","","","","","","","","","","","","","","","",""
"2022/7/25","EPF-0908","","Zoo上移(特)3500","3,500","","","","","","","","","","","","","","","","","","","","",""
"2022/7/25","MTG-2238","15865","9K772/BPM®750","1,522","","","","","","","","","","","","","","","","","","","","",""
"2022/7/25","EMY-2623","40354","6k.572","572","","","","","","","","","","","","","","","","","","","","",""
"2022/7/25","EMK-6810","","前卡+碟盤/油管/後來令/易格斯/後視鏡/3K/舒適握把","8,713","","","","","","","","","","","","","","","","","","","","",""
"2022/7/25","EPF-8231","20475","S98+2700/LMG皮帶訂金5000","7,700","","","","","","","","","","","","","","","","","","","","",""
"2022/7/26","EMQ-2387","19757","代工200","200","","","","","","","","","","","","","","","","","","","","",""
"2022/7/26","ERF-1572","2988","EPIC側柱1800","1,800","","","","","","","","","","","","","","","","","","","","",""
"2022/7/26","EMZ-8203","22556","AFAM(15/41)2650/5H(850/螺柱1200/煞車油800/齒輪油200/清鍊條300","6,000","","","","","","","","","","","","","","","","","","","","",""
"2022/12/9","EMH-0597","36444","加速器5000，小鴨尾1400，油門導線600","7000","","","","","","","","","","","","","","","","","","","","",""
"2022/7/28","MCS-3938","13509","後照鏡1800/黑隼2100","3,900","","","","","","","","","","","","","","","","","","","","",""
"2022/7/28","ENP-1817","30565","AFAM前齒750/小閃®2800/ Zoo後齒2200","5,750","","","","","","","","","","","","","","","","","","","","",""
"2022/7/28","EMY-8312","64317","方天畫戟戟手機座3500","3,500","","","","","","","","","","","","","","","","","","","","",""
"2022/7/28","EMH-0597","37079","6K(427/Pakelo齒輪油600","1,027","","","","","","","","","","","","","","","","","","","","",""
"2022/7/28","EMF-0209","102060","主腳架強化組300/代工200","500","","","","","","","","","","","","","","","","","","","","",""
"2022/7/29","ENZ-9886","605","黑隼","","","","","","","","","","","","","","","","","","","","","",""
"2022/7/30","EMY-1575","29070","置中","","","","","","","","","","","","","","","","","","","","","",""
"2022/7/30","MJU-0915","11795","Zoo外套(F)650/SKF(f)650","1300","37","","","","","","","","","","","","","","","","","","","",""
"2022/8/1","ENP-1085","69259","後T外盤","1,800","","","","","","","","","","","","","","","","","","","","",""
"2022/8/1","EPN-3535","6094","鍊條保養/H2油管/糯米腸","1,300","","","","","","","","","","","","","","","","","","","","",""
"2022/8/2","MHQ-9190","36370","皮帶/city前輪/珠碗","6,700","","","","","","","","","","","","","","","","","","","","",""
"2022/8/2","EPQ-0555","8548","B牌黑底紅/Zoo卡座/CMSR/Zoo外套(F)/Zoo外套®/Fass椅墊/螺絲/油/銅墊","18,520","","","","","","","","","","","","","","","","","","","","",""
"2022/8/2","EQD-0335","515","鍊條保養","350","","","","","","","","","","","","","","","","","","","","",""
"2022/8/2","EQB-7590","24327","後來令/前來令/6K/卡簧插銷萬用+滲透","8,000","","","","","","","","","","","","","","","","","","","","",""
"2022/8/3","EQB-1917","11042","City®(刷卡)City(F)","5,450","","","","","","","","","","","","","","","","","","","","",""
"2022/8/3","EQB-8591","24612","後碟/BPM®","1,550","","","","","","","","","","","","","","","","","","","","",""
"2022/8/3","MQA-1566","11765","後輪","1,900","","","","","","","","","","","","","","","","","","","","",""
"2022/8/4","EPF-0306","614","拉桿","2,000","","","","","","","","","","","","","","","","","","","","",""
"2022/8/4","MCV-3782","50334","固滿德®","1,700","","","","","","","","","","","","","","","","","","","","",""
"2022/8/4","EQC-6993","5844","F牌對四/固定碟220m/對四卡座/卡座本體+插銷鍍鈦/前輪軸鍍鈦/銅墊/碟盤螺絲鍍鈦/M10x25","11,140","","","","","","","","","","","","","","","","","","","","",""
"2022/8/5","EQB-6293","20026","皮帶調整","0","","","","","","","","","","","","","","","","","","","","",""
"2022/8/5","EMU-3786","","(X)能螺柱BPM(F)(特)鋁合金小圓鏡","4,800","","","","","","","","","","","","","","","","","","","","",""
"2022/8/5","EQB-7753","20503","保養/拉桿/Gpro框/","34,200","","","","","","","","","","","","","","","","","","","","",""
"2022/8/5","MLY-1000","13034","6906/","1,200","","","","","","","","","","","","","","","","","","","","",""
"2022/8/5","EPU-0823","1582","後視鏡/CCD15%/拉桿/外套管/前碟/碟盤螺絲鍍黑/","15,755","","","","","","","","","","","","","","","","","","","","",""
"2022/8/8","215-KGH","62411","登樂(後)120/70-12/","1,800","","","","","","","","","","","","","","","","","","","","",""
"2022/8/8","EMJ-8860","37926","皮帶調整前來令後來令","1,550","","","","","","","","","","","","","","","","","","","","",""
"2022/8/8","EPZ-2306","10789","9K/登樂101(前)/登樂101(後)/","3,500","","","","","","","","","","","","","","","","","","","","",""
"2022/8/9","MGE-1119","55973","TT93(後)/F牌前來令","3,350","","","","","","","","","","","","","","","","","","","","",""
"2022/8/10","EMY-0061","24728","皮帶調整1K/側柱消音墊/水行俠後輪","2,500","","","","","","","","","","","","","","","","","","","","",""
"2022/8/10","EMQ-8007","18600","皮帶調整","0","","","","","","","","","","","","","","","","","","","","",""
"2022/8/10","EPG-9963","12003","黑隼套管","1,890","","","","","","","","","","","","","","","","","","","","",""
"2022/8/10","EQC-1036","5539","RPMSII/CCD內管6K/","13,372","","","","","","","","","","","","","","","","","","","","",""
"2022/8/10","EQB-5101","36341","皮帶調整","0","","","","","","","","","","","","","","","","","","","","",""
"2022/8/10","EMH-0597","38318","LMG","8,800","","","","","","","","","","","","","","","","","","","","",""
"2022/8/11","EPF-3599","65","代工後視鏡引出線","1,550","","","","","","","","","","","","","","","","","","","","",""
"2022/8/11","MPP-1230","35375","波沛樂(特)/子彈袋(贈)","1,700","","","","","","","","","","","","","","","","","","","","",""
"2022/8/12","MBA-8888","13600","工資","500","","","","","","","","","","","","","","","","","","","","",""
"2022/8/15","EMQ-7919","22203","派克龍","600","","","","","","","","","","","","","","","","","","","","",""
"2022/8/13","EMQ-9956","140746","皮帶異常6W/BPM(F)/齒輪油","950","","","","","","","","","","","","","","","","","","","","",""
"2022/8/13","ENP-7356","17387","皮帶調整6K/武川(F)/水行俠100/90-12","3,100","","","","","","","","","","","","","","","","","","","","",""
"2022/8/13","EPF-0911","19447","三角台+XT倒叉+碟盤外移轉接+轉向軸承+改12mm套件/M50(銀底紅)/金屬油管/卡夢土除/煞車油(前)(後)/PBF碟盤M10迴油/8x25x/6x25/10x50/6x20","82,200","","","","","","","","","","","","","","","","","","","","",""
"2022/8/13","EQD-2359","2272","座墊工資","100","","","","","","","","","","","","","","","","","","","","",""
"2022/8/13","EPF-5782","20788","皮帶調整/後輪倒角","","","","","","","","","","","","","","","","","","","","","",""
"2022/8/13","EPU-0823","1811","前叉調整/後鏡套筒","","","","","","","","","","","","","","","","","","","","","",""
"2022/8/13","EQB-8209","4890","POSI後扶手(P車)","2,657","","","","","","","","","","","","","","","","","","","","",""
"2022/8/19","ERF-3173","1124","工資/大燈取電/飾桿V3","2,200","","","","","","","","","","","","","","","","","","","","",""
"2022/8/18","EMQ-9956","141158","LMG","8,800","","","","","","","","","","","","","","","","","","","","",""
"2022/8/18","326-TJA","","黑隼(減震無防盜)","1,830","","","","","","","","","","","","","","","","","","","","",""
"2022/8/17","EMQ-2017","87716","工資/強化喇叭/APL/螃蟹彈簧/BPM®/150x3/80/160x2/140x3/喇叭","17,130","","","","","","","","","","","","","","","","","","","","",""
"2022/8/17","ENP-1817","31255","PBF245","4,500","","","","","","","","","","","","","","","","","","","","",""
"2022/8/17","EPG-7511","56351","代工","300","","","","","","","","","","","","","","","","","","","","",""
"2022/8/17","EMQ-7919","22370","後碟PBF","2,700","","","","","","","","","","","","","","","","","","","","",""
"2022/8/17","EMY-6633","58338","後套管","1,350","","","","","","","","","","","","","","","","","","","","",""
"2022/8/16","EPF-7715","15330","波沛樂(F)/SKF6201/Zoo前內套管","3,400","","","","","","","","","","","","","","","","","","","","",""
"2022/8/16","EMQ-7919","22203","前Frando/後Frando/18K/中古後視鏡","3,400","","","","","","","","","","","","","","","","","","","","",""
"2022/8/19","ERF-3173","1124","工資/大燈取電/飾桿V3","2200","","","","","","","","","","","","","","","","","","","","",""
"2022/8/20","EPF-5375","22118","皮帶3K調整City(R)BPM(R)","3,550","","","","","","","","","","","","","","","","","","","","",""
"2022/8/20","EMY-2253","35502","蝸牛/保險絲3A","1,350","","","","","","","","","","","","","","","","","","","","",""
"2022/8/20","EQC-8186","16646","M50/BPM/FASS握把/NCY加油/煞車油/10x50x2","20,040","","","","","","","","","","","","","","","","","","","","",""
"2022/8/22","EMP-1870","9412","珠碗/糯米腸/油內管","2,850","","","","","","","","","","","","","","","","","","","","",""
"2022/8/22","EQD-1029","","KOSO飛旋","2,100","","","","","","","","","","","","","","","","","","","","",""
"2022/8/22","ENP-2203","11389","黑隼","1,600","","","","","","","","","","","","","","","","","","","","",""
"2022/8/22","EMQ-5980","12848","Hdcorse後視黑隼CNC後擋泥","7,490","","","","","","","","","","","","","","","","","","","","",""
"2022/8/22","EPD-9696","4722","黑隼","1,600","","","","","","","","","","","","","","","","","","","","",""
"2022/8/23","EQR-2522","1132","黑隼","1,990","","","","","","","","","","","","","","","","","","","","",""
"2022/8/23","ERF-3173","1353","Magazi端子鏡/白鐵螺絲","2,500","","","","","","","","","","","","","","","","","","","","",""
"2022/8/23","ENP-2203","11472","糯米腸/加油管","850","","","","","","","","","","","","","","","","","","","","",""
"2022/8/24","EPG-0213","40277","18K/BPM來令/BPM180mm","4,450","","","","","","","","","","","","","","","","","","","","",""
"2022/8/24","EMQ-0891","75570","BPM後來令/18K","2,449","","","","","","","","","","","","","","","","","","","","",""
"2022/8/25","EPF-8231","21055","LMG速系列","13,800","","","","","","","","","","","","","","","","","","","","",""
"2022/8/25","EQD-5810","7062","BPM後碟/BPM(F)/BPM®/6162/TT93","7,850","","","","","","","","","","","","","","","","","","","","",""
"2022/8/25","EQB-5101","37871","NCY後碟190mm/BPM®後來令/後輪city/油壓式/煞車油/BPM前碟/BPM(F)","10,150","","","","","","","","","","","","","","","","","","","","",""
"2022/8/26","ERF-0306","762","支架","850","","","","","","","","","","","","","","","","","","","","",""
"2022/8/26","EMQ-7919","23092","鉤片","800","","","","","","","","","","","","","","","","","","","","",""
"2022/8/29","MQM-5237","28738","MT201+/鍊條清潔(贈)","2,500","","","","","","","","","","","","","","","","","","","","",""
"2022/8/29","EMJ-8860","40528","皮帶調整","","","","","","","","","","","","","","","","","","","","","",""
"2022/8/29","EPG-7511","56988","AFAM後齒/EK黑金/EV110/70-12/輪心墊片/5H內墊片/C扣","7,950","","","","","","","","","","","","","","","","","","","","",""
"2022/8/30","EMY-0287","44255","後視鏡/端子","2,700","","","","","","","","","","","","","","","","","","","","",""
"2022/8/30","EPG-0119","20546","NCY190/PBF/皮帶/後外套管/後內套管/前外套管/前內/6301+6201/6301x2","9,650","","","","","","","","","","","","","","","","","","","","",""
"2022/8/31","EPG-0213","40691","仿賽把/拉桿/油門線/正電引出線/喇叭/開關/套管","19,480","","","","","","","","","","","","","","","","","","","","",""
"2022/8/31","NFK-2626","18068","機油5w40+齒輪油","850","","","","","","","","","","","","","","","","","","","","",""
"2022/8/31","EMQ-8007","18739","前輪","1,900","","","","","","","","","","","","","","","","","","","","",""
"2022/8/31","EQD-3950","21927","飛旋/Y架","2,200","","","","","","","","","","","","","","","","","","","","",""
"2022/8/31","EMH-0597","40271","3K","500","","","","","","","","","","","","","","","","","","","","",""
"2022/8/31","EPF-9388","27055","M後輪-BPM®","3,300","447537","","","","","","","","","","","","","","","","","","","",""
"2022/9/1","EMQ-2017","89199","內管組/珠碗/PBF前來令/前外套管/本體螺","12,350","","","","","","","","","","","","","","","","","","","","",""
"2022/9/1","EPG-0213","40753","油杯套","350","","","","","","","","","","","","","","","","","","","","",""
"2022/9/1","EMH-0597","40339","煞車開關/煞車油/Frando前來令","3,100","","","","","","","","","","","","","","","","","","","","",""
"2022/9/1","EPG-0213","40700","後視鏡","1,200","","","","","","","","","","","","","","","","","","","","",""
"2022/9/2","EPD-3001","21164","水行俠100/90-12/水行俠110/70-12/Frando®/絞鍊","6,200","","","","","","","","","","","","","","","","","","","","",""
"2022/9/2","EMP-1105","4011","鍍鈦前後輪心/握把套/卡夢風鏡","3,450","","","","","","","","","","","","","","","","","","","","",""
"2022/9/2","ERH-0390","125","SBS/銅墊片","2,700","","","","","","","","","","","","","","","","","","","","",""
"2022/9/2","EMP-6280","43010","代工/油門線","950","","","","","","","","","","","","","","","","","","","","",""
"2022/9/3","EWH-1231","2112","R+後避震","7,100","","","","","","","","","","","","","","","","","","","","",""
"2022/9/3","EMQ-7280","24314","水行俠100/90-12/水行俠110/70-12","4,000","","","","","","","","","","","","","","","","","","","","",""
"2022/9/5","EPZ-9706","965","279/取線","8,490","","","","","","","","","","","","","","","","","","","","",""
"2022/9/6","MCS-3938","14309","儀表維修/超速拉桿/煞車開關","4,550","","","","","","","","","","","","","","","","","","","","",""
"2022/9/6","ENP-1817","32452","後碟/後來令","3,900","","","","","","","","","","","","","","","","","","","","",""
"2022/9/6","EQC-8000","6158","PBF後來令","900","","","","","","","","","","","","","","","","","","","","",""
"2022/9/6","EMQ-7919","23872","後避震保養","12,000","","","","","","","","","","","","","","","","","","","","",""
"2022/9/6","ERF-3173","1807","工資","800","","","","","","","","","","","","","","","","","","","","",""
"2022/9/7","ENP-9952","18196","修/上移/外掛土除/惡搞把/後碟/後來令/加速器/FASS握把套/6K/下內左後橡皮/前來令","31,679","","","","","","","","","","","","","","","","","","","","",""
"2022/9/8","ENP-3791","29732","左後視鏡(原廠)","371","","","","","","","","","","","","","","","","","","","","",""
"2022/9/8","EMH-0690","38839","皮帶/後碟","10,800","","","","","","","","","","","","","","","","","","","","",""
"2022/9/8","EQB-7753","22650","皮帶+皮帶輪/M8x20F","7,500","","","","","","","","","","","","","","","","","","","","",""
"2022/9/8","MCU-7628","136593","保養前來令","1,200","","","","","","","","","","","","","","","","","","","","",""
"2022/9/10","EMH-0558","22317","皮帶調整","0","","","","","","","","","","","","","","","","","","","","",""
"2022/9/10","EPV-0823","2816","GIIZERO","9,800","","","","","","","","","","","","","","","","","","","","",""
"2022/9/13","EMQ-7919","24398","前來令前碟卡座(借)新版下擾流(S2)(待料)下內(待料)腳踏板蓋(待料)腳踏式蓋(待料)Tidrill長板飛翼(待料)卡座(待料)","5,600","","","","","","","","","","","","","","","","","","","","",""
"2022/9/14","EMJ-8860","4929","內齒","6,800","","","","","","","","","","","","","","","","","","","","",""
"2022/9/14","EQB-2181","12247","皿頭正鈦牙套","1,570","","","","","","","","","","","","","","","","","","","","",""
"2022/9/14","EMQ-0185","19155","皮帶調整/油門線/水行俠110/70-12/SKF培林","3,550","","","","","","","","","","","","","","","","","","","","",""
"2022/9/14","ENS-5372","4922","皮帶","8800","","","","","","","","","","","","","","","","","","","","",""
"2022/9/15","EMQ-6032","22925","後輪","2,500","","","","","","","","","","","","","","","","","","","","",""
"2022/9/15","EMJ-8860","42479","後輪/前來令/皮帶調整","2,700","","","","","","","","","","","","","","","","","","","","",""
"2022/9/16","ERF-5937","80","黑隼","1,800","","","","","","","","","","","","","","","","","","","","",""
"2022/9/16","EMQ-1987","46037","前碟220PBF/後碟/前來令/後來令/後輪","7,720","","","","","","","","","","","","","","","","","","","","",""
"2022/9/16","EMY-7628","9933","左總泵","1,400","","","","","","","","","","","","","","","","","","","","",""
"2022/9/16","MNB-2002","33652","前來令/","750","","","","","","","","","","","","","","","","","","","","",""
"2022/9/16","EPF-0911","20078","M6x20B/中柱/前SC/M8x16B/M825B","5,370","","","","","","","","","","","","","","","","","","","","",""
"2022/9/19","MKW-1780","12523","大保/AFAM/5H/中古後煞車總泵/螺柱","7,550","","","","","","","","","","","","","","","","","","","","",""
"2022/9/20","ERC-8312","2031","飛機把/鈦螺絲/拉桿/加速器","27,150","","","","","","","","","","","","","","","","","","","","",""
"2022/9/20","MPR-5309","23611","內齒/皮帶","15,600","","","","","","","","","","","","","","","","","","","","",""
"2022/9/20","EPS-0778","11027","PBF前/PBF後","2,200","","","","","","","","","","","","","","","","","","","","",""
"2022/9/20","EQD-1880","15440","後來令/前來令","2,100","","","","","","","","","","","","","","","","","","","","",""
"2022/9/20","EMJ-1891","19793","EK/5H/AFAM/後碟/後來令","9,300","","","","","","","","","","","","","","","","","","","","",""
"2022/9/21","EMF-2758","17403","EK/AFAM前T/5H(銀)","4,600","","","","","","","","","","","","","","","","","","","","",""
"2022/9/21","EQB-7753","22844","M6x20LF連桿軸心M8x30大頭M6x25x2B6x20B5x20x6B6x16x2B工資","5,440","","","","","","","","","","","","","","","","","","","","",""
"2022/9/21","MCH-6009","17866","代工/S98sport/Frando®","5,900","","","","","","","","","","","","","","","","","","","","",""
"2022/9/21","EMX-9503","16357","EK/5H/AFAM/代工.螺柱","6,550","","","","","","","","","","","","","","","","","","","","",""
"2022/9/21","EMH-0597","41783","左開關總成/後輪","3,900","","","","","","","","","","","","","","","","","","","","",""
"2022/9/21","EPF6855","23245","轉向照地燈/後輪/前來令","5,600","","","","","","","","","","","","","","","","","","","","",""
"2022/9/22","MCS-3938","14649","FASS椅墊","4,980","","","","","","","","","","","","","","","","","","","","",""
"2022/9/22","EQB-1917","11745","BPM前","1,800","","","","","","","","","","","","","","","","","","","","",""
"2022/9/22","EQB-2181","12433","代工","400","","","","","","","","","","","","","","","","","","","","",""
"2022/9/22","EQD-0572","18448","AFAM/5H","3,650","","","","","","","","","","","","","","","","","","","","",""
"2022/9/22","ENJ-0383","24252","黑隼/套管","1,950","","","","","","","","","","","","","","","","","","","","",""
"2022/9/23","ENP-3791","30076","鍊條清潔","300","","","","","","","","","","","","","","","","","","","","",""
"2022/9/23","EWS-2222","544","後避震/工資","7,100","","","","","","","","","","","","","","","","","","","","",""
"2022/9/23","ENP-7166","9174","水行俠F$2300/101®$1800/","4,100","","","","","","","","","","","","","","","","","","","","",""
"2022/9/24","EPF-5982","15819","皮帶調整","","","","","","","","","","","","","","","","","","","","","",""
"2022/9/24","EMQ-5617","22583","皮帶$2000/卡鉗清潔","2,000","","","","","","","","","","","","","","","","","","","","",""
"2022/9/24","EQC-0088","32895","FASS握把$2080/惡搞飛旋$2100/","4,180","","","","","","","","","","","","","","","","","","","","",""
"2022/9/24","MJS-7808","33415","AFAM$2800/5H墊片$850/火箭2.0$4500/後扶手$1673/白鐵螺住$1200/CITY$2755/","13,778","","","","","","","","","","","","","","","","","","","","",""
"2022/9/26","EQB-7753","3378","M4x10$600/","600","","","","","","","","","","","","","","","","","","","","",""
"2022/9/26","EQD-5360","3378","TT93 100/90-10$3800/","3,800","","","","","","","","","","","","","","","","","","","","",""
"2022/9/26","EPZ-8056","4348","鋁合金圓鏡$2000/","2,000","","","","","","","","","","","","","","","","","","","","",""
"2022/9/27","EMG-0188","28064","黑隼$1780/橢圓鏡$1850/","3,630","","","","","","","","","","","","","","","","","","","","",""
"2022/9/27","EDR-2222","17619","估價 TT93 110/70-12$2150/","2,150","","","","","","","","","","","","","","","","","","","","",""
"2022/9/27","EQC-9928","4171","內管訂金$2000/3K$427/","2,427","","","","","","","","","","","","","","","","","","","","",""
"2022/9/28","EPF-1381","28719","波佩樂(F)(R)$3800/前AFAM$850/握把套+內管$450/","5,100","","","","","","","","","","","","","","","","","","","","",""
"2022/9/29","EPF-7999","12621","鍊條清潔$300/","300","","","","","","","","","","","","","","","","","","","","",""
"2022/9/29","EQB-6056","7331","LMG皮帶組$8800/","8,800","","","","","","","","","","","","","","","","","","","","",""
"2022/9/29","EPG-0213","42425","Epic側柱$1800/","1,800","","","","","","","","","","","","","","","","","","","","",""
"2022/9/29","EQB-9027","20796","CNC橢圓鏡$2000/APXX拉桿$1950/","3,950","","","","","","","","","","","","","","","","","","","","",""
"2022/9/29","EQB-5101","41051","9K調整","","","","","","","","","","","","","","","","","","","","","",""
"2022/9/30","EMD-2993","","水行俠 110/70-13$2500/","2,500","","","","","","","","","","","","","","","","","","","","",""
"2022/9/30","MPN-0003","13120","新雅USB+線組$2190/子彈袋$200/","2,390","","","","","","","","","","","","","","","","","","","","",""
"2022/9/30","EPF-5061","52714","代工前後T+鍊條$1100/","1,100","","","","","","","","","","","","","","","","","","","","",""
"2022/9/30","EMQ-6128","19725","AFAM前後T$2800/鍊條清潔$300/","3,100","","","","","","","","","","","","","","","","","","","","",""
"2022/10/1","EQB-7753","23412","PBF(F)$1000/PBF®$1100/TT93 110/70-12$2100/","","","","","","","","","","","","","","","","","","","","","",""
"2022/10/1","EQC-7553","6884","後煞車異音處理","","","","","","","","","","","","","","","","","","","","","",""
"2022/10/1","EMY-1275","29971","MAGAZI+內管$900/PBF®$1000/黑隼$1780/拉桿$410/","","","","","","","","","","","","","","","","","","","","","",""
"2022/10/1","EPZ-3318","22320","PBF®特$900/APEXX$1950/","","","","","","","","","","","","","","","","","","","","","",""
"2022/10/1","ERF-5197","6","代工彈簧$100/","","","","","","","","","","","","","","","","","","","","","",""
"2022/10/1","EQB-7399","8525","S98+ 110/70-13$2700/水行俠 100/80-14$2400/","","","","","","","","","","","","","","","","","","","","","",""
"2022/10/1","EMQ-7280","25045","AFAM前後T$2800/5H$850/","","","","","","","","","","","","","","","","","","","","","",""
"2022/10/3","MCU-7593","26724","$2200/TT93 110/70-12$2150/","","","","","","","","","","","","","","","","","","","","","",""
"2022/10/3","ENP-1817","33628","小閃®$2800/","","","","","","","","","","","","","","","","","","","","","",""
"2022/10/4","MHQ-6100","41100","調鍊條","","","","","","","","","","","","","","","","","","","","","",""
"2022/10/4","EMX-9000","11288","SC$3000/","","","","","","","","","","","","","","","","","","","","","",""
"2022/10/5","LGE-5631","12274","BPM(R)$1000/螃蟹彈簧(贈","","","","","","","","","","","","","","","","","","","","","",""
"2022/10/5","EMR-2696","15555","皮帶$8800/珠碗$2400/保養$600/PB$1250/","","","","","","","","","","","","","","","","","","","","","",""
"2022/10/6","EQB-7753","23713","保養$1210/","","","","","","","","","","","","","","","","","","","","","",""
"2022/10/6","ERH-0779","10139","代工$800/前輪$1900/後輪$1900/$850/","","","","","","","","","","","","","","","","","","","","","",""
"2022/10/6","EPF-0135","14428","FRANDO(F$1200/FRANDO(R$1200/PAKELO$600/","","","","","","","","","","","","","","","","","","","","","",""
"2022/10/7","EPK-9552","15034","LMG皮帶$8800/內齒$6800/","","","","","","","","","","","","","","","","","","","","","",""
"2022/10/7","EQD-2593","3204","水行俠 110/70-12$2100/","","","","","","","","","","","","","","","","","","","","","",""
"2022/10/8","EMR-6191","18911","PB$1250/退役胎$1000/水行俠 120/70-12$2100/","","","","","","","","","","","","","","","","","","","","","",""
"2022/10/8","EMQ-9338","24300","LMG皮帶$8800/鋁合金圓鏡$2000/上移$4500/CNC土除$3500/KOSO尾燈$4000/白鐵後輪心$1000/內管套$400/","","","","","","","","","","","","","","","","","","","","","",""
"2022/10/10","EMZ-8252","9256","天使前後$5600/小峰英$8490/","","","","","","","","","","","","","","","","","","","","","",""
"2022/10/11","EPF-8231","22370","皮帶調整","","","","","","","","","","","","","","","","","","","","","",""
"2022/10/11","EMH-0597","43407","6K$600/碳纖風鏡$2000/","","","","","","","","","","","","","","","","","","","","","",""
"2022/10/12","EQB-2180","12685","皮帶$8800/滾針式$2800/","","","","","","","","","","","","","","","","","","","","","",""
"2022/10/13","EQC-7553","6941","補胎(贈","","","","","","","","","","","","","","","","","","","","","",""
"2022/10/13","EMG-6683","98217","皮帶$2000/ZOO套管$950/CITY®$2800/PAKELO水箱精$100/PAKELO$600/JZ側柱(特$2100/C扣$50/SKF+FPI$850/氣嘴$100/","","","","","","","","","","","","","","","","","","","","","",""
"2022/10/13","ERF-6991","8","手機架工資$100/","","","","","","","","","","","","","","","","","","","","","",""
"2022/10/14","ERF-5783","1259","GOZZILA擋泥板$350/","","","","","","","","","","","","","","","","","","","","","",""
"2022/10/14","EMQ-7919","26527","飛翼$3790/齒輪油$600/","","","","","","","","","","","","","","","","","","","","","",""
"2022/10/14","ERF-6991","49","彈簧$350/","","","","","","","","","","","","","","","","","","","","","",""
"2022/10/14","EMP-7977","36269","前波沛12$1800/","","","","","","","","","","","","","","","","","","","","","",""
"2022/10/14","EMH-3061","13293","PB$1860/大保養$2000/前6162後TT93$4300/後來令$850/皮帶調整傳動清潔$1000/握把套$800/","","","","","","","","","","","","","","","","","","","","","",""
"2022/10/15","MPB-9572","21399","天使胎(R$3000/RR$4000/車牌框贈白鐵X2$1200/後輪外套管$950/","","","","","","","","","","","","","","","","","","","","","",""
"2022/10/15","EMF-9989","22216","水行俠 110/70-13$2500/PBF(F$1300/","","","","","","","","","","","","","","","","","","","","","",""
"2022/10/15","EMQ-7919","26529","惡魔 110/70-13$3100/蓋$200/","","","","","","","","","","","","","","","","","","","","","",""
"2022/10/17","EMY-0287","46049","6K$600/BPM後來令$850/","","","","","","","","","","","","","","","","","","","","","",""
"2022/10/17","EPZ-9002","7091","上移$4500/惡搞飛旋$2100/APEXX拉桿$1950/GF牌框$1200/CNC擋泥板贈白鐵$4500/USB工資$800/","","","","","","","","","","","","","","","","","","","","","",""
"2022/10/17","EPE-9135","4205","USB工資$800/子彈袋$200/","","","","","","","","","","","","","","","","","","","","","",""
"2022/10/18","EPF-5375","23319","水行俠前14$2500/皮帶調整","","","","","","","","","","","","","","","","","","","","","",""
"2022/10/18","EMK-8536","15022","LMG$8800/波佩樂$1900/BPM$850/","","","","","","","","","","","","","","","","","","","","","",""
"2022/10/18","EPR-2222","18292","派克龍$600/皮帶O$2000/","","","","","","","","","","","","","","","","","","","","","",""
"2022/10/18","EMH-0597","43385","直流電力盒r","","","","","","","","","","","","","","","","","","","","","",""
"2022/10/19","ERE-6666","31449","天線$1800/","","","","","","","","","","","","","","","","","","","","","",""
"2022/10/20","ENP-7356","19415","皮帶LMG保固後來令PBF$1100/水行俠110/70-12$2100/","","","","","","","","","","","","","","","","","","","","","",""
"2022/10/20","MCF-6083","20569","黑隼$1880/","","","","","","","","","","","","","","","","","","","","","",""
"2022/10/20","ERC-9999","9886","SPOT 60/12$2200/$2000/","","","","","","","","","","","","","","","","","","","","","",""
"2022/10/20","EMJ-8860","46756","波佩樂14$1900/LMG皮帶$2000/後來令$750/後碟$2000/前來令$800/前碟$2700/","","","","","","","","","","","","","","","","","","","","","",""
"2022/10/21","ENP-1225","9365","鍊條保養$450/","","","","","","","","","","","","","","","","","","","","","",""
"2022/10/21","EPE-9135","4552","對四卡座$1000/卡前代工$1500/油管螺絲$250/銅墊$100/M10X35 P1.25$260/","","","","","","","","","","","","","","","","","","","","","",""
"2022/10/21","EPZ-9002","7182","土除$3300/M6X20LF$720/","","","","","","","","","","","","","","","","","","","","","",""
"2022/10/22","MND-5069","34490","LMG皮帶$8800/內齒$6800/PAKELO$600/後輪培林$850/FASS搖臂$14800/省力主角架$1800/ZOO後輪心$1000/","","","","","","","","","","","","","","","","","","","","","",""
"2022/10/22","EQC-8108","18811","RCS CC $12000/油管$2200/煞車油$350/CNC鏡座$800/","","","","","","","","","","","","","","","","","","","","","",""
"2022/10/24","ERH-0929","343","M8X25$200/M6大牌$200/M8X35$440/M8黑墊$80/","","","","","","","","","","","","","","","","","","","","","",""
"2022/10/24","EPE-9135","4668","SIXIS延伸踏版$1380/套管$400/","","","","","","","","","","","","","","","","","","","","","",""
"2022/10/24","ERH-0929","343","APL$7850/LD照地燈$2300/KOSO尾燈$4000/FASS握把+內管$2430/","","","","","","","","","","","","","","","","","","","","","",""
"2022/10/24","ENN-9989","13185","LD照地燈$2300/FASS握把+內管$2080/","","","","","","","","","","","","","","","","","","","","","",""
"2022/10/24","EMH-0597","44351","無線加速器$6800/","","","","","","","","","","","","","","","","","","","","","",""
"2022/10/25","EPH-1189","47311","LMG皮帶$8800/內齒$6800/中古胎$800/齒輪油$200/美容贈","","","","","","","","","","","","","","","","","","","","","",""
"2022/10/25","EPG-0213","43281","皮帶調整","","","","","","","","","","","","","","","","","","","","","",""
"2022/10/25","ERF-7602","57","皮帶調整(非本店有狀況$1000/","","","","","","","","","","","","","","","","","","","","","",""
"2022/10/25","EQB-5101","43494","皮帶調整後視鏡$1200/","","","","","","","","","","","","","","","","","","","","","",""
"2022/10/26","ERH-0929","364","FASS搖臂$14800/TION加高座$2280/滑塊$1000/滾針$2680/8X80$160/8X35$220/墊片$80/","","","","","","","","","","","","","","","","","","","","","",""
"2022/10/27","ENN-9989","13243","水行俠110/70-12$2100/5H$850/","","","","","","","","","","","","","","","","","","","","","",""
"2022/10/27","EPE-1822","19096","PB$1200/USB$1200/","","","","","","","","","","","","","","","","","","","","","",""
"2022/10/27","EPG-7511","59879","6302X2$850/","","","","","","","","","","","","","","","","","","","","","",""
"2022/10/29","EQD-9379","12633","大牌上移$4500/大牌背板$1200/","","","","","","","","","","","","","","","","","","","","","",""
"2022/10/29","MHX-0566","13013","代工$500/","","","","","","","","","","","","","","","","","","","","","",""
"2022/10/31","EMG-6191","66911","LMG$8800/內齒$6800/齒輪油(贈BPM(r$750/BPM後碟$2000/PBF(F$1300/","","","","","","","","","","","","","","","","","","","","","",""
"2022/11/1","EMJ-8860","48171","皮帶調整","","","","","","","","","","","","","","","","","","","","","",""
"2022/11/1","EQM-1111","25048","皮帶更換含後皮帶代工$2500/","","","","","","","","","","","","","","","","","","","","","",""
"2022/11/1","ERE-6666","31564","主腳架橡皮強化支架(O)$500/代工$500/","","","","","","","","","","","","","","","","","","","","","",""
"2022/11/1","ERH-0929","460","FASS鍊條蓋支架+上蓋$2000/後視鏡$2000/","","","","","","","","","","","","","","","","","","","","","",""
"2022/11/3","EQB-7599","39086","ZOO卡座$2500/PBF後$2800/煞車油$450/灰底銀$6500/前水行俠100/90-12$2300/後水行俠$2100/卡簧$100/白鐵$820/插銷$400/","","","","","","","","","","","","","","","","","","","","","",""
"2022/11/3","EMR-2388","38187","RR前叉$7000/左煞車開關O$650/","","","","","","","","","","","","","","","","","","","","","",""
"2022/11/4","EMR-6352","74619","前後波沛樂$3800/前來令BPM$750/6KO$600/","","","","","","","","","","","","","","","","","","","","","",""
"2022/11/4","EPF-8181","11027","前後波沛樂$3800/LMG$8800/9KO$700/特價12000","","","","","","","","","","","","","","","","","","","","","",""
"2022/11/7","EPF-0238","28672","LMG$8800/內齒$6800/APL$7850/齒輪油(贈","","","","","","","","","","","","","","","","","","","","","",""
"2022/11/7","EMH-0597","45044","鍛造小鴨尾$2200/鍛造後扶手$4000/齒輪油$600/","","","","","","","","","","","","","","","","","","","","","",""
"2022/11/8","EPF-6566","31335","3KO$500/總泵$10200/油管$2800/鈞片$800/煞車油$450/皮帶調整 PBF220後碟$2800/PBF後來令$1100/卡簧$100/","","","","","","","","","","","","","","","","","","","","","",""
"2022/11/8","EPD-6682","29537","LMG$8800/","","","","","","","","","","","","","","","","","","","","","",""
"2022/11/8","ERE-6666","31604","MS緩衝橡膠$500/","","","","","","","","","","","","","","","","","","","","","",""
"2022/11/9","EMY-2623","44429","6KO$600/F前來令 AK550$1200/","","","","","","","","","","","","","","","","","","","","","",""
"2022/11/9","MCU-7628","140565","空白","","","","","","","","","","","","","","","","","","","","","",""
"2022/11/9","EQH-1216","5594","鍊條保養$350/","","","","","","","","","","","","","","","","","","","","","",""
"2022/11/9","EPF-6855","24038","3KO$600/","","","","","","","","","","","","","","","","","","","","","",""
"2022/11/9","EMW-9705","38310","皮帶$2000/","","","","","","","","","","","","","","","","","","","","","",""
"2022/11/10","EQB-7753","25790","插銷$1100/卡鉗氣嘴$840/迴油$680/M8X40B$1920/卡簧$100/M8X20F$500/後碟$2800/後卡座$2600/前卡座$1850/前碟$2700/後卡座$6800/前卡座$7500/","","","","","","","","","","","","","","","","","","","","","",""
"2022/11/10","EME-5792","13158","黑準Z$1880/","","","","","","","","","","","","","","","","","","","","","",""
"2022/11/10","EPG-7511","60578","SKF$850/內外套$850/","","","","","","","","","","","","","","","","","","","","","",""
"2022/11/10","EMK-6810","38640","3KO$900/皮帶O$2000/前皮帶倫墊片O$250/","","","","","","","","","","","","","","","","","","","","","",""
"2022/11/10","EMQ-7919","28102","PBF前M50$1300/","","","","","","","","","","","","","","","","","","","","","",""
"2022/11/10","EMH-0597","45325","外掛式飛翼$3790/M8X40B$1280/套管$400/","","","","","","","","","","","","","","","","","","","","","",""
"2022/11/11","ERH-0929","616","B牌M4$10700/大螃蟹$6800/油管$7800/卡座$2500/後碟$2800/前碟$4400/總泵$10200/鈦螺絲$4720/碟盤螺絲$1000/卡簧$100/後卡插銷$220/前輪軸$750/後輪軸$/$/$/$/$/$/","","","","","","","","","","","","","","","","","","","","","",""
"2022/11/11","EMQ-2017","96579","PBF對四前$1300/","","","","","","","","","","","","","","","","","","","","","",""
"2022/11/11","EMQ-7919","28157","皮帶調整","","","","","","","","","","","","","","","","","","","","","",""
"2022/11/11","EQB-2181","12986","6KO$500/派克龍$600/皮帶調整","","","","","","","","","","","","","","","","","","","","","",""
"2022/11/12","ENP-5959","14254","LMG$8800/","","","","","","","","","","","","","","","","","","","","","",""
"2022/11/12","EMQ-0380","36376","AFAM前後$2800/EK$3500/SKF(F)+外內套管$1500/5H$850/黑準$1880/特價10000","","","","","","","","","","","","","","","","","","","","","",""
"2022/11/12","EMG-0273","8485","AFAM前T$850/鍊條保養$350/","","","","","","","","","","","","","","","","","","","","","",""
"2022/11/12","EQD-3632","8226","AFAM前後$2800/PBF(F$1000/F牌(R)$1200/ZOO墊片$850/TT93 120/70-13$2500/5H$850/6KO$600/","","","","","","","","","","","","","","","","","","","","","",""
"2022/11/14","EPF-0908","19890","握把套$950/皮帶調整","","","","","","","","","","","","","","","","","","","","","",""
"2022/11/14","EMQ-7919","28239","RCS油杯$3000/M6X10B$260/M4X15F$680/","","","","","","","","","","","","","","","","","","","","","",""
"2022/11/14","EQD-6170","11959","皮帶$2000/齒輪油$600/","","892","","","","","","","","","","","","","","","","","","","",""
"2022/11/14","EPG-9919","22719","6KO$600/端子鏡$2000/握把套+加油管$950/前碟$2700/前來令$800/後來令$750/","","","","","","","","","","","","","","","","","","","","","",""
"2022/11/14","EMQ-7919","28239","主腳架強化組O$500/惡搞飛旋$2100/M10X40F$900/","","","","","","","","","","","","","","","","","","","","","",""
"2022/11/14","EQB-6293","23113","皮帶調整 PBF保修$1800/F牌(R)$1200/BPM固定$2400/PBF(F)$1000/","","","","","","","","","","","","","","","","","","","","","",""
"2022/11/14","EMX-9503","18106","LM齒輪油$450/BPM$750/","","385","","","","","","","","","","","","","","","","","","","",""
"2022/11/14","EPH-1189","48561","皮帶調整","","","","","","","","","","","","","","","","","","","","","",""
"2022/11/15","ERE6666","31705","空白","","","","","","","","","","","","","","","","","","","","","",""
"2022/11/15","EMZ-9353","8619","18KO$1820/F牌前$1000/道救$800/前後波沛樂$3800/","","","","","","","","","","","","","","","","","","","","","",""
"2022/11/15","MNG-5293","13048","黑準$1880/","","","","","","","","","","","","","","","","","","","","","",""
"2022/11/15","MPR-5309","24636","1K調整","","","","","","","","","","","","","","","","","","","","","",""
"2022/11/15","EMX-8529","16893","啟動鍵模組O$800/檢查$200/","","","","","","","","","","","","","","","","","","","","","",""
"2022/11/16","ERE-6666","","代工黑盒$1000/","","","","","","","","","","","","","","","","","","","","","",""
"2022/11/16","EQC-6717","2077","代工$400/","","","","","","","","","","","","","","","","","","","","","",""
"2022/11/17","ERH-0929","713","RPM SII$16000/EPIC鍍黑側柱$1800/","","13000","","","","","","","","","","","","","","","","","","","",""
"2022/11/17","EQB-7753","26307","代工$400/","","","","","","","","","","","","","","","","","","","","","",""
"2022/11/17","EPZ-5090","8290","鍍黑側柱$1800/","","","","","","","","","","","","","","","","","","","","","",""
"2022/11/17","EMQ-7919","28330","正鈦軸心$5500/CNC插銷$550/","","","","","","","","","","","","","","","","","","","","","",""
"2022/11/17","EMH-0597","45960","18KO$950/皮帶調整","","","","","","","","","","","","","","","","","","","","","",""
"2022/11/18","EMQ-9165","42314","前後波沛樂$3600/","","","","","","","","","","","","","","","","","","","","","",""
"2022/11/21","EMQ-9086","21916","EKO$2900/AFAM$2850/白鐵螺柱$1200/水行俠$2600/ZOO外內套管+SKF(F)$1500/18KO$1700/特價12400","","","","","","","","","","","","","","","","","","","","","",""
"2022/11/21","ENP-6573","17396","6KO$600/","","","","","","","","","","","","","","","","","","","","","",""
"2022/11/21","EMY-6633","63600","TT93 120/70-12$2350/","","","","","","","","","","","","","","","","","","","","","",""
"2022/11/21","ENP-9353","8245","鍊條保養$350/110/70-12 P800$1800/牌框$1200/白鐵螺絲(贈) 襯版O$300/","","","","","","","","","","","","","","","","","","","","","",""
"2022/11/22","EQB-7753","26769","TT93 110/70-12$2150/3KO$800/易格斯+皮帶輪墊片O$2800/","","","","","","","","","","","","","","","","","","","","","",""
"2022/11/22","EPS-9979","4586","S98SPORT 110/60-12O$2250/鈦螺絲$3320/手機支架$500/BPM®$750/墊片$40/","","","","","","","","","","","","","","","","","","","","","",""
"2022/11/22","EMR-6191","19593","AFAM前後$2850/F牌(R)$1200/","","","","","","","","","","","","","","","","","","","","","",""
"2022/11/22","EMD-6067","27432","工資$1500/來令$1200/皮帶調整","","","","","","","","","","","","","","","","","","","","","",""
"2022/11/22","ENP-1220","38480","鍊條保養$350/","","","","","","","","","","","","","","","","","","","","","",""
"2022/11/23","EPG-7259","15511","$7990/","","","","","","","","","","","","","","","","","","","","","",""
"2022/11/23","ENZ-1095","12464","P800 12$1800/BPM®$750/M10X25$110/特2610","","","","","","","","","","","","","","","","","","","","","",""
"2022/11/24","EMQ-5222","19041","BPM原廠後$750/","","","","","","","","","","","","","","","","","","","","","",""
"2022/11/24","EMH-0597","46448","PB$1250/","","","","","","","","","","","","","","","","","","","","","",""
"2022/11/25","EPF-3982","60085","後齒外圈41T$2000/原廠螺柱(贈 5H金$850/6KO$600/前波沛$1900/","","","","","","","","","","","","","","","","","","","","","",""
"2022/11/26","NKZ-3570","6083","S01$3100/120/75-12 登樂$2600/","","","","","","","","","","","","","","","","","","","","","",""
"2022/11/26","EQB-5101","46477","PBF AI1前來令$1000/皮帶調整","","560","","","","","","","","","","","","","","","","","","","",""
"2022/11/28","ECV-3782","52944","18KO$1650/二手Y架$1000/","","1650","","","","","","","","","","","","","","","","","","","",""
"2022/11/28","ENP-3333","40785","後TT93$2150/齒輪油$650/","","1490","","","","","","","","","","","","","","","","","","","",""
"2022/11/28","EMG-6693","36013","BPM螃蟹$1000/前AK550$1200/煞車油$800/","","1260","","","","","","","","","","","","","","","","","","","",""
"2022/11/28","EPH-1189","50500","皮帶調整","","","","","","","","","","","","","","","","","","","","","",""
"2022/11/29","EQB-2771","13820","LMG$8800/","","5500","","","","","","","","","","","","","","","","","","","",""
"2022/11/29","EMQ-1328","27692","大頭DB$360/","","180","","","","","","","","","","","","","","","","","","","",""
"2022/11/29","ENP-3333","40785","前6162$2100/後PBF來令$1100/GPRO氣嘴$1000/M8X20F$250/卡簧$160/","","2855","","","","","","","","","","","","","","","","","","","",""
"2022/11/29","ENP-1220","38600","後視鏡$2000/","","1500","","","","","","","","","","","","","","","","","","","",""
"2022/11/29","EMG-7133","32360","LMG$8800/","","5500","","","","","","","","","","","","","","","","","","","",""
"2022/11/29","EMQ-5602","13738","MS橡膠$250/","","","","","","","","","","","","","","","","","","","","","",""
"2022/11/29","EMQ-5222","19067","原廠後碟O$950/","","","","","","","","","","","","","","","","","","","","","",""
"2022/11/30","EPH-1189","50787","後波沛樂$1900/皮帶調整","","1100","","","","","","","","","","","","","","","","","","","",""
"2022/11/30","EQP-6170","12556","前後BO1 100/90-10$3600/","","1700","","","","","","","","","","","","","","","","","","","",""
"2022/11/30","EMG-9085","22345","鍊條保養$300/","","","","","","","","","","","","","","","","","","","","","",""
"2022/11/30","EMQ-7919","28751","M8X50B$720/M8X40B$640/套管$400/卡座$2000/車殼O$12106/下巴$4800/FASS前貨架$4580/","","","","","","","","","","","","","","","","","","","","","",""
"2022/11/30","EQB-8330","16640","AFAM$2850/5H$850/螺柱$1250/EK黃金$2900/","","","","","","","","","","","","","","","","","","","","","",""
"2022/11/30","ERH-1085","342","RPM LS+轉向軸承+Brembo M50黑底紅+素材版土除（黑）+BPM浮動碟+X2-90+apexx 拉桿（黑）+煞車油贈+鈦螺絲贈*14（碟盤*10+卡鉗*4）+前後鍛框（鍛框哈姆鈦螺絲*10贈+螃蟹黑底紅+油管*4+後卡座+Frando後碟+氣瓶保護套贈+前後鍛框+Fass搖臂+滾真軸承+Tionly 套件（金加高+贈美容
36000+2000+12800+2200+3700
+22000（特）+1950+5300+7500+
2500+3000+34500+14800+2680+6800","157500","","","","","","","","","","","","","","","","","","","","",""
"2022/12/1","EQB-8217","32669","BrembO黑底紅$7500/卡座$1000/BPM前碟$3700/PBF®$1100/波配樂(F)$1800/PBF(F)$1300/水行俠110/70-12$2050/煞車油 贈$/白鐵螺絲 贈$/","18,450","","","","","","","","","","","","","","","","","","","","",""
"2022/12/1","ERH-1085","385","SY中柱$2000/","2,000","","","","","","","","","","","","","","","","","","","","",""
"2022/12/2","EMV-6595","25237","BPM AK550$1200/BPM 前碟$2700/LMG$8800/CCD前內管$7400/CCD後避震$7800/原廠加亮大燈$4000/SKF6201$850/ZOO前輪套管$650/前後波佩樂$3800/ZOO飛旋$2100/","39,300","","","","","","","","","","","","","","","","","","","","",""
"2022/12/2","EQB-8209","8892","黑隼$1900/","1,900","","","","","","","","","","","","","","","","","","","","",""
"2022/12/2","ERH-0929","911","HPS PRO$20100/惡搞飛旋$2100/外掛式飛翼$3600/","25,800","","","","","","","","","","","","","","","","","","","","",""
"2022/12/2","EQC-6211","6921","油管$6800/後BPM200碟$2200/後BPM來令$1000/煞車油$800/卡簧$100/插銷$550/","11,450","","","","","","","","","","","","","","","","","","","","",""
"2022/12/3","ERH-1889","2335","後照鏡加高10X53$200/工資$400/套筒$200/","800","","","","","","","","","","","","","","","","","","","","",""
"2022/12/3","EMQ-0380","36941","水行俠110/70-13$2500/","2,500","","","","","","","","","","","","","","","","","","","","",""
"2022/12/3","EPD-3001","24796","FrandO®$1200/鍊條保養$350/BPM(F)$750/","2,300","","","","","","","","","","","","","","","","","","","","",""
"2022/12/3","EQD-7722","80532","珠碗O$2000/油門線O$650/AFAM15/41$2850/DIDO$2900/BPM碟$2200/PBF(R)$1100/卡座$1500/拉桿$200/","13,400","","","","","","","","","","","","","","","","","","","","",""
"2022/12/3","EQB-7399","9883","鍊條保養$350/FrandO®$1200/","1,550","","","","","","","","","","","","","","","","","","","","",""
"2022/12/5","MOA-3669","23509","代工$2000/","2,000","","","","","","","","","","","","","","","","","","","","",""
"2022/12/5","EQC-1036","6386","9KO$800/PAKELO$400/","1,200","","","","","","","","","","","","","","","","","","","","",""
"2022/12/5","EMH-0597","47191","PBP後來令$1100/","1,100","","","","","","","","","","","","","","","","","","","","",""
"2022/12/6","EMG-1071","362","黑隼 特$1900/","1,900","","","","","","","","","","","","","","","","","","","","",""
"2022/12/7","ERF-7851","246","工資$100/","100","","","","","","","","","","","","","","","","","","","","",""
"2022/12/7","EMZ-0326","19792","背板$1200/鍍黑大牌螺絲$360/M12紅墊片 贈$/","1,560","","","","","","","","","","","","","","","","","","","","",""
"2022/12/7","EQC-7329","24842","武川來令$650/APEXX拉桿$1950/","2,600","","","","","","","","","","","","","","","","","","","","",""
"2022/12/7","EMQ-7919","29111","派克隆$650/","650","","","","","","","","","","","","","","","","","","","","",""
"2022/12/7","EQB-0006","12690","套管$100/","100","","","","","","","","","","","","","","","","","","","","",""
"2022/12/7","EMW-7895","13969","BPM前來令$750/前波佩樂100/90-12$1800/","2,550","","","","","","","","","","","","","","","","","","","","",""
"2022/12/8","MHQ-9190","39434","BPM®$750/SKF(F)內套管$1050/","1,800","","","","","","","","","","","","","","","","","","","","",""
"2022/12/8","EMG-9298","","倒叉含珠碗$28000/BPM前碟$2700/PBF(F) 特$1100/油線O$650/SC®$3000/SC(F)$2900/","38,350","","","","","","","","","","","","","","","","","","","","",""
"2022/12/9","ERH-0929","998","1KO$500/派克隆$/","500","","","","","","","","","","","","","","","","","","","","",""
"2022/12/9","ERH-0736","2394","黑底紅$5800/卡座$2500/碟$2800/煞車油$900/M6螺母$460/M6X30F$580/M6X30B$420/PBF前 AK550$1300/M8X20 F$/M6拉桿套管$100/","14,860","","","","","","","","","","","","","","","","","","","","",""
"2022/12/9","EMQ-7919","29134","ZOO拉桿$2000/","2,000","","","","","","","","","","","","","","","","","","","","",""
"2022/12/10","MCU-7628","","空白$/","0","","","","","","","","","","","","","","","","","","","","",""
"2022/12/10","EQB-2988","11701","水行俠(f)$2400/水行俠(R)$2500/BPM(F)$800/6KO$600/","6,300","","","","","","","","","","","","","","","","","","","","",""
"2022/12/10","ENP-1085","78268","內管+握把$850/","850","","","","","","","","","","","","","","","","","","","","",""
"2022/12/12","ERF-3227","1485","1KO$700/小蜂鷹279$8000/","8,700","","","","","","","","","","","","","","","","","","","","",""
"2022/12/12","EPS-9979","5093","3KO$900/","900","","","","","","","","","","","","","","","","","","","","",""
"2022/12/12","ERE-6666","31877","側柱$4400/彈簧$250/","4,650","","","","","","","","","","","","","","","","","","","","",""
"2022/12/12","EQB-7753","28093","TI ONLY8X25$540/置物箱代工$650/飛旋代工$400/","1,590","","","","","","","","","","","","","","","","","","","","",""
"2022/12/12","EMQ-0891","82502","3KO$600/波佩樂 後$1900/","2,500","","","","","","","","","","","","","","","","","","","","",""
"2022/12/13","EMT-6996","12169","9K條鍊條O$600/","600","","","","","","","","","","","","","","","","","","","","",""
"2022/12/13","EMQ-2387","22537","AFAM$2850/5H$850/螺柱$1200/EK$2900/齒輪油$200/","8,000","","","","","","","","","","","","","","","","","","","","",""
"2022/12/13","EMY-7017","26726","皮帶調整$/前後波佩樂$3800/","3,800","","","","","","","","","","","","","","","","","","","","",""
"2022/12/13","EPF-8805","584","鍍黑大牌螺$360/M12紅 贈$/大牌背板$1200/代工$500/","2,060","","","","","","","","","","","","","","","","","","","","",""
"2022/12/14","EQB-2181","13590","皮帶調整$/","0","","","","","","","","","","","","","","","","","","","","",""
"2022/12/14","EPF-1959","","高效能O$800/","800","","","","","","","","","","","","","","","","","","","","",""
"2022/12/14","EMQ-7919","29242","M5X20B$600/M5X15B$140/","740","","","","","","","","","","","","","","","","","","","","",""
"2022/12/15","EMQ-7919","29255","ZD坐墊銘版$1700/","1,700","","","","","","","","","","","","","","","","","","","","",""
"2022/12/16","MPR-0719","35650","代工$300/","300","","","","","","","","","","","","","","","","","","","","",""
"2022/12/16","MND-2679","55355","PBF(R)$1100/前後胎壓O$3100/皮帶調整$/","4,326","","","","","","","","","","","","","","","","","","","","",""
"2022/12/16","EMW-9705","40654","6KO$600/皮帶調整$/後來令$750/","1,418","","","","","","","","","","","","","","","","","","","","",""
"2022/12/16","EMG-9298","39273","三角台整修$800/","800","","","","","","","","","","","","","","","","","","","","",""
"2022/12/16","EME-5983","75861","後碟O$1100/珠碗O$2400/戴車$600/後來令$750/LMG皮帶$2000/前6201$850/","7,700","","","","","","","","","","","","","","","","","","","","",""
"2022/12/17","ENT-5952","33654","9KO$800/後煞車油$450/AFAM$2850/5H$850/LMG螺柱$1200/EK$2900/","9,050","","","","","","","","","","","","","","","","","","","","",""
"2022/12/19","EQB-6133","19375","鍊條保養$400/BPM後來令$750/","1,150","","","","","","","","","","","","","","","","","","","","",""
"2022/12/19","ENV-3896","10330","CITY前O$2800/鍊條保養$400/","3,200","","","","","","","","","","","","","","","","","","","","",""
"2022/12/19","EQD-5360","4295","PLAY握把套+油管$950/","950","","","","","","","","","","","","","","","","","","","","",""
"2022/12/19","ERE-6666","31895","R車下擾流O$2900/珠碗O$2400/套管$400/","5,700","","","","","","","","","","","","","","","","","","","","",""
"2022/12/19","EMH-0597","47953","皮帶調整$/","0","","","","","","","","","","","","","","","","","","","","",""
"2022/12/19","AAD-5606","58846","BPM(F)$800/","800","","","","","","","","","","","","","","","","","","","","",""
"2022/12/20","ERF-9671","21","小蜂鷹$7990/手機架代工贈$/大牌背板$1200/線組$450/","9,640","","","","","","","","","","","","","","","","","","","","",""
"2022/12/20","ERF-5793","3371","CCD後避震$7800/代工$200/訂金1000$/","8,000","","","","","","","","","","","","","","","","","","","","",""
"2022/12/20","MGE-1119","58964","前輪培林$1000前輪6162$2100/TT93$2150/長久前碟$3500/FrandO(F)$1200/","10,448","","","","","","","","","","","","","","","","","","","","",""
"2022/12/20","ERF-9157","110","五批螃蟹充電版$2050/正電$350/帽子$380/工資$650/","3,430","","","","","","","","","","","","","","","","","","","","",""
"2022/12/20","EQB-7590","27936","CMSR(F)$2400/CMSR(R)$2600/后土除$3500/保養O$800/PBO$1215/煞車開關O$850/","11,365","","","","","","","","","","","","","","","","","","","","",""
"2022/12/20","EMG-6191","68280","皮帶調整$/","0","","","","","","","","","","","","","","","","","","","","",""
"2022/12/20","EMP-3800","31411","皮帶調整$/","0","","","","","","","","","","","","","","","","","","","","",""
"2022/12/21","MWY-5102","23643","登樂100/90-12$1400/登樂100/90-12後$1500/","2,900","","","","","","","","","","","","","","","","","","","","",""
"2022/12/21","EMY-2253","37699","水行俠14前$2400/","2,520","","","","","","","","","","","","","","","","","","","","",""
"2022/12/21","ERE-6666","31899","燈匠方白燈$2480/","2,480","","","","","","","","","","","","","","","","","","","","",""
"2022/12/21","EMY-2253","37","水行俠100/80-14$2400/","2,400","","","","","","","","","","","","","","","","","","","","",""
"2022/12/23","EPR-2222","19940","增高座$2300/調整螺絲$1600/FASS搖臂O$14800/來令$1000/","19,700","","","","","","","","","","","","","","","","","","","","",""
"2022/12/23","EMY-7017","26972","S98+ 14O$2600/FASS GO3$4980/","7,580","","","","","","","","","","","","","","","","","","","","",""
"2022/12/23","EMY-1575","31630","RPMSII$16000/節能螺柱$1250/8X20F$520/FASS支架套管$500/ZOO後輪軸鍍鈦$1250/SKF6002+6302$1200/ZOO墊片$100/","20,820","","","","","","","","","","","","","","","","","","","","",""
"2022/12/23","ENT-5952","33951","FrandO(F)®$2400/","2,400","","","","","","","","","","","","","","","","","","","","",""
"2022/12/23","EMQ-7919","29593","M5X15DF$750/M5X48 TI ONLY$760/鍛造風鏡$4500/","6,010","","","","","","","","","","","","","","","","","","","","",""
"2022/12/23","EPS-8702","5032","前土除代工$250/上移$4500/後鏡頭$500/","5,250","","","","","","","","","","","","","","","","","","","","",""
"2022/12/24","EMY-7628","10930","後扶手工資$200/","200","","","","","","","","","","","","","","","","","","","","",""
"2022/12/24","MWY-5102","23738","前煞車線$800/後煞車線$1600/","2,400","","","","","","","","","","","","","","","","","","","","",""
"2022/12/24","MND-5069","35638","皮帶調整$/","0","","","","","","","","","","","","","","","","","","","","",""
"2022/12/24","EQB-7753","28969","FASS風鏡$4800/TI ONLY支架$6800/TI ONLYM5X15$760/M8X50F$400/M8X25F$280/","13,040","","","","","","","","","","","","","","","","","","","","",""
"2022/12/26","EQC-8186","20524","TCD2000有切$13300/PBF®$1100/FASS握把$2080/","16,480","","","","","","","","","","","","","","","","","","","","",""
"2022/12/26","EMQ-3897","26470","3KO$600/CMSR100/90-12$2400/珠碗O$2400/前PBF$1300/後PBF$1100/前煞車油$450/","8,663","","","","","","","","","","","","","","","","","","","","",""
"2022/12/26","EQB-7753","29122","PBF前對四$1300/BPM大螃蟹$1000/土除工資$200/","2,500","","","","","","","","","","","","","","","","","","","","",""
"2022/12/26","EQB-5101","48967","皮帶調整$/後避震代工$300/","300","","","","","","","","","","","","","","","","","","","","",""
"2022/12/26","EMP-7977","44462","BPM後180$2000/BPM後來令$750/水行俠110/70-12$2050/","4,800","","","","","","","","","","","","","","","","","","","","",""
"2022/12/26","EPZ-7790","14375","FrandO前後來令$2400/","2,400","","","","","","","","","","","","","","","","","","","","",""
"2022/12/26","MPP-3921","25965","BPM後來令$750/外掛式後土除$3500/","4,250","","","","","","","","","","","","","","","","","","","","",""
"2022/12/27","ENT-0253","36658","前後波佩樂$3800/前後來令O$1000/齒輪油$300/煞車油$800/","5,900","","","","","","","","","","","","","","","","","","","","",""
"2022/12/27","EMW-1810","17848","BPM(F)$750/水行俠110/70-13$2500/洗車$400/","3,650","","","","","","","","","","","","","","","","","","","","",""
"2022/12/28","EMQ-7919","29916","LMG拉耳$2800/","2,800","","","","","","","","","","","","","","","","","","","","",""
"2022/12/28","ERE-6666","31960","M8X50B$720/套管$400/","1,120","","","","","","","","","","","","","","","","","","","","",""
"2022/12/28","EMH-0597","48559","LMG拉耳$2800/中柱套管O$100/主腳架強化組O$450/彈簧O$100/BPM260$3200/FrandO1200$7850/","14,500","","","","","","","","","","","","","","","","","","","","",""
"2022/12/28","ERE-6666","31960","LMG拉耳$2800/","2,800","","","","","","","","","","","","","","","","","","","","",""
"2022/12/28","ERF-9591","26","鍍鈦碟盤螺絲$800/卡前放氣$1080/代工$1500/飛旋$2100/","5,480","","","","","","","","","","","","","","","","","","","","",""
"2022/12/28","EPS-8702","5135","代工250/M8鍍鈦8*55(210/8*30(160","620","","","","","","","","","","","","","","","","","","","","",""
"2022/12/28","EQB-7753","29344","TT93 110/70-12$2150","2150","","","","","","","","","","","","","","","","","","","","",""
"2022/12/29","ERF-9671","620","外掛式飛翼3250/套管400","3650","","","","","","","","","","","","","","","","","","","","",""
"2022/12/29","EMG-2090","20394","皮帶調整","","","","","","","","","","","","","","","","","","","","","",""
"2022/12/29","EQB-7599","41887","BPM(F)750","750","","","","","","","","","","","","","","","","","","","","",""
"2022/12/29","EPF-0911","22439","LMG拉耳(下座1800","1800","","","","","","","","","","","","","","","","","","","","",""
"2022/12/29","EQC-0088","35664","CITY後2850/ZOO內套管200/SKF培林850","3900","","","","","","","","","","","","","","","","","","","","",""
"2022/12/29","EMQ-0619","63014","9K800/P800(F)1900/SKF(F)850/ZOO外套管650","3400","","","","","","","","","","","","","","","","","","","","",""
"2022/12/29","EMH-0597","48572","黑準無限充(防盜3600，油壓式煞車開關3400","7000","","","","","","","","","","","","","","","","","","","","",""
"2022/12/29","EQB-7753","29392","6K820","820","","","","","","","","","","","","","","","","","","","","",""
"2022/12/29","ERE-6666","31964","8*50*2$720","720","","","","","","","","","","","","","","","","","","","","",""
"2022/12/30","MFN-5555","45152","BPM前碟2800/BPM後碟2000/BPM(F)金屬1700/BPM(R)1500","8000","","","","","","","","","","","","","","","","","","","","",""
"2022/12/31","EPF-1118","8825","後煞車油450/油管螺絲250","700","","","","","","","","","","","","","","","","","","","","",""
"2022/12/31","EMS-0715","11719","LMG拉耳2800/調整馬達800","3600","","","","","","","","","","","","","","","","","","","","",""
"2022/12/31","ERF-3173","7043","黑準無限充(防盜3700","3700","516300","","","","","","","","","","","","","","","","","","","",""
"2023/1/2","EMJ-8860","53261","黑隼防盜充電$3700/BPM®$750/皮帶9k調整","4,450","2233","","","","","","","","","","","","","","","","","","","",""
"2023/1/2","EMH-0532","14465","PBF前來令$1000/後波佩樂$1900/18KO$1800/","4,700","1500","1800","","","","","","","","","","","","","","","","","","",""
"2023/1/2","EMH-0597","48990","皮帶O$500/前輪SC1$2900/3KO$500/","3,900","1950","500","","","","","","","","","","","","","","","","","","",""
"2023/1/2","EQD-6738","1992","手機架代工$100/","100","","","","","","","","","","","","","","","","","","","","",""
"2023/1/3","EPZ-1087","14028","CCD前叉內管$7400/珠碗O$2400/Y架工具包V2O$400/","10,200","3690","600","","","","","","","","","","","","","","","","","","",""
"2023/1/3","ERF-9839","206","貼膜(贈)","","","","","","","","","","","","","","","","","","","","","",""
"2023/1/3","MCU-7593","27226","側腳架總成側腳架開關","$3,140","","2240","","","","","","","","","","","","","","","","","","",""
"2023/1/3","ENP-9952","20425","CITY®110/70-12$2500/","2,500","1440","","","","","","","","","","","","","","","","","","","",""
"2023/1/3","EMF-1859","52011","救車$1000/","1,000","","","","","","","","","","","","","","","","","","","","",""
"2023/1/4","EQB-1917","12859","煞車開關O$1000/","1,000","","1000","","","","","","","","","","","","","","","","","","",""
"2023/1/4","ENP-5959","15148","黑隼$1880/套管$100/","1,980","1237","","","","","","","","","","","","","","","","","","","",""
"2023/1/4","EPF-0238","29720","皮帶調整","","","","","","","","","","","","","","","","","","","","","",""
"2023/1/4","ERF-9197","404","M10X40 P1.25$140/代工$300/","440","70","","","","","","","","","","","","","","","","","","","",""
"2023/1/5","EMQ-0962","38808","CMSR14$2400/","2,400","1600","","","","","","","","","","","","","","","","","","","",""
"2023/1/5","EMY-6633","66649","BPM前來令$750/","750","385","","","","","","","","","","","","","","","","","","","",""
"2023/1/5","ERE-6666","32029","煞車開關O$3000/煞車油$400/墊片$200/魚目$300/","3,900","2416","","","","","","","","","","","","","","","","","","","",""
"2023/1/6","EMQ-0962","38828","CCD內管組$7400/珠碗$2400/POXI後靠背$2480/AFAM前後$2850/5H$850/螺柱$1200/BPM前$2700/BPM前來令$750/O後CITY$2850/","23,480","9855","1850","","","","","","","","","","","","","","","","","","",""
"2023/1/6","EQB-6123","19887","BPM前$2700/BPM前來令$750/","3,450","2135","","","","","","","","","","","","","","","","","","","",""
"2023/1/6","EPG-8325","21870","皮帶調整","","","","","","","","","","","","","","","","","","","","","",""
"2023/1/6","EMY-6263","70375","LMG$9500/襯套$1800/","11,300","6000","500","","","","","","","","","","","","","","","","","","",""
"2023/1/7","EMF-8709","10591","6KO$600/","600","","600","","","","","","","","","","","","","","","","","","",""
"2023/1/7","MCV-8212","","$2100/","2,100","","","","","","","","","","","","","","","","","","","","",""
"2023/1/7","EQB-8209","10634","APEXX拉桿$1950/B01前後$3600/","5,717","3200","","","","","","","","","","","","","","","","","","","",""
"2023/1/7","ENT-0253","37642","載車$1200/DC BOX","1,200","400","","","","","","","","","","","","","","","","","","","",""
"2023/1/7","EMY-5356","14179","大牌上移$4500/","4,500","2500","","","","","","","","","","","","","","","","","","","",""
"2023/1/9","MPN-5696","25796","皮帶調整","","","","","","","","","","","","","","","","","","","","","",""
"2023/1/9","EMQ-7919","30758","PBF前蝶$4400/Frando前後$2400/","6,800","3867","","","","","","","","","","","","","","","","","","","",""
"2023/1/9","EMG-7133","33405","皮帶調整","","","","","","","","","","","","","","","","","","","","","",""
"2023/1/9","MHQ-6100","44213","6KO$460/齒輪油$680/","1,140","296","460","","","","","","","","","","","","","","","","","","",""
"2023/1/9","EQB-7753","30270","皮帶$2500/","2,500","","1500","","","","","","","","","","","","","","","","","","",""
"2023/1/9","EQB-9635","16383","PBF前$1000/PBF後$1100/後川歐162mm$2800/","4,900","2300","","","","","","","","","","","","","","","","","","","",""
"2023/1/10","EQB-7753","30338","FASS防倒螺絲$3960/","3,960","1980","","","","","","","","","","","","","","","","","","","",""
"2023/1/10","NFK-2626","18939","LM5/40$750/","750","300","","","","","","","","","","","","","","","","","","","",""
"2023/1/10","EMY-0287","49446","前叉換油$1800/前登樂701$2600/白鐵輪心$700/","5,100","2300","","","","","","","","","","","","","","","","","","","",""
"2023/1/11","MCT-8077","62760","代工$450/","450","","","","","","","","","","","","","","","","","","","","",""
"2023/1/11","ERG-0302","144104","齒輪油$400/","400","","","","","","","","","","","","","","","","","","","","",""
"2023/1/11","ERF-9355","292","維修$7835/小蜂鷹$7990/","15,825","3400","7835","","","","","","","","","","","","","","","","","","",""
"2023/1/11","MHQ-6100","44300","PBO$1250/","1,250","","1150","","","","","","","","","","","","","","","","","","",""
"2023/1/12","EPQ-0555","11625","派克龍$680/AFAM$2850/保養3KO$600/","4,130","1106","600","","","","","","","","","","","","","","","","","","",""
"2023/1/12","ERG-0302","144157","皮帶含墊片$2070/","2,070","","1550","","","","","","","","","","","","","","","","","","",""
"2023/1/12","ENP-5959","15306","皮帶調整","","","","","","","","","","","","","","","","","","","","","",""
"2023/1/12","EPG-0213","46368","皮帶$2000/Frando後來令$1200/後波佩樂$1900/","5,100","2600","","","","","","","","","","","","","","","","","","","",""
"2023/1/12","EMJ-8860","54704","皮帶調整LMG皮帶$9500/LMG拉耳$2800/","12,300","7600","","","","","","","","","","","","","","","","","","","",""
"2023/1/13","EQD-9399","3445","5匹手機架$1200/","1,200","680","","","","","","","","","","","","","","","","","","","",""
"2023/1/13","MCS-0830","120067","右煞車開關O$450/","450","","450","","","","","","","","","","","","","","","","","","",""
"2023/1/13","EMG-1721","17113","大牌背板$1200/","1,260","650","","","","","","","","","","","","","","","","","","","",""
"2023/1/13","EPE-0095","10342","NCY加油+Domin$1000/","1,000","750","","","","","","","","","","","","","","","","","","","",""
"2023/1/13","AAD-5606","60488","馬達修復$7800/齒輪油$200/","8,000","2000","","","","","","","","","","","","","","","","","","","",""
"2023/1/13","EMY-2151","39374","吊PRO$2800/飛旋$2100/","4,900","2980","","","","","","","","","","","","","","","","","","","",""
"2023/1/13","ENP-8866","13266","BPM前$800/BPM後$750/","1,550","805","","","","","","","","","","","","","","","","","","","",""
"2023/1/13","EQD-3950","18684","AFAM$2850/前BPM$2700/前Frando$2400/O前後CITY$5650/後BPM$2000/9KO$800/","16,400","5020","5700","","","","","","","","","","","","","","","","","","",""
"2023/1/14","MJU-0915","12238","代工$2000/正電線組$450/","2,450","150","","","","","","","","","","","","","","","","","","","",""
"2023/1/14","EMY-1575","31994","LMSR前14後13$5000/DIDO$2900/加速器$6800/派克龍$680/黑隼$2080/","17,460","8973","2490","","","","","","","","","","","","","","","","","","",""
"2023/1/16","EMH-3007","30313","皮帶SY$2200/","2,200","900","","","","","","","","","","","","","","","","","","","",""
"2023/1/16","EMY-1575","32067","吊耳$2800/FASS座墊$4980/","7,780","1600","4980","","","","","","","","","","","","","","","","","","",""
"2023/1/16","ENP-1817","35799","RCS$480/RCS$1000/RCS$880/RCS$460/BPM金屬前$1800/BPM金屬後$1500/煞車油$1000/RCS$840/","7,960","3860","","","","","","","","","","","","","","","","","","","",""
"2023/1/16","EPG-8315","17820","Frando後$1200/大牌背板$1200/LMG皮帶$9500/LMG拉耳$3200/水行俠110/70-13$2500/","17,600","10290","","","","","","","","","","","","","","","","","","","",""
"2023/1/16","MPP-5015","18838","代工","","","","","","","","","","","","","","","","","","","","","",""
"2023/1/16","EMG-9298","39916","上移$4500/","4,500","2500","","","","","","","","","","","","","","","","","","","",""
"2023/1/17","EQV-6666","","鍊條保養$450/","450","","","","","","","","","","","","","","","","","","","","",""
"2023/1/17","EMY-9783","20375","3K%$600/水行俠120/70-12$2100/","2,700","1470","600","","","","","","","","","","","","","","","","","","",""
"2023/1/18","AAD-5606","60779","易格斯%$2000/後輪軸%$1200/中古避震$800/培林6205 6303%$800/","4,800","","2240","","","","","","","","","","","","","","","","","","",""
"2023/1/18","EQC-1537","19345","中古後輪$300/","300","","","","","","","","","","","","","","","","","","","","",""
"2023/1/18","EMH-7208","39599","DID%$2900/G-PRO前T+AFAM後T$2850/","5,750","1152","2490","","","","","","","","","","","","","","","","","","",""
"2023/1/19","ENE-1636","24437","AFAM前後$2850/5H$650/EK$3500/","7,000","3450","","","","","","","","","","","","","","","","","","","",""
"2023/1/19","MKH-3022","53745","黑隼$2080/","2,080","1377","","","","","","","","","","","","","","","","","","","",""
"2023/1/19","EMG-9298","39992","煞車油$600/","600","","","","","","","","","","","","","","","","","","","","",""
"2023/1/19","EQB-6293","25069","皮帶調整$/派克龍$680/","680","296","","","","","","","","","","","","","","","","","","","",""
"2023/1/19","ERE-6666","32175","卡座代工$800/M8X20F$500/香氛%$360/煞車油$200/","1,860","250","360","","","","","","","","","","","","","","","","","","",""
"2023/1/20","EQB-7753","32007","6162$2100/派大星$8000/GPRO$2400/POI$1600/M12螺絲$280/M4F頭$390/螺母$1998/氣嘴工資$400/鍛造金龜$2500/","19,668","10335","","","","","","","","","","","","","","","","","","","",""
"2023/1/20","EQB-2287","24372","3K%$600/","600","","600","","","","","","","","","","","","","","","","","","",""
"2023/1/20","EPR-2222","20578","後輪軸%$1400/登樂120/70-12$2400/","3,800","2200","","","","","","","","","","","","","","","","","","","",""
"2023/1/20","ENP-9208","9150","ZOO後齒$3500/白鐵趁套$2800/5H黑$850/右開關總成%$1925/加速器$6800/M8X25X5鍍黑$850/拉耳$3200/","19,925","9845","1600","","","","","","","","","","","","","","","","","","",""
"2023/1/20","EGE-5631","15441","BPM後$1000/","1,000","560","","","","","","","","","","","","","","","","","","","",""
"2023/1/20","EMQ-5638","6857","黑隼$2150/","2,150","1377","","","","","","","","","","","","","","","","","","","",""
"2023/1/20","EMG-9298","40002","BPM前ak$1200/","1,200","700","","","","","","","","","","","","","","","","","","","",""
"2023/1/27","MNB-3333","24147","TT93110/70-12$2150/珠碗%$6500/後視鏡$2000/M8墊片紅$200/外掛式飛翼$3700/M10X45 1.25$300/","14,850","5290","1200","","","","","","","","","","","","","","","","","","",""
"2023/1/28","EMY-2072","83131","中古前叉組$2000/中古側殼$300/","2,300","","","","","","","","","","","","","","","","","","","","",""
"2023/1/28","MPB-9572","21997","6K%$600/","600","","600","","","","","","","","","","","","","","","","","","",""
"2023/1/28","ERF-9862","2441","CITY 後%$2850/","2,850","","2450","","","","","","","","","","","","","","","","","","",""
"2023/1/30","ENP-6573","19289","AFAM前後齒$2850/5H$850/EK黑金$3500/LMG螺柱$1200/APEXX拉桿$1950/美容贈$/","10,350","5500","","","","","","","","","","","","","","","","","","","",""
"2023/1/30","EMQ-2335","26020","內齒$7200/糯米腸+內管$850/LM齒輪油$450/AFAM後齒$2100/5H$850/","11,450","5173","","圓場48105","","","","","","","","","","","","","","","","","",""
"2023/1/30","EPZ-1087","14701","LMG$9500/拉耳$3200/油線%$650/","13,350","7600","160","","","","","","","","","","","","","","","","","","",""
"2023/1/31","EME-5983","77359","皮帶調整$/P800前$2000/前輪套管$650/油線%$650/","3,300","1450","","384665","165543","","","","","","","","","","","","","","","","",""
"2023/2/1","EPF-3870","21816","BPM前$800 後$750","1550","","","","","","","","","","","","","","","","","","","","",""
"2023/2/2","EQB-8209","11479","手機架送修","","","","","","","","","","","","","","","","","","","","","",""
"2023/2/2","EQD-2593","4596","黑隼$1880","1880","1237","","","","","","","","","","","","","","","","","","","",""
"2023/2/2","VKW-6926","3009","M50 $12300 卡座 $2000 煞車油工資 $700 M10*25*2 $220 M10*45*2 $300 墊片 $80","16000","","","","","","","","","","","","","","","","","","","","",""
"2023/2/2","MJB-7526","36119","代工$250","250","","","","","","","","","","","","","","","","","","","","",""
"2023/2/2","EQB-7753","32180","9K $1100","1100","","340","","","","","","","","","","","","","","","","","","",""
"2023/2/2","MCS-0830","120629","S98 SPORT $2200","2200","","1950","","","","","","","","","","","","","","","","","","",""
"2023/2/3","EPG-7511","64894","FASS搖臂 $14800(贈支架) 滾針$2800 拉耳$2800 CITY 100/90 $2500 水行俠 120/70-12 $2200 ZOO後套管 $950","26000","","","","","","","","","","","","","","","","","","","","",""
"2023/2/3","ERE-6666","32409","80*2(F)*2 $500 8*30*4 $1120 POSH345輪心+螺母 $7660 鈦墊片 800*2 $1600 工資 $500","11500","5410","","","","","","","","","","","","","","","","","","","",""
"2023/2/3","ERF-5783","4400","飾桿V7 $1080","1080","","1080","","","","","","","","","","","","","","","","","","",""
"2023/2/4","EMW-9105","43258","皮帶調整","0","","","","","","","","","","","","","","","","","","","","",""
"2023/2/4","EPG-8685","27125","P800(F)$2000 P800(R)$1900 LMG $9500 齒輪油 $200 馬達油封 $650","14250","8300","","","","","","","","","","","","","","","","","","","",""
"2023/2/4","ERF-2861","1441","新古胎 $1200","1200","1100","","","","","","","","","","","","","","","","","","","",""
"2023/2/4","EMY-3566","52762","代工$600 線組$350","950","150","","","","","","","","","","","","","","","","","","","",""
"2023/2/6","EPF-5737","27559","黑隼無線$2790 正電線組$450 油門線BE2 $680","3920","","135","","","","","","","","","","","","","","","","","","",""
"2023/2/6","ERF-9355","1694","1K $785","785","","200","","","","","","","","","","","","","","","","","","",""
"2023/2/6","EQB-7753","32569","鍛造金龜 B4*20*2 $360","360","180","","","","","","","","","","","","","","","","","","","",""
"2023/2/6","EWP-5851","1406","黑隼 $1880","1880","1237","","","","","","","","","","","","","","","","","","","",""
"2023/2/7","EMY-2230","31077","齒輪油$200 後BPM$750 皮帶調整","950","385","","","","","","","","","","","","","","","","","","","",""
"2023/2/7","EQD-1828","6529","五匹$1200","1200","680","","","","","","","","","","","","","","","","","","","",""
"2023/2/7","EPG-0213","47355","皮帶調整","0","","","","","","","","","","","","","","","","","","","","",""
"2023/2/7","EMY-6661","16452","水行俠(f)$2400 CMSR(R)$2600 轉向軸承(含護套)$2400 油門線$650 AFAM前後T$2850 5H$850 螺柱$1200 前SKF(F)+內套管$1050","14000","","635","","","","","","","","","","","","","","","","","","",""
"2023/2/7","EQD-6170","14964","皮帶調整","0","","","","","","","","","","","","","","","","","","","","",""
"2023/2/8","EMY-2222","23112","LM齒輪油$450","450","","","","","","","","","","","","","","","","","","","","",""
"2023/2/8","EPZ-0803","7284","去油漆工資+美容$1500","1500","200","","","","","","","","","","","","","","","","","","","",""
"2023/2/8","EMQ-7919","32778","鍛造金龜$2500 M4*20*2$360 皮帶$2000 SC$3000","7860","4630","","","","","","","","","","","","","","","","","","","",""
"2023/2/8","EPF-0198","19420","MT201 110/70-13 $2300(特) BPM(R)$750 大保$800","4850","1785","800","","","","","","","","","","","","","","","","","","",""
"2023/2/9","ERE-6666","32415","工資200","200","","","","","","","","","","","","","","","","","","","","",""
"2023/2/10","ENP-7259","8825","拉耳$2800/APEXX拉桿$1950/水行俠100/90-12$2400/PBF(R$1100/3K%$450/五匹(特$1100/","9,800","","","","","","","","","","","","","","","","","","","","",""
"2023/2/10","EMG-7136","39490","皮帶$2000/螺柱$1200/S98EV%$2300/","5,500","","","","","","","","","","","","","","","","","","","","",""
"2023/2/11","EMY-2970","21677","RR中古$3500/AFAM$2850/油門線%$650/BPM前碟$3700/珠碗%$2000/F牌$1200/5H$850/白鐵前輪軸心(贈$/","14,750","","","","","","","","","","","","","","","","","","","","",""
"2023/2/11","ENP-8866","14573","鍊條保養$450/","450","","","","","","","","","","","","","","","","","","","","",""
"2023/2/11","EQB-6763","14508","P600 100/90-12$2000/","2,000","","","","","","","","","","","","","","","","","","","","",""
"2023/2/11","EMY-0735","25671","PBF(F$1000/","1,000","","","","","","","","","","","","","","","","","","","","",""
"2023/2/11","EQC-0506","16779","RPMLS尾款$20000/派克龍$650/防水護套$800/M10X25F P1.25$700/","20,000","","","","","","","","","","","","","","","","","","","","",""
"2023/2/13","EMQ-0962","39427","側腳架開關%$1400/3K%$455/","1,855","","","","","","","","","","","","","","","","","","","","",""
"2023/2/13","EPF-6566","33789","皮帶$2000/","2,000","","","","","","","","","","","","","","","","","","","","",""
"2023/2/13","ERF-2190","19285","五匹$1200/充電版$1000/","2,200","","","","","","","","","","","","","","","","","","","","",""
"2023/2/13","EQC-1537","19578","GMD$1600/齒輪油$400/","2,000","","","","","","","","","","","","","","","","","","","","",""
"2023/2/14","EPD-3001","27402","P800 110/70-12$1800/","1,800","","","","","","","","","","","","","","","","","","","","",""
"2023/2/14","EPZ-9706","9116","PBF(F$1000/","1,000","","","","","","","","","","","","","","","","","","","","",""
"2023/2/14","EMQ-7177","22876","LMG$9500/F牌前來令$1000/後水行$2250/","12,750","","","","","","","","","","","","","","","","","","","","",""
"2023/2/14","EWB-8102","19816","PBF後來令$1100/","1,100","","","","","","","","","","","","","","","","","","","","",""
"2023/2/14","EQB-7753","33226","8X50X2$720/","720","","","","","","","","","","","","","","","","","","","","",""
"2023/2/14","ENP-3907","24816","POSI後扶手$2480/","2,480","","","","","","","","","","","","","","","","","","","","",""
"2023/2/14","EQD-3873","31890","五匹無限充$1000/工資$800/正電線組$450/","2,250","","","","","","","","","","","","","","","","","","","","",""
"2023/2/14","EWB-8102","19812","四川季100/90-10$1800/","1,800","","","","","","","","","","","","","","","","","","","","",""
"2023/2/15","EQC-9990","22630","AFAM$2850/5H$850/M8X35F$340/M8牙套$200/EK黑$3500/","7,740","","","","","","","","","","","","","","","","","","","","",""
"2023/2/15","EMY-2151","40464","皮帶調整$/","0","","","","","","","","","","","","","","","","","","","","",""
"2023/2/16","MCS-5897","52139","貨架$4180/","4,180","","","","","","","","","","","","","","","","","","","","",""
"2023/2/16","EMH-0597","51301","派克龍$650/","650","","","","","","","","","","","","","","","","","","","","",""
"2023/2/17","EMQ-8699","31339","前叉換油+油封$3000/前BPM$800/","3,800","","","","","","","","","","","","","","","","","","","","",""
"2023/2/17","EQB-7753","33291","SPORT%$2300/","2,369","","","","","","","","","","","","","","","","","","","","",""
"2023/2/18","NCW-1260","8467","P800 100/90-10$1400/","1,400","","","","","","","","","","","","","","","","","","","","",""
"2023/2/18","EQB-8276","9890","SII$16000/FASS握把$1780/內管(贈$/BPM(R$750/","18,530","","","","","","","","","","","","","","","","","","","","",""
"2023/2/18","ERF-1918","17936","電子油門$7000/","7,000","","","","","","","","","","","","","","","","","","","","",""
"2023/2/18","EMY-6633","68664","LM$450/","450","","","","","","","","","","","","","","","","","","","","",""
"2023/2/20","EMQ-2689","25678","BPM(R$800/9K%$800/S98EV%$2300/","3,900","","","","","","","","","","","","","","","","","","","","",""
"2023/2/20","EMQ-7919","33152","F牌後碟$3000/BPM後來令$1000/3K%$455/","4,455","","","","","","","","","","","","","","","","","","","","",""
"2023/2/21","EQD-1829","12594","RPM RR$4200/","4,410","","","","","","","","","","","","","","","","","","","","",""
"2023/2/22","ENP-1817","36626","AFAM 前T$850/ZOO 外T$2200/小閃$2800/EK$3500/","9,350","","","","","","","","","","","","","","","","","","","","",""
"2023/2/23","EMG-5907","50695","省力腳架$1900/彈簧+套管+強化組%$500/","2,400","","","","","","","","","","","","","","","","","","","","",""
"2023/2/23","EPD-3001","27671","BPM後碟$2200/F牌(R$1200/卡座$1800/","5,200","","","","","","","","","","","","","","","","","","","","",""
"2023/2/23","NLF-1122","0","M8X25 B$1040/M10X25 F$640/M6X20 F(贈$/大牌背板$1200/M4X9$560/領牌$2500/FASS握把套$1680/後鏡前移$6100/APEXX拉桿$1850/M6X30 F$580/M6雪花$460/","16,610","","","","","","","","","","","","","","","","","","","","",""
"2023/2/23","EMQ-7919","33197","卡夢開關左$3300/卡夢開關右$3800/","7,100","","","","","","","","","","","","","","","","","","","","",""
"2023/2/24","EQB-6763","14685","總泵$1700/把手$2000/內套管$200/輪芯$130/培林$400/前碟$1500/內管$7400/前來令$750/","14,080","","","","","","","","","","","","","","","","","","","","",""
"2023/2/24","ERF-9323","576","SBS廢除$2500/","2,500","","","","","","","","","","","","","","","","","","","","",""
"2023/2/24","MBA-8888","16044","POSH卡座螺絲$1480/碟盤螺絲(金)$900/前卡代工$1000/左總泵$2000/長久226MM$3300/前油管$3800/保養$1080/行車紀錄器支架$500/超迷拉桿$2200/卡簧$100/","16360","","","","","","","","","","","","","","","","","","","","",""
"2023/2/24","EQB-6763","14685","總泵$1700/把手$2000/內套管$200/輪芯$130/培林$400/前碟$1500/內管$7400/前來令$750/","14080","","","","","","","","","","","","","","","","","","","","",""
"2023/2/24","ERF-9323","576","SBS廢除$2500/","2500","","","","","","","","","","","","","","","","","","","","",""
"2023/2/25","EMQ-0185","21430","MAGAZI$2000/拉耳絞鍊$680/珠碗$2000/","4680","","","","","","","","","","","","","","","","","","","","",""
"2023/2/25","EQB-7753","34340","8X25$360/","360","","","","","","","","","","","","","","","","","","","","",""
"2023/2/25","ENF-5952","36543","SC(F$3050/SKF(F$820/ZOO外內套管$850/台鐵輪心$700/MAGAZI端子$2200/","7620","","","","","","","","","","","","","","","","","","","","",""
"2023/2/25","EQC-6863","40719","CITY(R%$2850/","2850","","","","","","","","","","","","","","","","","","","","",""
"2023/2/25","MNB-5665","14145","加油內管$250/工資$300/","550","","","","","","","","","","","","","","","","","","","","",""
"2023/2/27","EMG-6131","35827","水行俠100/80-14$2160/輕感V2%$490/","2650","","","","","","","","","","","","","","","","","","","","",""
"2023/2/27","EQC-0163","9024","LMG底座$1800/工資$400/","2200","","","","","","","","","","","","","","","","","","","","",""
"2023/2/27","EMY-1575","33272","CMSR(R$2600/齒盤工資$200/","2800","","","","","","","","","","","","","","","","","","","","",""
"2023/2/27","EMY-6263","74419","P800(R$1900/3K皮帶調整","1900","","","","","","","","","","","","","","","","","","","","",""
"2023/2/28","EMY-1575","33282","BPM(F$1800/調整螺絲$1400/特外8X20$640/LD工資$500/?器$400/","4740","","","","","","","","","","","","","","","","","","","","",""
"2023/2/28","EMY-1879","28897","AFAM前後齒$2850/BPM後碟$2000/","4850","","","","","","","","","","","","","","","","","","","","",""
"2023/2/28","EMY-7628","11550","9K%$500/LM$450/","950","","","","","","","","","","","","","","","","","","","","",""
"2023/3/1","EMJ-2298","28543","珠碗%$2400/前來令$750/","3,150","385","600","","","","","","","","","","","","","","","","","","",""
"2023/3/1","EQB-8217","35862","AFAM前T$850/","850","160","","","","","","","","","","","","","","","","","","","",""
"2023/3/1","EMY-5285","117561","登樂120/70-13$2600/","2,600","1650","","","","","","","","","","","","","","","","","","","",""
"2023/3/1","NF-2626","199447","機油$650/","650","","","","","","","","","","","","","","","","","","","","",""
"2023/3/2","MKW-7623","20136","中柱$1900/+$500/","2,400","900","250","","","","","","","","","","","","","","","","","","",""
"2023/3/2","ERG-3776","8044","皮帶調整","0","","","","","","","","","","","","","","","","","","","","",""
"2023/3/2","EPS-9979","7007","前PBF$1000/$2100/M8X15F$440/M8X20F$250/M8X15B$250/M8X25B$520/","4,560","2330","","","","","","","","","","","","","","","","","","","",""
"2023/3/2","EMQ-9338","27166","皮帶調整前SC1$3000/前PBF$1000/後PBF$1100/","5,100","2900","","","","","","","","","","","","","","","","","","","",""
"2023/3/2","EMQ-7919","33391","碟盤螺絲$1500/框$44000/","45,500","36725","","","","","","","","","","","","","","","","","","","",""
"2023/3/2","MCS-3771","42611","FRANDO前來令$1200/","1,200","480","","","","","","","","","","","","","","","","","","","",""
"2023/3/3","EMY-2623","48714","代工$800/線組$450/SY中柱橡膠$450/18K%$1255/煞車油$800/","3,755","300","1255","","","","","","","","","","","","","","","","","","",""
"2023/3/3","EPE-0095","11406","對四煞車皮$800/","800","420","","","","","","","","","","","","","","","","","","","",""
"2023/3/3","EMH-8519","18282","LMG特 展$8000/","8,000","5000","","","","","","","","","","","","","","","","","","","",""
"2023/3/4","MCS-0830","121497","載車$650/清潔$200/皮帶$2000/後來令$1000/墊片$600/油封$850/","5,300","850","1550","","","","","","","","","","","","","","","","","","",""
"2023/3/4","EPF-8181","12207","皮帶調整","0","","","","","","","","","","","","","","","","","","","","",""
"2023/3/4","EMY-1575","33350","套管$200/","200","50","","","","","","","","","","","","","","","","","","","",""
"2023/3/4","3007","19886","APEXX拉桿$2150/","2,150","1250","","","","","","","","","","","","","","","","","","","",""
"2023/3/4","EMG-9281","9900","鏈條保養$450/","450","","","","","","","","","","","","","","","","","","","","",""
"2023/3/6","ERF-1918","18960","後波佩100/90-10$1600/","1,600","550","","","","","","","","","","","","","","","","","","","",""
"2023/3/6","MKX-0392","84312","前波佩$1900/","1,900","1100","","","","","","","","","","","","","","","","","","","",""
"2023/3/7","EQB-7399","118085","齒輪油$200/鏈條保養$450/","650","","","","","","","","","","","","","","","","","","","","",""
"2023/3/7","EQC-0365","7937","輕感%$900/9K%$785/","1,685","392","785","","","","","","","","","","","","","","","","","","",""
"2023/3/7","ERG-1615","25","後貨架二手$1800/","1,800","","","","","","","","","","","","","","","","","","","","",""
"2023/3/7","EMZ-5877","50624","前SC$3200/","3,200","2100","","","","","","","","","","","","","","","","","","","",""
"2023/3/7","MCS-0830","121552","馬達維修$15000/","15,000","2000","","","","","","","","","","","","","","","","","","","",""
"2023/3/7","EMQ-0679","18106","SC(R$3150/","3,150","2100","","","","","","","","","","","","","","","","","","","",""
"2023/3/7","EQB-0088","13119","CCD$7800/AFAM$2850/5H$850/螺柱$1200/登樂前$2700/EK黑$3500/","18,900","8960","","","","","","","","","","","","","","","","","","","",""
"2023/3/8","ERH-2697","1563","RR(特$4000/","4,000","3000","","","","","","","","","","","","","","","","","","","",""
"2023/3/8","EQB-7399","11828","MAGAZI後視鏡$2000/握把$500/","2,500","1800","","","","","","","","","","","","","","","","","","","",""
"2023/3/8","EQB-7753","34889","保養$900/","900","","900","","","","","","","","","","","","","","","","","","",""
"2023/3/8","EPG-7511","66478","商用LMG$11600/螺絲$3460/","15,020","8930","","","","","","","","","","","","","","","","","","","",""
"2023/3/8","ENP-9952","22175","18K%$1600/RR$4000/PBF(R$1100/LM$450/","7,150","3496","1600","","","","","","","","","","","","","","","","","","",""
"2023/3/9","EMH-0597","52435","6K%$455/","455","","455","","","","","","","","","","","","","","","","","","",""
"2023/3/9","EPF-0911","24263","皮帶$2900/PBF$1100/派克龍$680/街口","4,820","2424","","","","","","","","","","","","","","","","","","","",""
"2023/3/9","EQB-8217","36441","EPIC側柱$1800/","1,800","1100","","","","","","","","","","","","","","","","","","","",""
"2023/3/9","EPU-2653","4165","USB代工$800/取電線$450/","1,250","250","","","","","","","","","","","","","","","","","","","",""
"2023/3/10","EQB-7599","45100","AFAM前T$850/EPIC側柱$1800/檔片$450/PBF$1100/","4,200","1975","","","","","","","","","","","","","","","","","","","",""
"2023/3/10","ERE-6666","","煞車油$450/","450","","","","","","","","","","","","","","","","","","","","",""
"2023/3/10","NLF-1122","656","M6X15$1000/M6X25$1200/M5X15$600/6M墊片$80/","2,880","","","","","","","","","","","","","","","","","","","","",""
"2023/3/10","ENP-9967","27942","工資$800/油門線%$700/","1,500","440","","","","","","","","","","","","","","","","","","","",""
"2023/3/10","NLF-9832","299","LM$750/齒輪油贈握把套$450/+$300/黑準$1880/","3,380","","","","","","","","","","","","","","","","","","","","",""
"2023/3/10","NKZ-3570","12059","M版後輪$2700/皮帶$1500/後來令$800/小海綿$150/","5,150","2790","","","","","","","","","","","","","","","","","","","",""
"2023/3/10","ENT-5952","37104","3K%$600/BPM$750/","1,350","385","600","","","","","","","","","","","","","","","","","","",""
"2023/3/11","EPG-3599","44763","AFAM前T$850/ZOO外齒$2000/","2,850","1410","","","","","","","","","","","","","","","","","","","",""
"2023/3/11","EMQ-5222","19672","APEXX拉桿$1850/","1,850","1250","","","","","","","","","","","","","","","","","","","",""
"2023/3/11","EQD-1792","4832","$7990/黑準$1880/牌框$1200/","11,070","5337","","","","","","","","","","","","","","","","","","","",""
"2023/3/11","EQD-0025","2266","EK黑金$3600/LM$500/","4,100","2476","","","","","","","","","","","","","","","","","","","",""
"2023/3/11","EMH-8602","14625","握把套+內管$1000/","1,000","123","","","","","","","","","","","","","","","","","","","",""
"2023/3/11","EME-6650","5786","P800(F$2000/中古鏈+齒盤墊片$1000/","3,000","1100","","","","","","","","","","","","","","","","","","","",""
"2023/3/13","EMW-9165","49833","水行俠110/70-13$2350/","2,350","","","","","","","","","","","","","","","","","","","","",""
"2023/3/13","EPG-8315","19103","LM$450/","450","","","","","","","","","","","","","","","","","","","","",""
"2023/3/14","EMQ-0619","","9K%$800/珠碗%$2400/BPM(R$750/","3,950","","","","","","","","","","","","","","","","","","","","",""
"2023/3/14","EMY-6600","26424","KOSO尾燈$4400/黑準$1880/","6,280","","","","","","","","","","","","","","","","","","","","",""
"2023/3/14","EMW-7895","14703","18K%$1800/","1,800","","","","","","","","","","","","","","","","","","","","",""
"2023/3/14","EMG-7136","40370","皮帶調整","0","","","","","","","","","","","","","","","","","","","","",""
"2023/3/14","EPG-8685","28100","皮帶調整$2350/","2,350","","","","","","","","","","","","","","","","","","","","",""
"2023/3/15","EPZ-1087","15980","皮帶調整","0","","","","","","","","","","","","","","","","","","","","",""
"2023/3/15","ENT-5952","37204","PB$1311/","1,311","","","","","","","","","","","","","","","","","","","","",""
"2023/3/15","ENP-9868","23516","SII$16000/後ZR1$2700/加油管$400/握把套$500/BH2右後視%$850/前土除$3800/卡夢風鏡$1600/滑塊$2500/FASS搖臂$14800/調整螺$2000/TIONLY M8X20$800/後碟$2000/後碟螺$1500/特外六$500/側柱$1850/腳墊$450/PBF來令$1100/後輪芯$7500/增高座$2500/M8x35$680/M8X16F$480/","85,700","","","","","","","","","","","","","","","","","","","","",""
"2023/3/15","ENP-9967","27978","代工$1000/","1,000","","","","","","","","","","","","","","","","","","","","",""
"2023/3/16","EMY-0287","52051","油壓式煞車開關$1600/","1,600","","","","","","","","","","","","","","","","","","","","",""
"2023/3/16","MLF-1122","1026","EPIC掛勾$1300/LM機油$750/LM齒輪油$250/","2,300","","","","","","","","","","","","","","","","","","","","",""
"2023/3/16","ENP-1225","11145","6K%$550/","550","","","","","","","","","","","","","","","","","","","","",""
"2023/3/16","EMQ-0185","21731","側腳架$710/皮帶調整","710","","","","","","","","","","","","","","","","","","","","",""
"2023/3/17","EPD-3001","28500","APEXX拉桿$1850/","1,850","","","","","","","","","","","","","","","","","","","","",""
"2023/3/18","AAD-5606","63945","右側節流$1300/糯米腸$450/","1,750","","","","","","","","","","","","","","","","","","","","",""
"2023/3/18","EMH-8602","14725","BPM(R$750/","750","","","","","","","","","","","","","","","","","","","","",""
"2023/3/20","EMG-9073","41578","段牌架KOSO方向燈$3450/轉向把手總成%$4550/牌版$1200/違停$600/","9,800","","","","","","","","","","","","","","","","","","","","",""
"2023/3/21","ERE-6666","33162","氣瓶保護套$400/魚目$150/卡鉗氣嘴M8$420/代工$530/","1,500","","","","","","","","","","","","","","","","","","","","",""
"2023/3/21","EMG-2827","16116","馬達油封$850/","850","","","","","","","","","","","","","","","","","","","","",""
"2023/3/22","978-MTS","45570","CCD後避震$4600/","4,600","","","","","","","","","","","","","","","","","","","","",""
"2023/3/22","EMQ-7177","23923","皮帶調整","0","","","","","","","","","","","","","","","","","","","","",""
"2023/3/22","EMQ-8007","22181","皮帶調整","0","","","","","","","","","","","","","","","","","","","","",""
"2023/3/23","EMQ-7919","34450","派克龍$680/","680","","","","","","","","","","","","","","","","","","","","",""
"2023/3/24","EQB-7753","36413","皮帶$7000/皮帶輪前後墊片","7,210","","","","","","","","","","","","","","","","","","","","",""
"2023/3/25","ERE-6666","33208","加速器$7000/開關$1925/","8,925","","","","","","","","","","","","","","","","","","","","",""
"2023/3/25","EPG-7511","67532","皮帶調整","0","","","","","","","","","","","","","","","","","","","","",""
"2023/3/25","NLF-1122","1284","油管$8500/加油管+油門線$3000/","11,500","","","","","","","","","","","","","","","","","","","","",""
"2023/3/25","EPZ-7192","3211","KOSO尾燈$4000/5H紅$600/前後AFAM$2450/螺柱$1000/","8,050","","","","","","","","","","","","","","","","","","","","",""
"2023/3/25","EQB-7753","36491","BPM前對四$1100/","1,100","","","","","","","","","","","","","","","","","","","","",""
"2023/3/25","EMG-5609","30854","珠碗$2400/SC後$3150/握把套$950/RM%$600/","7,100","","","","","","","","","","","","","","","","","","","","",""
"2023/3/27","EPG-0213","51094","$950/外套管$650/無線充代工$800/","2,400","","","","","","","","","","","","","","","","","","","","",""
"2023/3/28","ERF-1230","9068","6K%SIXIS後靠$2880/","2,880","","","","","","","","","","","","","","","","","","","","",""
"2023/3/28","EMR-2696","21486","糯米腸+內管$950/P800(R$1900/皮帶調整","2,850","","","","","","","","","","","","","","","","","","","","",""
"2023/3/28","NKX-3388","562","代工$600/","600","","","","","","","","","","","","","","","","","","","","",""
"2023/3/28","FASS握把套","13573","後SC$3150/","3,150","","","","","","","","","","","","","","","","","","","","",""
"2023/3/29","MKD-7512","7851","PBF前來令$1300/後來令$1100/螺絲M8$200/M8X20$200/EPIC鍍黑側柱$1800/","4,600","","","","","","","","","","","","","","","","","","","","",""
"2023/3/29","EMV-6595","27933","皮帶調整","0","","","","","","","","","","","","","","","","","","","","",""
"2023/3/29","EPF-6566","37933","6K%$650/","650","","","","","","","","","","","","","","","","","","","","",""
"2023/3/29","EPG-0213","51252","卡鉗$7500/五角BPM$4400/本體螺鍍黑$1000/來令$1300/卸油螺絲$200/M10X14贈前土除$2600/前輪芯鍍黑$1500/碟盤羅鍍黑$900/前SC$3050/HPS$11000/","33,450","","","","","","","","","","","","","","","","","","","","",""
"2023/3/29","EMH-0597","53859","波佩樂後$2000/後外套管$950/後輪培林$1050/","4,000","","","","","","","","","","","","","","","","","","","","",""
"2023/3/29","EMY-0287","52590","3K%$650/","650","","","","","","","","","","","","","","","","","","","","",""
"2023/3/30","EMQ-7919","34959","M5X10F鐵板牙$840/","840","","","","","","","","","","","","","","","","","","","","",""
"2023/3/30","EMQ-6128","24984","鍊條調整上油","0","","","","","","","","","","","","","","","","","","","","",""
"2023/3/30","NKX-3388","563","端子鏡代工","0","","","","","","","","","","","","","","","","","","","","",""
"2023/3/30","EMW-9705","45843","LMG$9500/派克龍$680/固定銷$525/內齒組$7200/拉耳$2200/中古後搖$1500/","21,605","","","","","","","","","","","","","","","","","","","","",""
"2023/3/31","ERH-2697","2884","鍊條清潔$450","450","","","","","","","","","","","","","","","","","","","","",""
"2023/3/31","ENV-3896","10994","五匹$1200","1200","","","","","","","","","","","","","","","","","","","","",""
"2023/3/31","ENQ-3669","48883","601$2650","2650","","","","","","","","","","","","","","","","","","","","",""
"2023/4/1","ENP-9353","9334","279$7990/鍊條清潔$450/BPM(R)$800","9240","3885","","","","","","","","","","","","","","","","","","","",""
"2023/4/1","EMG-0635","46099","拉耳$2800/代工$400/皮帶調整(9K)","3200","1600","","","","","","","","","","","","","","","","","","","",""
"2023/4/1","EMF-0209","113857","無線充電版$2100","2100","680","","","","","","","","","","","","","","","","","","","",""
"2023/4/3","EPV-1662","89","卡座$1400/前碟$2700/卡鉗代工$2000/油管$7800/M10*25 P1.5$300/Z1內管組$7800/TT93 100/90/10 $2000","24000","10093","","","","","","","","","","","","","","","","","","","",""
"2023/4/3","EPF-9666","12506","6711時安裝，皮帶調整","0","","","","","","","","","","","","","","","","","","","","",""
"2023/4/3","EPR-2222","22873","前來令PBF$1000","1000","450","","","","","","","","","","","","","","","","","","","",""
"2023/4/3","EMG-9298","41828","APL二手$3000","3000","","","","","","","","","","","","","","","","","","","","",""
"2023/4/4","EQD-6170","18010","皮帶調整","0","","","","","","","","","","","","","","","","","","","","",""
"2023/4/4","EQC-0506","18183","速系列免費升級$14500/拉耳$2900/PBF後來令$1100/套管$300","18800","11650","","3/17付訂1萬，剩尾款8千8","","","","","","","","","","","","","","","","","",""
"2023/4/4","EMY-7826","24968","主腳架強化支架$580/鍊條保養$450","1030","","350","","","","","","","","","","","","","","","","","","",""
"2023/4/4","MND-5069","36883","BPM前來令$750/襯墊$450/EPIC側腳架1850","3050","1700","","","","","","","","","","","","","","","","","","","",""
"2023/4/4","EQB-7753","37527","6K $900","900","","900","","","","","","","","","","","","","","","","","","",""
"2023/4/4","EMG-0635","46308","珠碗$2400/油線$600","3000","","1100","","","","","","","","","","","","","","","","","","",""
"2023/4/5","ENP-0055","42712","鍊條調整$50/","50","","","","","","","","","","","","","","","","","","","","",""
"2023/4/6","EMQ-2387","24686","Frando(F$1200/","1,200","600","","","","","","","","","","","","","","","","","","","",""
"2023/4/6","EMQ-0928","32598","ZR1$2500/ZR1$2600/BPF(F$800/","5,900","3920","","","","","","","","","","","","","","","","","","","",""
"2023/4/6","EMW-9705","46121","黑準$2000/","2,000","1237","","","","","","","","","","","","","","","","","","","",""
"2023/4/7","EWK0283","4304","裝手機架代工$100/","100","","","","","","","","","","","","","","","","","","","","",""
"2023/4/7","EQC-8000","10057","側住支檔$450/","450","315","","","","","","","","","","","","","","","","","","","",""
"2023/4/8","LAR-9556","11850","BPM前碟$5800/BPM(F$2000/對四白鐵組$625/","8,425","5212","","","","","","","","","","","","","","","","","","","",""
"2023/4/8","EMY-2623","50208","LMG商用$11600/","11,600","7200","","","","","","","","","","","","","","","","","","","",""
"2023/4/10","EMU-9967","11362","9K%$865/前波佩12$1800/強化支架%$580/後波佩$1800/","5,045","1800","1445","","","","","","","","","","","","","","","","","","",""
"2023/4/10","ERE-6666","33453","9K%$455/","455","","455","","","","","","","","","","","","","","","","","","",""
"2023/4/10","MND-5069","36974","MALOSSI握把$1250/","1,250","800","","","","","","","","","","","","","","","","","","","",""
"2023/4/11","ERG-2730","42","黑準防盜$2080/","2,080","1377","","","","","","","","","","","","","","","","","","","",""
"2023/4/11","EQB-0088","13752","煞車油$800/APEXX拉桿$1850/","2,650","1250","","","","","","","","","","","","","","","","","","","",""
"2023/4/11","EQC-0506","18202","培林$2000/","2,000","150","","","","","","","","","","","","","","","","","","","",""
"2023/4/11","EMY-7826","25173","五匹$1200/拉耳$2900/LMG$9500/飛旋$2100/前後SC$6000/","21,700","15180","","700現金+14000刷卡","","","","","","","","","","","","","","","","","",""
"2023/4/12","MPR-3088","31135","AFAM前T$850/TT93 120/70-13$2600/","3,450","1810","","","","","","","","","","","","","","","","","","","",""
"2023/4/13","MKE-6352","8568","後視鏡$2000/AFAM$2850/螺柱$1200/5H金$850/EK$3200/SC前$3250/水行俠後$2600/前輪外套管$650/","16,600","9440","","","","","","","","","","","","","","","","","","","",""
"2023/4/13","ENS-3333","25202","原後碟%$950/後BPM$750/水行俠後$2600/AFAM$2850/螺柱$1200/5H金$850/EK$3200/KOSO置物箱$1200/後視鏡$2000/","15,600","8006","620","","","","","","","","","","","","","","","","","","",""
"2023/4/13","EPF-0238","31825","五匹$1200/無線充$1900/","3,100","1360","","","","","","","","","","","","","","","","","","","",""
"2023/4/13","EMG-7133","36450","3K皮帶調整$/","0","","","","","","","","","","","","","","","","","","","","",""
"2023/4/13","EMY-6263","78343","煞車開關%$600/五匹無線充$1900/279+線組$8490/","10,990","4330","600","","","","","","","","","","","","","","","","","","",""
"2023/4/14","EWH-2237","6813","TT93 100/90-10$2000/","2,000","1092","","","","","","","","","","","","","","","","","","","",""
"2023/4/14","ERE-6666","33482","派克龍$680/碳纖把+噴漆$4000/把座$8500/土除未結$/","13,180","5942","2980","","","","","","","","","","","","","","","","","","",""
"2023/4/15","ENU-2993","4783","接線$800/","800","","","","","","","","","","","","","","","","","","","","",""
"2023/4/15","EMG-5237","8197","前SC$3250/後水行俠$2600/AFAM$2850/AM螺柱$1500/5H紅$850/EK黑金$3500/RR後$4200/三角台$2000/珠碗%$2400/前叉$19600/卡鉗$6900/前碟$2700/","52,350","31290","500","","","","","","","","","","","","","","","","","","",""
"2023/4/15","ENP-9868","245345","LS$38000/左B對四$7500/前PBF$4400/M6X12$2120/M8X8$2320/M10X4$1280/對四插銷$550/碟盤螺$1500/正鈦輪芯$4900/前輪外套管$650/BPM前來$1100/回油$340/卡鉗氣嘴$/420","65,080","42792","","","","","","","","","","","","","","","","","","","",""
"2023/4/17","ERF-3173","11503","油管$8500/M50$12800/BPM前碟$3700/FMF130$10200/煞車油贈$/PBP(F$1300/碟盤螺$1500/6X20X4$1000/PBF碟盤(R$2800/10X50$1100/卡座$2500/CNC螃$20800/PBF(R$1100/8X35$700/鈦插銷550/8*40*2-550","69,200","42600","","","","","","","","","","","","","","","","","","","",""
"2023/4/17","EQB-5607","17754","P800前後$3900/AFAM$2850/EK%$2900/LMG-螺柱$1200/","10,850","3310","2490","","","","","","","","","","","","","","","","","","",""
"2023/4/17","ENB-9138","24148","SC後$3250/5H黑$850/LMG$1200/緩衝橡膠$300/前BPM$2700/前BPM$800/握把套$550/AFAM$2850/EK$3600/","16,100","8480","","","","","","","","","","","","","","","","","","","",""
"2023/4/17","EQB-8217","38858","狗3腳踏座$1500/","1,500","950","","","","","","","","","","","","","","","","","","","",""
"2023/4/17","EQC-41264","41264","FRANDO對四$4000/BPM前碟$2400/S3卡座$1200/煞車油$400/","8,000","5040","","","","","","","","","","","","","","","","","","","",""
"2023/4/18","ERF-7987","4153","五匹手機架+無線充$3100/線組$500/","3,600","1510","","","","","","","","","","","","","","","","","","","",""
"2023/4/18","EQC-9928","6689","6K$455/DLC前叉內管-2000$8500/後水行$1800/插銷彈簧 贈$/","10,755","5500","455","","","","","","","","","","","","","","","","","","",""
"2023/4/18","MKE-6352","8936","二手風鏡$4000/直通頭$600/紅墊片$160/拉桿$1850/黑隼$2080/前來令$1300/後BPM$1000/油杯護套$400/M8$960/M6$2620/卡簧$100/置物箱$1100/把手座+碳纖把+護套%$7800/","44,460","","","","","","","","","","","","","","","","","","","","",""
"2023/4/18","EQC-8000","10362","BPM後碟$1800/FRANDO(R$1000/","2,800","1860","","","","","","","","","","","","","","","","","","","",""
"2023/4/18","ERF-3173","11509","外掛飛翼$4000/惡搞飛旋$2100/SII$16000/8X35X2$700/8X50X2$800/回油$350/ZOO外套管$950/8X20$550/6X2$230/","25,680","19037","","","","","","","","","","","","","","","","","","","",""
"2023/4/18","EQE-1073","31444","BPM後來令$750/","750","385","","","","","","","","","","","","","","","","","","","",""
"2023/4/18","EMH-0597","55515","保養$/派克龍$650/後來令$1300/","1,950","732","","","","","","","","","","","","","","","","","","","",""
"2023/4/18","MCV-3782","55655","前油管$2500/左煞車開關%$500/後擋泥板總成%$2633/","5,915","650","3133","刷卡","","","","","","","","","","","","","","","","","",""
"2023/4/19","EMW-9705","46920","皮帶調整$/","0","","","","","","","","","","","","","","","","","","","","",""
"2023/4/20","ERG-2026","1253","握把套$500/加油管$400/端子鏡$2000/","2,900","1623","","","","","","","","","","","","","","","","","","","",""
"2023/4/20","ENL-7773","27058","代工$1200/","1,200","","","","","","","","","","","","","","","","","","","","",""
"2023/4/20","EQC-1277","35149","凱瑞絲把座$8300/原廠碳纖把+烤漆$3580/FASS握把套$1680/CNC加油管$750/短圓鏡$2000/M8$1000/M6$1500/","18,810","9903","2980","","","","","","","","","","","","","","","","","","",""
"2023/4/21","EPZ-0803","7797","保養)不消$/","0","","","","","","","","","","","","","","","","","","","","",""
"2023/4/21","EQB-1917","14031","派克龍$680/","680","282","","","","","","","","","","","","","","","","","","","",""
"2023/4/21","EPD-3001","29469","CCD後避震$7800/黑隼$2080/","9,880","6597","","","","","","","","","","","","","","","","","","","",""
"2023/4/22","MJU-0915","12401","6K$600/","600","","600","","","","","","","","","","","","","","","","","","",""
"2023/4/22","MDA-3823","25972","短圓鏡$2000/亞旭手機架$800/","2,800","1650","","","","","","","","","","","","","","","","","","","",""
"2023/4/24","EMZ-9566","13089","5H$850/AFAM$2850/P800(R$1800/BPM(R$850/EK$2900/","9,250","2445","2490","","","","","","","","","","","","","","","","","","",""
"2023/4/24","EQC-1277","35642","珠碗$2400/油門線$680/培林$850/","3,930","200","3080","","","","","","","","","","","","","","","","","","",""
"2023/4/24","EMQ-7919","36866","BPM後來$1000/","1,000","560","","","","","","","","","","","","","","","","","","","",""
"2023/4/24","EQB-7753","39068","前叉+珠碗$15000/頸節$3000/M8$780/前搖臂$4500/TT93後$2300/","26,347","6161","9760","街口","","","","","","","","","","","","","","","","","",""
"2023/4/25","ERF-9671","10624","前後CITY$5000/車殼$3861/9K%$720/FASS握把套+油管$2000/","11,581","4566","4581","","","","","","","","","","","","","","","","","","",""
"2023/4/25","EMZ-0326","23388","KOSO前置物$1300/","1,300","682","","","","","","","","","","","","","","","","","","","",""
"2023/4/25","EMW-3068","25339","HPS PRO$19600/台鐵輪心$700/PBF(F$1000/","21,300","15600","","","","","","","","","","","","","","","","","","","",""
"2023/4/25","EMD-6067","28300","PBF前來令$1300/","1,300","450","","","","","","","","","","","","","","","","","","","",""
"2023/4/25","EMH-0053","34527","AFAM$2850/EK$2900/","5,750","760","2490","","","","","","","","","","","","","","","","","","",""
"2023/4/26","EMQ-0160","6016","牌框$1200/白鐵贈$/RR$4395/拖吊$1500/","7,095","4100","","","","","","","","","","","","","","","","","","","",""
"2023/4/26","NFK-2626","19968","方向燈$4600/","4,600","3400","","","","","","","","","","","","","","","","","","","",""
"2023/4/26","EMQ-7919","37064","皮帶調整$/派克龍$680/SC(F$3250/SC(R$3250/PBF(F$1400/風競寄賣-$2000/煞車油$500/","7,080","5032","","","","","","","","","","","","","","","","","","","",""
"2023/4/26","MCU-3782","55823","後擋泥板總成$2500/","2,500","","2500","","","","","","","","","","","","","","","","","","",""
"2023/4/26","EQB-6133","","SC(F$3250/SC(R$3250/EK$2900/AFAM$2850/螺柱$1200/5H$850","15,150","5810","2490","","","","","","","","","","","","","","","","","","",""
"2023/4/27","EPF-8003","10252","後水行/2550","2,550","1680","","","","","","","","","","","","","","","","","","","",""
"2023/4/27","EQD-1901","13142","LMG$9500/BPM(R$750/齒輪油$200/CITY(R%$2850/鈦螺母$1200/","14,500","6985","2450","","","","","","","","","","","","","","","","","","",""
"2023/4/27","EMQ-9979","24140","LMG$9500/拉耳$3200/APEXX拉桿$1850/煞車開關%$650/","15,200","8850","650","13000+5%","","","","","","","","","","","","","","","","","",""
"2023/4/27","EMG-6693","39783","正鈦插銷$550/卡簧$100/","650","325","","","","","","","","","","","","","","","","","","","",""
"2023/4/27","ENL-3219","53435","水箱%$2000/","2,000","","2000","","","","","","","","","","","","","","","","","","",""
"2023/4/28","EQB-2525","8838","握把+加油管'$950/後碟$2000/BPM後來$750/S01前$3400/後TT93$2300/拉桿$1850/LM齒輪油$450/","11,700","6490","","","","","","","","","","","","","","","","","","","",""
"2023/4/28","EQC-0506","18621","馬達維修$3800/","3,800","270","","","","","","","","","","","","","","","","","","","",""
"2023/4/28","EQB-0121","53321","皮帶檢查$/","0","359636","","","","","","","","","","","","","","","","","","","",""
"2023/5/1","MNZ-8585","11222","EK$2900/AFAM$2850/水行俠$2450/黑隼$1880/握把$850/","10,930","3800","2490","","","","","","","","","","","","","","","","","","",""
"2023/5/2","EPR-2222","23955","TT93110/70-12$2300/滑塊$1000/M8墊片贈$/M8X20鍍黑$300/前後輪鍍鈦輪心$2150/惡搞飛旋$2100/省力主腳架+強化$2500/磁吸前飾蓋$250/MOS卡夢土除支架$1900/6MM螺母$460/6X15X2$440/8M墊片$/內裝$2200/","15,600","7803","2500","","","","","","","","","","","","","","","","","","",""
"2023/5/2","EMZ-9771","19879","5H$850/AFAM$2850/EK$2900/螺柱$1200/補胎$/","7,800","1510","2490","","","","","","","","","","","","","","","","","","",""
"2023/5/2","MKE-6352","9172","鴨尾$1500/惡搞飛旋$2100/M8X35 FX2$680/側柱$1850/腳墊$450/內裝三件組$2200/M8X25FX4$1120/車體前飾蓋$350/烤漆$9500/中柱$2500/6002+6302$950/趁管$2800/M8X30BX5$/","27,400","12358","3000","","","","","","","","","","","","","","","","","","",""
"2023/5/3","EQB-7753","39819","川歐後碟$2800/6K%$900/PBF(F$1200/","4,900","1950","900","","","","","","","","","","","","","","","","","","",""
"2023/5/3","EMG-6693","39978","珠碗$2400/","2,400","","600","","","","","","","","","","","","","","","","","","",""
"2023/5/3","EMQ-0176","10651","前輪心%$700/前輪培林%$850/前輪內外套管$850/中古三角台前叉$1500/轉向工資$600/烤漆消光$6300/主腳架+強化%$2500/","13,300","4380","250","","","","","","","","","","","","","","","","","","",""
"2023/5/3","EMQ-7919","37421","黑隼無線充$2990/6K%$450/","3,440","1560","450","","","","","","","","","","","","","","","","","","",""
"2023/5/4","EMY-2623","51342","皮帶調整$/前BPM AK550$1200/前碟BPM$2700/","3,900","2450","","","","","","","","","","","","","","","","","","","",""
"2023/5/4","EPF-0911","25752","3K皮帶調整$/","0","","","","","","","","","","","","","","","","","","","","",""
"2023/5/5","EPF-0135","18409","前後SC$6500/派克龍$680/前後F來令$2600/前BPM260$3200/後PBF保修$1700/煞車油$900/皮帶調整$/","15,580","8542","","","","","","","","","","","","","","","","","","","",""
"2023/5/5","EPV-6606","1941","EPIC拉桿$1600/內管組$11400/前輪心$850/","13,850","7800","","","","","","","","","","","","","","","","","","","",""
"2023/5/5","EPS-8953","564","黑隼$2000/","2,000","1237","","","","","","","","","","","","","","","","","","","",""
"2023/5/5","ERF-3109","11274","舒適型%$1780/拉桿$1850/","3,630","1250","1250","街口","","","","","","","","","","","","","","","","","",""
"2023/5/6","MCG-8222","2611","超速拉桿$1800/","1,800","1100","","","","","","","","","","","","","","","","","","","",""
"2023/5/6","EMQ-7280","31005","EK黑金$3700/PBF(R$1200/","4,900","2650","","","","","","","","","","","","","","","","","","","",""
"2023/5/6","EMG-0963","20421","FRANDO(R$1300/LM$450/大保養%$1600/","3,350","581","1600","","","","","","","","","","","","","","","","","","",""
"2023/5/6","EQB-2181","15453","派克龍$680/","680","282","","","","","","","","","","","","","","","","","","","",""
"2023/5/8","EMQ-0891","90578","PB%$1350/前SC$3250/前後來令$2150/9K%$800/煞車油$900/前6201$950/AFAM$2850/","12,250","5995","1950","","","","","","","","","","","","","","","","","","",""
"2023/5/8","ERF-9628","9839","五匹$1200/無線充$1800/線組$500/","3,500","1560","","訂金6310","","","","","","","","","","","","","","","","","",""
"2023/5/8","EPF-8686","21489","110/70-12水行俠$2300/前6162$2200/","4,500","2920","","","","29600","","","","","","","","","","","","","","","",""
"2023/5/9","EMW-3068","25786","前SC$3250 6201X2$950/","4,200","2400","","","","650","","","","","","","","","","","","","","","",""
"2023/5/9","EPZ-9706","13265","蓋PRO$14800/商用版$11600/齒輪油贈 $/","26,400","16200","","刷卡","","26700","","","","","","","","","","","","","","","",""
"2023/5/9","EQD-5360","6072","水行俠100/90-10$1800/","1,800","1190","","","","20300","","","","","","","","","","","","","","","",""
"2023/5/9","EMK-8536","16393","皮帶調整$/","0","","","","","2800","","","","","","","","","","","","","","","",""
"2023/5/10","ENS-3333","25930","內裝三件%$2200/S板下擾流%$2800/把座$8500/把$4000/黑隼$2080/儀表護套$680/油杯套$760/拉桿$1850/油線$680/殼$3000/後廠標$180/風鏡$1880/M6螺母$920/M8$580/M6$1020","32,000","9707","13600","","","10200","","","","","","","","","","","","","","","",""
"2023/5/10","ENP-8866","19318","18K$1800/前來令frando$1300/前後afam$2850/","5,950","1240","1800","","","1600","","","","","","","","","","","","","","","",""
"2023/5/11","EQB-6293","28270","派克龍$680/前後水行俠$5000/前後PBF$2300/6201$950/","8,930","4642","","訂金2000","","2240","","","","","","","","","","","","","","","",""
"2023/5/11","EPF-0911","25869","惡搞側柱$8800/PBF$1400/M5X10B$720/M6$800/","12,072","7983","","","","600","","","","","","","","","","","","","","","",""
"2023/5/12","EMR-6352","85856","18K%$1800/","1,800","","1800","","","7590","","","","","","","","","","","","","","","",""
"2023/5/12","NLF-7799","389","實收$277500/總計281470$/","277,500","190477","","","","400","","","","","","","","","","","","","","","",""
"2023/5/12","EMW-9705","48364","後BPM碟$2100/後來令$850/6K%$600/","3,728","1825","600","","","710","","","","","","","","","","","","","","","",""
"2023/5/12","EPZ-9002","22327","卡夢外掛式後土除$4700/","4,700","2500","","","","2180","","","","","","","","","","","","","","","",""
"2023/5/12","EMY-1575","34637","TIONLY M10$880/","880","460","","","","1503","","","","","","","","","","","","","","","",""
"2023/5/13","EMG-5609","31903","PBF後來令$1200/原廠後碟%$9501200/5H$850/後內套管$400/","4,600","1400","950","","","10150","","","","","","","","","","","","","","","",""
"2023/5/15","EPR-2222","24515","S01$3100/","3,100","2200","","","","3900","","","","","","","","","","","","","","","",""
"2023/5/15","EMF-8988","5072","上移$4700/後土除$3500/","8,200","4500","","","","2600","","","","","","","","","","","","","","","",""
"2023/5/15","EMY-1575","34641","DC-BOX%$4000/","4,000","","4000","","","1500","","","","","","","","","","","","","","","",""
"2023/5/16","EPF-8686","21567","倒車鍵$650/","650","","650","","","3400","","","","","","","","","","","","","","","",""
"2023/5/16","EPF-9107","34981","上移$4700/","4,700","2500","","","","1400","","","","","","","","","","","","","","","",""
"2023/5/17","NKY-5078","14","前SC120/70-13$3000/後SC130/70-13$3400/珠碗%$2800前輪培林950/煞車油$900/","11,050","4400","","","","500","","","","","","","","","","","","","","","",""
"2023/5/17","NFK-2626","20291","5/40$850/皮帶$1200/後視鏡$1800/120/80-12$2800/普利朱$450/齒輪油贈$/","7,100","4675","","","","2200","","","","","","","","","","","","","","","",""
"2023/5/17","EPF-2238","66564","BPM前來另$1300/","1,300","700","","","","3200","","","","","","","","","","","","","","","",""
"2023/5/18","EQB-7590","29865","煞車油$300/耐油管$300/","600","","","","","1000","","","","","","","","","","","","","","","",""
"2023/5/18","EMQ-9979","24471","保固升級蓋PRO$11000/","11,000","6500","","","","940","","","","","","","","","","","","","","","",""
"2023/5/18","EPG-0213","54644","派克隆$680/後來令$1300/皮帶調整$/","1,980","762","","7700現金+14000刷卡","","27000","","","","","","","","","","","","","","","",""
"2023/5/19","ENP-1817","38217","左右開關%$3950/珠碗%$2400/前碟盤螺絲$1500/前輪(小閃$2800/照地燈$2500/M6X20$480/","13,630","4190","6350","","","1523","","","","","","","","","","","","","","","",""
"2023/5/19","EPZ-1087","17760","短圓鏡$2000/前CMSR$2400/6K%$390/皮帶調整$/","4,790","2913","600","","","900","","","","","","","","","","","","","","","",""
"2023/5/20","EQB-7599","48391","AP拉桿$1950/狗3加大腳踏$1500/","3,450","2200","","","","500","","","","","","","","","","","","","","","",""
"2023/5/20","EQB-7753","41118","二手Y架$800/","800","","","","","2200","","","","","","","","","","","","","","","",""
"2023/5/20","EPV-1662","582","工資$1500/白鐵前輪$550/卡鉗本體$950/大牌螺絲$600/碟盤螺絲$450/前輪外套館$650/墊片$300/拉桿$1950/工資$500/","7,450","2875","","","","1700","","","","","","","","","","","","","","","",""
"2023/5/22","EMY-3076","45520","SY充電座保固'$/銘版$150/","150","","150","","","250","","","","","","","","","","","","","","","",""
"2023/5/22","ENP-6573","22402","水行俠前後$4600/6K%$600/拉桿$1850/","7,050","4170","600","","","3900","","","","","","","","","","","","","","","",""
"2023/5/22","EPF-0238","32478","五匹無線出保$/LM500ML$700/BPM對四$900/","1,600","945","","","","1100","","","","","","","","","","","","","","","",""
"2023/5/24","EQB-7753","41425","前S98 SPORT%$2200/前碟$2800/PBF前來令$1400/","6,400","2250","2200","","","5200","","","","","","","","","","","","","","","",""
"2023/5/25","ERF-5783","9342","前FRANDO$1100/後PBF$1200/上搖臂羊角$2000/工資$2000/川歐卡做$3800/","10,100","3130","","","","2381","","","","","","","","","","","","","","","",""
"2023/5/25","EQC-2153","23284","黑準無線$3790/BPM後碟$2100/","5,890","3103","","","","450","","","","","","","","","","","","","","","",""
"2023/5/25","EMH-0597","58523","前來令PBF$1400/派克龍$680/6k%$600/皮帶調整$/","2,680","732","600","","","450","","","","","","","","","","","","","","","",""
"2023/5/25","ERG-2026","2363","子彈袋$150/SIXIS橫桿$750/","900","430","","","","560","","","","","","","","","","","","","","","",""
"2023/5/26","EPG-8325","24654","油門線$680/BPM前碟$2800/PBF(F$1400/P800$2000/PBF(R$1200/低阻尼油封土封$3500/BPM後碟$2100/LM齒輪油$450/珠碗%$2400/皮帶調整$/","16,530","","","","","1500","","","","","","","","","","","","","","","",""
"2023/5/26","MPN-5696","27682","皮帶調整$/","0","","","","","3000","","","","","","","","","","","","","","","",""
"2023/5/26","EQC-5957","2987","黑準$1880/","1,880","973","","","","","","","","","","","","","","","","","","","",""
"2023/5/27","EMH-7109","17757","左拉桿$310/珠碗%$2400/油門線%$650/加油管$450/握把套$500/","4,310","123","970","","","","","","","","","","","","","","","","","","",""
"2023/5/27","MJV-0915","12528","PB%$1350/","1,350","","1250","","","","","","","","","","","","","","","","","","",""
"2023/5/29","ERF-7073","12426","水行俠$2300/","2,300","1500","","","","","","","","","","","","","","","","","","","",""
"2023/5/29","EQC-8186","23620","SC(F$3250/6K$600/","3,850","2200","650","","","","","","","","","","","","","","","","","","",""
"2023/5/29","EQB-7753","41832","煞車通氣孔螺絲$110/左煞車開關$600/","710","","710","","","","","","","","","","","","","","","","","","",""
"2023/5/29","ERF-9671","13683","代工$800/","800","","","","","","","","","","","","","","","","","","","","",""
"2023/5/29","EPG-9165","11246","水行俠$2300/LMG拉耳$2900/皮帶調整$/","5,200","3100","","3/17付訂1萬，剩尾款8千8","","","","","","","","","","","","","","","","","",""
"2023/5/29","ENU-6110","29316","加油管$450/FASS握把套$1680/AP拉桿$1850/二手把+座$1500/","5,480","2616","","","","","","","","","","","","","","","","","","","",""
"2023/5/29","EPF-7359","3654","FASS搖臂$14800/滾珠軸承$2680/代工$100/","17,580","12980","","","","","","","","","","","","","","","","","","","",""
"2023/5/30","EPZ-9706","14405","皮帶調整$/FRANDO(f$1300/FASS握把套$1680/NCY加油$750/","3,730","2223","","","","","","","","","","","","","","","","","","","",""
"2023/5/30","ERF-5783","9342","P800(R$1700/","1,700","650","","","","","","","","","","","","","","","","","","","",""
"2023/5/30","ERE-6666","34088","POSH前輪芯$10500/","10,500","5250","","","","","","","","","","","","","","","","","","","",""
"2023/5/30","MGE-1119","62288","TT93$2300/後碟$2100/後PBF$1100/前FRANDO$1300/","6,800","3461","","398003","","","","","","","","","","","","","","","","","",""
"2023/6/1","ENS-5372","6068","前水行$2500/PB%$1315/6K%$600/","4,415","","","","","","","","","","","","","","","","","","","","",""
"2023/6/2","EME-9989","24108","PB%$1315/APL頭燈$7250/LD方向燈$2700/","11,265","","","","","","","","","","","","","","","","","","","","",""
"2023/6/2","EQB-3069","4792","C23$7800/","7,800","","","","","","","","","","","","","","","","","","","","",""
"2023/6/2","EMQ-7919","40647","9K%$455/前碟$4400/前來令$1300/派克龍$680/皮帶調整油封墊片$160/油管墊片$400/直通頭粗牙$200/ZOO廢聯動$2500/煞車油$1000/","11,095","","","","","","","","","","","","","","","","","","","","",""
"2023/6/3","EPZ-9002","24453","歐老師$27800/飛翼$3990/F牌總泵$10500/油管$4000/AK卡鉗$6900/6X20X4$1000/M10X40X2$1100/M10X55X2$1200/側腳架$2000/後視鏡$2000/煞車油$900/","61,390","","","","","","","","","","","","","","","","","","","","",""
"2023/6/3","ENP-1018","15096","LMG商用$11600/P800(F.R$3900/BPM(R$850/","16,350","","","","","","","","","","","","","","","","","","","","",""
"2023/6/3","EPV-0520","2233","TT93(F.R$3900/","3,900","","","","","","","","","","","","","","","","","","","","",""
"2023/6/5","EMG-5193","59222","LMG拉耳$2800/","2,800","","","","","","","","","","","","","","","","","","","","",""
"2023/6/5","EMQ-7919","40833","黑隼保固","0","","","","","","","","","","","","","","","","","","","","",""
"2023/6/5","EQB-7753","42367","五匹無線充$1200/","1,200","","","","","","","","","","","","","","","","","","","","",""
"2023/6/5","MPB-9572","22823","防水膠條$350/","350","","","","","","","","","","","","","","","","","","","","",""
"2023/6/6","ERF-2193","14877","內齒$7500/皮帶$9500/齒輪油$200/拉耳$2900/","20,100","","","","","","","","","","","","","","","","","","","","",""
"2023/6/7","ERG-5521","36426","代工$400/","400","","","","","","","","","","","","","","","","","","","","",""
"2023/6/7","EPE-0095","12474","後輪音樂胎$2500/前碟$980/","3,480","","","","","","","","","","","","","","","","","","","","",""
"2023/6/7","ENP-1367","12080","6K%$600/PB%$1315/","1,915","","","","","","","","","","","","","","","","","","","","",""
"2023/6/8","EQB-6133","24852","BPM(R$850/18K%$1800/","2,650","","","","","","","","","","","","","","","","","","","","",""
"2023/6/8","ENP-7269","9921","皮帶調整FASS握把$1680/NCY加油$750/","2,430","","","","","","","","","","","","","","","","","","","","",""
"2023/6/8","ENP-9353","10147","EK%$2900/AFAM$2850/5H$850/","6,600","","","","","","","","","","","","","","","","","","","","",""
"2023/6/8","EMR-2696","24264","EPIC側住$2000/18K%$1800/P800(F$2000/","5,800","","","","","","","","","","","","","","","","","","","","",""
"2023/6/8","ENT-6790","10247","左後視鏡$550/","550","","","","","","","","","","","","","","","","","","","","",""
"2023/6/8","EPZ-9002","24658","後卡$6800/後碟$2800/卡座$2600/搖臂$1000/後PBF$1200/M8X20X2$500/M8X40X2$640/氣嘴$420/插銷$550/迴油1.0$340/卡簧$100/前二手卡座$1000/","17,950","","","","","","","","","","","","","","","","","","","","",""
"2023/6/9","EMY-2623","52827","6201X2$1000/ZOO二手套館$500/","1,500","","","","","","","","","","","","","","","","","","","","",""
"2023/6/9","EMG-1287","108125","尾$25000/前來令$1300/18k%$1800/拉桿$2200/後zero$9500/羊角易格斯$7000/","46,800","","","","","","","","","","","","","","","","","","","","",""
"2023/6/9","ERG-5956","9","KOSO置物箱$1300/黑隼$1880/牌框$1200/","4,380","","","","","","","","","","","","","","","","","","","","",""
"2023/6/9","ERG-6153","240","EPIC側柱$1850/手機架$2080/","3,930","","","","","","","","","","","","","","","","","","","","",""
"2023/6/9","EPF-1381","33905","PBF後來令$1200/二手後碟鍊條保養","1,200","","","","","","","","","","","","","","","","","","","","",""
"2023/6/10","EMY-1873","13869","前後波沛樂$4200/6201X2$950/","5,150","","","","","","","","","","","","","","","","","","","","",""
"2023/6/10","EPG-3599","50950","二手卡鉗二手碟盤轉向軸承急速火箭來令$17500/6201X2$950/煞車開關油門線$1350/","19,800","","","","","","","","","","","","","","","","","","","","",""
"2023/6/10","ENT-6790","10264","前後P800$3800/","3,800","","","","","","","","","","","","","","","","","","","","",""
"2023/6/10","ERH-0929","4013","3K%$455/FRANDO後$1300/","1,755","","","","","","","","","","","","","","","","","","","","",""
"2023/6/10","MND-0516","54104","$7990/線組$500/","8,490","","","","","","","","","","","","","","","","","","","","",""
"2023/6/12","EMQ-7919","41243","6X10F$360/集風罩$3800/","4,160","","","","","","","","","","","","","","","","","","","","",""
"2023/6/12","EPF-8890","22380","珠碗%$2400/","2,400","","","","","","","","","","","","","","","","","","","","",""
"2023/6/12","ERH-3868","1792","烤肉架%$4450/","4,450","","","","","","","","","","","","","","","","","","","","",""
"2023/6/12","ENP-1367","12166","水行俠前後$2600/","2,600","","","","","","","","","","","","","","","","","","","","",""
"2023/6/13","EQB-6826","16898","BT601$2800/AFAM$2850/DID$2900/","8,550","","","","","","","","","","","","","","","","","","","","",""
"2023/6/13","EMQ-9979","24860","椅墊$800/","800","","","","","","","","","","","","","","","","","","","","",""
"2023/6/14","EWB-8102","21536","前後煞車油$900/","900","","","","","","","","","","","","","","","","","","","","",""
"2023/6/14","MBZ-1208","29225","前BPM$2800/FRANDO前$1300/$2100/TT93$2300/","8,500","","","","","","","","","","","","","","","","","","","","",""
"2023/6/14","EQD-6538","11723","NCY加油$750/FASS握把$1680/","2,430","","","","","","","","","","","","","","","","","","","","",""
"2023/6/14","EMY-3086","40954","商用LMG$11600/","11,600","","","","","","","","","","","","","","","","","","","","",""
"2023/6/15","ENP-7356","24861","水行俠110/70-12$2300/PBF保修碟$1820/BPM(r$850/齒輪油$200/前後煞車油$900/","6,070","","","","","","","","","","","","","","","","","","","","",""
"2023/6/15","MCD-2525","44592","線組$900/代工$2000/手機支架$500/黑隼底座$500/","3,900","","","","","","","","","","","","","","","","","","","","",""
"2023/6/16","EMG-6693","40986","油線$680/NCY油管$750/左開關%$2200/ECU%$4500/","8,130","","","","","","","","","","","","","","","","","","","","",""
"2023/6/16","ERF-5783","10169","鍛造後扶手$3400/","3,400","","","","","","","","","","","","","","","","","","","","",""
"2023/6/16","NLF-9832","1209","半合成5/40$750/齒輪油$50/","800","","","","","","","","","","","","","","","","","","","","",""
"2023/6/17","EMQ-7172","57325","KOSO尾燈$4600/","4,600","","","","","","","","","","","","","","","","","","","","",""
"2023/6/17","NKZ-3570","17486","前叉+AK550$18000/M10X50X2$360/洩油$300/魚目$300/半合5/40$750/派克龍$350/","20,060","","","","","","","","","","","","","","","","","","","","",""
"2023/6/17","EMW-9705","50024","三角台+轉向中古S2前叉中古卡鉗$11100/BPM前碟$2800/PBF(F$1100/FASS握把$2480/NCY$350/油線$680/","18,510","","","","","","","","","","","","","","","","","","","","",""
"2023/6/17","NFK-2626","20695","CODO開閉盤$4000/CODO後組$4200/空濾$650/","8,850","","","","","","","","","","","","","","","","","","","","",""
"2023/6/18","EMG-7939","33032","水行俠110/70-12$2250/","2,250","","","","","","","","","","","","","","","","","","","","",""
"2023/6/19","ENQ-3669","51349","後水行俠$2300/BPM後碟$2100/BPM後來令$850/","5,250","","","","","","","","","","","","","","","","","","","","",""
"2023/6/19","EMH-7208","42489","P800(r$2000/","2,000","","","","","","","","","","","","","","","","","","","","",""
"2023/6/19","EPF-1822","22921","POSI後靠背$2680/","2,680","","","","","","","","","","","","","","","","","","","","",""
"2023/6/19","EPR-3178","15746","NCY加油管$750/","750","","","","","","","","","","","","","","","","","","","","",""
"2023/6/20","EQC-1036","7700","APEXX拉桿$1950/","1,950","","","","","","","","","","","","","","","","","","","","",""
"2023/6/20","EMZ-9771","20615","6K%$600/","600","","","","","","","","","","","","","","","","","","","","",""
"2023/6/20","MHQ-9190","44446","皮帶$2000/","2,000","","","","","","","","","","","","","","","","","","","","",""
"2023/6/21","EMG-9298","43603","前後FRANDO$2500/卡簧$100/","2,600","","","","","","","","","","","","","","","","","","","","",""
"2023/6/21","MNB-3333","28914","FRANDO$1300/","1,300","","","","","","","","","","","","","","","","","","","","",""
"2023/6/21","NKZ-3570","17602","後碟$1600/後來令$900/","2,500","","","","","","","","","","","","","","","","","","","","",""
"2023/6/21","EMY-7017","30706","皮帶調整","0","","","","","","","","","","","","","","","","","","","","",""
"2023/6/21","NKZ-3570","17579","SY空濾$850/","850","","","","","","","","","","","","","","","","","","","","",""
"2023/6/26","ENP-5309","100851","保修碟盤$1800/AP拉桿$1850/","3,650","","","","","","","","","","","","","","","","","","","","",""
"2023/6/26","ENQ-7735","53024","速LMG$14500/拉耳$2900/","17,400","","","","","","","","","","","","","","","","","","","","",""
"2023/6/26","EPG-7985","7481","LMG$9500/拉耳$2800/前後波沛樂$4200/PBF前來令$1100/","17,600","","","","","","","","","","","","","","","","","","","","",""
"2023/6/26","EQB-9029","8081","前BPM$1300/後水行俠$2500/","3,800","","","","","","","","","","","","","","","","","","","","",""
"2023/6/28","MPA-1038","19902","加高後座靠$2200/鑰匙中古$1315/FASS椅墊$4980/握把套$750/亞旭支架$850/超速拉桿$2200/","12,295","","","","","","","","","","","","","","","","","","","","",""
"2023/6/28","EQB-7753","43459","6K+動力組銘版%$1200/後避震$17000/","18,746","","","","","","","","","","","","","","","","","","","","",""
"2023/6/28","EMQ-0079","73415","FRANDO(F$1300/PBF(R$1200/油門線$650/","3,150","","","","","","","","","","","","","","","","","","","","",""
"2023/6/28","EQB-2208","70273","內齒$7200/LM齒輪油$450/柱油螺栓$300/洩油螺$100/主腳架強化支架$450/","8,500","","","","","","","","","","","","","","","","","","","","",""
"2023/6/28","ERF-8805","6520","五匹$1200/","1,200","","","","","","","","","","","","","","","","","","","","",""
"2023/6/28","EMQ-6361","23233","FASS鍊條蓋$1045/","1,045","","","","","","","","","","","","","","","","","","","","",""
"2023/6/29","EPF-9388","36511","卡鉗代工$2000/BPM前碟$3800/PBF前對四$1400/LMSR SRR$2650/M10X25 P1.5$110/","9,960","","","","","","","","","","","","","","","","","","","","",""
"2023/6/29","ENB-6567","27970","LMG$9500/","9,500","","","","","","","","","","","","","","","","","","","","",""
"2023/6/29","EQB-7826","9964","BPM後碟$2100/PBF(R$1100/","3,200","","","","","","","","","","","","","","","","","","","","",""
"2023/6/29","EQB-3069","5065","FASS魚雷$5680/惡搞飛旋$2100/","7,780","","","","","","","","","","","","","","","","","","","","",""
"2023/6/30","MJQ-1680","15998","NG850$2100/RPM風嘴$1000/川歐卡座$3800/川毆後碟$2800/黑底紅大螃$6800/BPM(F$1100/GII ZERO$9800/超速拉桿$2200/黑準$2080/腳踏板蓋$3100/右開關1250","31,680","","","","","","","","","","","","","","","","","","","","",""
"2023/6/30","EPF-5580","16576","煞車油$950/前水行俠$2500/派克龍$680/","4,130","","","","","","","","","","","","","","","","","","","","",""
"2023/6/30","EQB-8217","42159","CITY110-70/12$2600/AD拉桿$1850/PBF$1200/","5,650","","","","","","","","","","","","","","","","","","","","",""
"2023/6/30","NKZ-3570","17777","RPM RT$15000/","15,000","","","6月598971","","","","","","","","","","","","","","","","","",""
"2023/7/1","ENE-1636","28832","FRANDO(R$1300/BPM後碟$2100/音樂胎$2400/TT93$2350/","8,150","","","","","","","","","","","","","","","","","","","","",""
"2023/7/3","SV-30","43613","AFAM$7000/EK黑金$5200/機油代工$150/油芯$100/左煞車油$400/","12,850","","","","","","","","","","","","","","","","","","","","",""
"2023/7/3","EMQ-9979","25207","皮帶調整$/","0","","","","","","","","","","","","","","","","","","","","",""
"2023/7/3","EMY-6263","85463","皮帶$2000/載車$800/CITY%$2850/左開關%$2200/油門線%$680/","8,530","","1860","","","","","","","","","","","","","","","","","","",""
"2023/7/3","EPG-8685","30943","皮帶調整$/","0","","","","","","","","","","","","","","","","","","","","",""
"2023/7/3","EMH-0597","60754","油杯(試$/煞車油贈$/","0","","","","","","","","","","","","","","","","","","","","",""
"2023/7/3","EMQ-6285","32018","皮帶調整$/SY充電器$2100/","2,100","","","","","","","","","","","","","","","","","","","","",""
"2023/7/3","EMG-5993","22295","LMG$9500/油線$650/S98EV前後$4500/FASS握把$2080/","16,730","","4010","","","","","","","","","","","","","","","","","","",""
"2023/7/4","EPF-6566","37256","皮帶調整$/","0","","","","","","","","","","","","","","","","","","","","",""
"2023/7/5","EQB-6305","16277","P800後$1800/5H$850/LMG螺柱$1250/","3,900","","","","","","","","","","","","","","","","","","","","",""
"2023/7/5","NFK-2626","21030","LM半合成$800/","800","","","","","","","","","","","","","","","","","","","","",""
"2023/7/5","NLF-9832","1575","MG$1866/後視鏡$1800/","3,666","","","","","","","","","","","","","","","","","","","","",""
"2023/7/6","EQB-7753","44001","S98 SPORT(後%$2200/","2,200","","1850","","","","","","","","","","","","","","","","","","",""
"2023/7/6","ERF-2193","15199","DCBOX%$4500/握把套$/","4,500","","3700","","","","","","","","","","","","","","","","","","",""
"2023/7/6","EQP-5360","6853","BPM後來令$850/","850","385","","","","","","","","","","","","","","","","","","","",""
"2023/7/6","NLF-9832","1591","噴漆$1600/","1,600","160","","","","","","","","","","","","","","","","","","","",""
"2023/7/6","EQC-8276","15539","前P800$1800/","1,800","900","","","","","","","","","","","","","","","","","","","",""
"2023/7/7","EPG-7511","73310","皮帶調整$/","0","","","","","","","","","","","","","","","","","","","","",""
"2023/7/7","ENL-0538","7530","後靠背$2880/","2,880","1980","","","","","","","","","","","","","","","","","","","",""
"2023/7/7","MJQ-1680","16044","置物箱$1200/大牌背板$1220/前卡$7500/前碟$3100/卡座$1850/來令$1400/螺絲&插銷$1400/煞車油$450/迴油$250/M10X25$220/後擋泥總成$2850/後鏡支架$800/","22,240","","3100","","","","","","","","","","","","","","","","","","",""
"2023/7/7","EWM-1355","16051","FASS握把套$1680/","1,680","","","","","","","","","","","","","","","","","","","","",""
"2023/7/11","NKZ-3570","18148","前碟$4200/前F來令$1300/前S01$3500/A550插銷$550/","9,550","","","","","","","","","","","","","","","","","","","","",""
"2023/7/11","EMQ-0079","74222","SC100/80-14$2800/","2,800","2250","","","","","","","","","","","","","","","","","","","",""
"2023/7/12","NQN-8831","103","拉桿$1850/加油管$950/","2,800","","","","","","","","","","","","","","","","","","","","",""
"2023/7/12","MPA-1038","201479","飛旋%$2050/腳踏座%$1190/照地燈%$2910/ECU%$6300/掛勾$1600/右油壓式$450/","14,500","","","","","","","","","","","","","","","","","","","","",""
"2023/7/12","ENP-6520","65706","烤漆$6800/車台$3000/P800(R$2000/拖吊$800/車牌框$1200/工資$6000/三角台$1600/","21,400","","","","","","","","","","","","","","","","","","","","",""
"2023/7/12","EWB-0555","0","黑準$1990/車牌框$1200/","3,190","","","","","","","","","","","","","","","","","","","","",""
"2023/7/12","MXN-9796","25798","SC後輪130/70-12$2300/","2,300","","","","","","","","","","","","","","","","","","","","",""
"2023/7/12","EMH-0597","61254","蓋PRO$11000/後碟$2500/後來令$1300/","14,800","","","","","","","","","","","","","","","","","","","","",""
"2023/7/12","EQC-8276","15729","極速火箭$4400/","4,400","3000","","","","","","","","","","","","","","","","","","","",""
"2023/7/14","EPF-0908","24560","皮帶調整$/PAKELO$680/","680","282","","","","","","","","","","","","","","","","","","","",""
"2023/7/14","EQB-6262","872","BREMBO黑底紅$7500/卡座$1800/BPM碟$38002800/CMSR$2600/置物櫃贈$/油管螺絲$/","18,500","","","","","","","","","","","","","","","","","","","","",""
"2023/7/14","EQB-7599","50754","CITY(R110/70-12$2600/","2,600","","","","","","","","","","","","","","","","","","","","",""
"2023/7/14","ERH-3868","3512","FASS椅墊$5080/","5,080","","4980","","","","","","","","","","","","","","","","","","",""
"2023/7/14","ERG-7337","146","大牌上移$4800/代工$450/","5,250","2500","","","","","","","","","","","","","","","","","","","",""
"2023/7/15","隔壁老闆","","FRANDO油管$1000/6201-6301$250/","1,250","200","","","","","","","","","","","","","","","","","","","",""
"2023/7/15","ENP-6573","22422","惡搞飛旋$2100/行車紀錄器+前後支架$7990/後碟$2100/PBF(R$1200/","13,390","","","","","","","","","","","","","","","","","","","","",""
"2023/7/15","EMH-0597","61547","6K$455/","455","","455","","","","","","","","","","","","","","","","","","",""
"2023/7/17","EPF-5375","28519","皮帶調整$/齒輪油$200/BPM(R$900/後煞車碟盤$950/","2,050","","","","","","","","","","","","","","","","","","","","",""
"2023/7/17","EMY-2623","53356","齒輪油$200/皮帶調整$/","200","","","","","","","","","","","","","","","","","","","","",""
"2023/7/17","MMC-7209","25896","GHOST圓鏡$2000/","2,000","","","","","","","","","","","","","","","","","","","","",""
"2023/7/18","ERG-7337","319","廢SBS$2800/超速拉桿$1800/","4,600","","","","","","","","","","","","","","","","","","","","",""
"2023/7/18","MXN-9796","25930","前川歐碟盤$3600/前F來令$4400/","8,000","","","","","","","","","","","","","","","","","","","","",""
"2023/7/18","ENL-0538","7642","皮帶組$9500/洗車$800/拉耳$2900/","13,200","","","","","","","","","","","","","","","","","","","","",""
"2023/7/19","ENP-1817","39564","BPM(F$1900/BPM(R$1600/PAKELO$680/9K$600/","4,780","","","","","","","","","","","","","","","","","","","","",""
"2023/7/19","EQC-6672","21155","DY內管含油封$600/S98EV$2100/前煞車皮贈$/","2,700","","","","","","","","","","","","","","","","","","","","",""
"2023/7/19","MGE-1101","40639","中古後卡$800/短圓鏡$2000/中古輪胎$3000/中古儀表$1500/FASS握把$1680/椅墊$800/","9,780","","","","","","","","","","","","","","","","","","","","",""
"2023/7/21","EMQ-5222","21600","皮帶調整$/馬達培林$2800/BPM煞車皮$800/ERI(R$2400/","6,000","","","","","","","","","","","","","","","","","","","","",""
"2023/7/21","EMF-8988","5524","FRANDO(F$1100/FRANDO(R$1300/BPM前碟$3800/PBF保修$1800/APEXX拉桿$1850/狗窩$4100/","13,950","","","","","","","","","","","","","","","","","","","","",""
"2023/7/21","EMY-0061","31686","9K$455/LM齒輪油$450/椅墊$2800/皮帶調整$/","3,705","","","","","","","","","","","","","","","","","","","","",""
"2023/7/21","EPQ-0555","14908","保養$525/後輪$2600/行車紀錄器檢查$/","3,125","","","","","","","","","","","","","","","","","","","","",""
"2023/7/22","EQB-2287","27964","糯米腸$450/加油管$450/漢堡後扶手$2880/黑準$2080/","5,860","","","","","","","","","","","","","","","","","","","","",""
"2023/7/22","ENL-0538","7702","坐墊絞鍊$750/","750","","","","","","","","","","","","","","","","","","","","",""
"2023/7/22","EMW-9165","57894","CITY110/70-13$2450/","2,450","","","","","","","","","","","","","","","","","","","","",""
"2023/7/24","EMR-9790","10830","烤漆贈$/扶手贈$/烤肉架+防倒桿$5000/包椅墊$2000/前後輪新古$2500/土除$1500/燈飾桿$2160/內裝%$1800/","14,960","","","","","","","","","","","","","","","","","","","","",""
"2023/7/25","EMW-3068","28135","BPM(F$900/","900","","","","","","","","","","","","","","","","","","","","",""
"2023/7/25","NLF-9832","2189","10W40$750/齒輪油LM自$/","750","","","","","","","","","","","","","","","","","","","","",""
"2023/7/25","NKE-3570","18642","5W40$850/齒輪油$200/螺絲$450/","1,500","","","","","","","","","","","","","","","","","","","","",""
"2023/7/26","EMU-3786","22836","SC(R$3250/PBF(F$1400/煞車油$900/鈦RCS配件$4200/EK黑金$3500/","13,250","","","","","","","","","","","","","","","","","","","","",""
"2023/7/26","MCV-3782","57813","固滿德(F$1700/","1,751","","","","","","","","","","","","","","","","","","","","",""
"2023/7/27","EMQ-7919","43382","黑準保固$/","0","","","","","","","","","","","","","","","","","","","","",""
"2023/7/27","EMG-7136","43736","皮帶調整$/","0","","","","","","","","","","","","","","","","","","","","",""
"2023/7/27","EMQ-2017","118811","查修$2000/","2,000","","","","","","","","","","","","","","","","","","","","",""
"2023/7/27","EPZ-9002","29930","PBF後碟$2900/FRANDO(R$1300/五匹無限充$1900/","6,100","","","","","","","","","","","","","","","","","","","","",""
"2023/7/28","ERG-2026","4632","烤肉架$5400/Y架$1790/工具包$500/套筒$400/","8,090","","","","","","","","","","","","","","","","","","","","",""
"2023/7/28","MJQ-1680","16279","五匹$1200/SIMOTA卡夢後視鏡$7400/倒角$/儀表$5000/右照地$1500/","15,100","","","","","","","","","","","","","","","","","","","","",""
"2023/7/28","MJQ-1680","16279","GPRO鍛框氣嘴$33000/前後輪中古$3500/鈦碟盤螺絲$2500/外掛式飛翼$3650/","42,650","","","","","","","","","","","","","","","","","","","","",""
"2023/7/29","EMG-6969","58706","皮帶$2000/","2,000","","","","","","","","","","","","","","","","","","","","",""
"2023/7/29","EPV-1662","1045","後貨架$1750/黑準$1880/","3,630","","","","","","","","","","","","","","","","","","","","",""
"2023/7/29","EQB-7753","45894","3K$900/","900","","900","","","","","","","","","","","","","","","","","","",""
"2023/7/29","EMW-9705","51450","皮帶調整$/來令倒角$/","0","","","","","","","","","","","","","","","","","","","","",""
"2023/7/31","MPB-9572","23048","9K$800/BPM(R$800/鈕扣電池$80/","1,680","","800","","","","","","","","","","","","","","","","","","",""
"2023/7/31","EMG-6191","74058","皮帶調整$/","0","","","","","","","","","","","","","","","","","","","","",""
"2023/8/1","NKZ-3570","18868","惡搞腳踏$3500/飛旋$1900/KOSO小風鏡$950/KOSO油門座$1100/MOS後內$850/MOS儀表$1700/MG1849$2000/白鐵油線$1800/M6X25F$1000/S98M版$2850/前後框欠?萬$/","17,650","","","","","","","","","","","","","","","","","","","","",""
"2023/8/1","EMG-6191","74058","皮帶調整$/","0","","","","","","","","","","","","","","","","","","","","",""
"2023/8/2","ENP-5959","18495","皮帶調整$/","0","","","","","","","","","","","","","","","","","","","","",""
"2023/8/4","EMY-2970","24722","LMG商用穩$11600/LMG內齒$3000/SC(R$3250/FASS握把套$1880/拉耳$2800/洗車贈","22,500","12966","","","","","","","","","","","","","","","","","","","",""
"2023/8/4","EMQ-7919","43669","FRANDO後來令$1300/派克龍$680/FRANDO後碟$3100/","5,080","762","","","","","","","","","","","","","","","","","","","",""
"2023/8/4","EMZ-9771","21524","齒輪油$200/洗鍊條$450/","650","","","","","","","","","","","","","","","","","","","","",""
"2023/8/4","EQC-6211","10393","前PBF$1400/後PBF$1200/","2,600","900","","","","","","","","","","","","","","","","","","","",""
"2023/8/5","EMG-9085","24909","S98EVR$2300/ZOO前外套管$650/SKF(F$650/洗鍊條贈$/BPM(R$850/","4,450","2375","","","","","","","","","","","","","","","","","","","",""
"2023/8/5","ENP-1817","39898","小閃後輪$3200/","3,200","2400","","","","","","","","","","","","","","","","","","","",""
"2023/8/5","EQB-6132","13519","水行俠$2500/水行俠(R$2600/清鍊條$450/DOMINO$950/","6,500","3660","","","","","","","","","","","","","","","","","","","",""
"2023/8/5","MCS-0830","125871","黑隼$1900/","1,900","1237","","","","","","","","","","","","","","","","","","","",""
"2023/8/5","EQB-6133","27205","洗鍊條$450/FASS握把$1680/NCY加油管$750/PBF(F$1100/","3,980","2193","","","","","","","","","","","","","","","","","","","",""
"2023/8/5","ERE-6666","34810","後土除鍛造$2500/","2,500","1500","","","","","","","","","","","","","","","","","","","",""
"2023/8/5","EMY-1575","36159","前鍛造土除$3800/RPM LS$36000/珠碗$2000/客製$1000/","42,800","33300","500","","","","","","","","","","","","","","","","","","",""
"2023/8/7","EMK-0988","29966","LM$450/儀表交換$1500/","1,950","101","260","","","","","","","","","","","","","","","","","","",""
"2023/8/7","MKD-7512","9225","珠碗$2400/後卡簧$100/PB%$1450/後煞車油$450/BPM後碟$2300/","6,700","1450","1750","","","","","","","","","","","","","","","","","","",""
"2023/8/7","EMY-3086","46995","1K調整$/水行俠(F$2500/SKF(F+ZOO套管$1500/螃蟹彈簧$100/","4,100","2430","","","","","","","","","","","","","","","","","","","",""
"2023/8/7","MCS-0830","126025","6303+6205$2100/後輪軸$950/","3,050","450","700","","","","","","","","","","","","","","","","","","",""
"2023/8/7","EMG-7133","39606","皮帶調整$/","0","","","","","","","","","","","","","","","","","","","","",""
"2023/8/8","ERE-6666","34833","B03$3600/SC$3250/","6,850","4500","","","","","","","","","","","","","","","","","","","",""
"2023/8/8","EMQ-7917","43881","卡簧$100/","100","50","","","","","","","","","","","","","","","","","","","",""
"2023/8/8","EMG-6357","50309","LMG內齒$7200/齒輪油$200/","7,400","4000","","","","","","","","","","","","","","","","","","","",""
"2023/8/8","EMY-6263","88704","皮帶調整$/","0","","","","","","","","","","","","","","","","","","","","",""
"2023/8/8","EPG-0213","59980","皮帶調整$/BPM後碟$2100/F後來令$1300/後SC$3250/","6,650","3940","","","","","","","","","","","","","","","","","","","",""
"2023/8/8","EMG-6969","59038","BPM前$1200/齒輪油$200/","1,400","630","","","","","","","","","","","","","","","","","","","",""
"2023/8/8","NFL-9832","2925","飛旋$1900/","1,900","1502","","","","","","","","","","","","","","","","","","","",""
"2023/8/9","EMX-9503","25483","BPM後來令$850/","850","375","","","","","","","","","","","","","","","","","","","",""
"2023/8/9","MKD-7512","9262","卡座$2500/","2,500","1500","","","","","","","","","","","","","","","","","","","",""
"2023/8/9","EPZ-9002","31105","大燈$5600/","5,600","4300","","","","","","","","","","","","","","","","","","","",""
"2023/8/9","ENB-6567","29246","皮帶調整$/","0","","","","","","","","","","","","","","","","","","","","",""
"2023/8/9","EMQ-2017","120058","BE2油門線$680/加油管$450/","1,130","","160","","","","","","","","","","","","","","","","","","",""
"2023/8/11","SV-30","44342","CB100R後浪碟尾$3000/","3,000","2920","","","","","","","","","","","","","","","","","","","",""
"2023/8/11","EQD-1901","15079","皮帶調整$/齒輪油$680/","680","282","","","","","","","","","","","","","","","","","","","",""
"2023/8/12","EMR-6352","91206","3K$/原前碟+來令%$2000/","2,000","","980","","","","","","","","","","","","","","","","","","",""
"2023/8/12","EMF-8988","5716","RPMSII$16200/FASS搖臂$14800/FASS土除支架$1180/","32,180","25563","","","","","","","","","","","","","","","","","","","",""
"2023/8/12","EPZ-9706","17427","皮帶調整$/","0","","","","","","","","","","","","","","","","","","","","",""
"2023/8/12","MND-5069","39054","皮帶調整$/","0","","","","","","","","","","","","","","","","","","","","",""
"2023/8/12","ERF-1918","22520","前輪芯$850/RPM土除支架$800/","1,650","400","","","","","","","","","","","","","","","","","","","",""
"2023/8/14","EWB-8102","22601","10K$260/","260","","260","","","","","","","","","","","","","","","","","","",""
"2023/8/14","EQC-8593","17805","EK$2900/PBF後來令$1200/","4,100","400","2490","","","","","","","","","","","","","","","","","","",""
"2023/8/14","EQD-0572","31925","DID$2900/","2,900","1320","","","","","","","","","","","","","","","","","","","",""
"2023/8/14","ERE-6666","34941","油壓事前壓力開關$1500/","1,500","900","","","","","","","","","","","","","","","","","","","",""
"2023/8/14","EMV-6595","31484","3K$455/F前來令$1300/拉耳$2900/","4,888","2080","455","刷卡","","","","","","","","","","","","","","","","","",""
"2023/8/14","NKX-3388","948","10/40LM$750/短圓鏡$2000/齒輪油贈$/握把套$150/","2,900","1650","","","","","","","","","","","","","","","","","","","",""
"2023/8/14","EQC-1277","44303","前叉保養$7700/後避震保養$4800/拉耳$2900/","15,400","10200","","","","","","","","","","","","","","","","","","","",""
"2023/8/15","NAW-1969","4500","左右DRG新總泵$4500/","4,500","","","","","","","","","","","","","","","","","","","","",""
"2023/8/15","NKZ-3570","19650","5/40全合成$850/齒輪油$100/","950","425","","","","","","","","","","","","","","","","","","","",""
"2023/8/16","MPN-5696","28605","皮帶調整$/","0","","","","","","","","","","","","","","","","","","","","",""
"2023/8/16","EPS-8702","10191","AK550 $6900/通氣螺絲$450/油封式墊片$160/","7,510","4566","","","","","","","","","","","","","","","","","","","",""
"2023/8/16","EPG-7770","15400","FASS黑$4980/","4,980","","4980","","","","","","","","","","","","","","","","","","",""
"2023/8/16","EMW-9165","59210","前音樂$2500/","2,500","1750","","","","","","","","","","","","","","","","","","","",""
"2023/8/16","EPF-0005","5157","載車$800/BPM後來令$850/","1,650","785","","","","","","","","","","","","","","","","","","","",""
"2023/8/16","EMK-8881","40101","Z1金內管$7500/","7,500","3500","","","","","","","","","","","","","","","","","","","",""
"2023/8/17","NLF-9832","906","4R10/40$450/","450","200","","","","","","","","","","","","","","","","","","","",""
"2023/8/17","EPF-0238","37037","皮帶調整$/S後$3250/BPM190$2100/F後來令$1300/","6,650","3940","","","","","","","","","","","","","","","","","","","",""
"2023/8/17","NFK-2626","21876","LM10/40拌合$750/齒輪油贈$/","750","400","","","","","","","","","","","","","","","","","","","",""
"2023/8/18","EPD-3001","32377","3K$600/前BPM$850/後BPM$850/加大後座$1480/","3,780","1720","600","","","","","","","","","","","","","","","","","","",""
"2023/8/18","MKD-7512","9371","碟盤螺絲正鈦金$1500/","1,500","750","","","","","","","","","","","","","","","","","","","",""
"2023/8/18","EQB-8276","12748","前CMSR$2400/","2,400","1700","","","","","","","","","","","","","","","","","","","",""
"2023/8/18","EMW-3068","28919","強化支架$650/","650","","200","","","","","","","","","","","","","","","","","","",""
"2023/8/18","EQB-7753","47368","輕感握把套$490/","490","","490","","","","","","","","","","","","","","","","","","",""
"2023/8/19","MJV-8529","41399","DID$2900/AFAM$2850/螺柱$1200/5H$850/ZOO輻射AI1座$1800/10X35X2$260/墊片$40/","9,900","4230","","","","","","","","","","","","","","","","","","","",""
"2023/8/19","EQB-6293","31517","派克龍$680/皮帶調整$/","680","282","","","","","","","","","","","","","","","","","","","",""
"2023/8/21","MPP-1230","47744","握把套+內管$1050/","1,050","423","","","","","","","","","","","","","","","","","","","",""
"2023/8/21","EPG-7511","75549","CITY後$2300/","2,300","1440","","","","","","","","","","","","","","","","","","","",""
"2023/8/22","EPF-1551","8072","前波佩樂$2100/","2,100","1100","","","","","","","","","","","","","","","","","","","",""
"2023/8/22","EMZ-9771","21690","後駕$1600/平台$3000/尾$3000/五批$1200/","8,800","","","","","","","","","","","","","","","","","","","","",""
"2023/8/23","MNG-6633","63494","載車$800/BPM(f$850/BPM(R$850/糯米腸+內管$1050/","3,550","1683","","","","","","","","","","","","","","","","","","","",""
"2023/8/23","ERG-7768","538","拉桿$1950/FASS握把套+內管$2080/","4,030","2616","","","","","","","","","","","","","","","","","","","",""
"2023/8/23","EMP-0705","15876","LM齒輪油$450/AFAM$2850/5H$850/LMG螺柱$1250/EK$2900/BPM後來令$850/","9,150","1946","2490","","","","","","","","","","","","","","","","","","",""
"2023/8/24","MCF-1991","14040","S98 SPORT$2200/3RF牌框$1200/BPM(R$850/","4,000","2505","","","","","","","","","","","","","","","","","","","",""
"2023/8/24","EPF-2722","24162","轉向$2400/F前來令$1300/BPM前碟$2800/拉耳$2900/省力主腳架$2500/前輪培林$600/R車大燈$3900/油線$680/中古前叉三角台$6000","23,000","5830","4460","","","","","","","","","","","","","","","","","","",""
"2023/8/25","EMQ-9979","26235","皮帶調整,重裝$/","0","","","","","","","","","","","","","","","","","","","","",""
"2023/8/25","EQB-6133","28063","SC(R$3250/","3,250","2200","","","","","","","","","","","","","","","","","","","",""
"2023/8/25","EMG-6969","59846","轉向$2400/BPM(R$1100/油線$650/子彈袋$200/彈簧$100/","4,450","690","660","","","","","","","","","","","","","","","","","","",""
"2023/8/25","ERH-0929","6232","F牌(F$1300/","1,300","480","","","","","","","","","","","","","","","","","","","",""
"2023/8/25","ENP-1018","16341","1K皮帶調整$/","0","","","","","","","","","","","","","","","","","","","","",""
"2023/8/26","EQB-1917","15392","LMG穩$9500/內齒$7200/派克龍$680/BPM(R$850/F牌前來令$1300/BPM 260$3300/BPM後固定碟$2100/轉向$2400/拉耳$2900/套管$200/油線$650/10X65贈$/洗車","31,080","13517","660","","","","","","","","","","","","","","","","","","",""
"2023/8/26","EMG-5193","60748","BPM前後$2300/BPM前固定$2300/SKF$650/","5,250","2720","","","","","","","","","","","","","","","","","","","",""
"2023/8/26","EQB-5527","24635","BPM(R$850/","850","385","","","","","","","","","","","","","","","","","","","",""
"2023/8/26","emg-0635","46871","皮帶調整$/","0","","","","","","","","","","","","","","","","","","","","",""
"2023/8/28","ERH-3765","2516","FASS椅墊$5080/絞鍊$650/","5,730","","5597","","","","","","","","","","","","","","","","","","",""
"2023/8/28","EMZ-7391","18939","黑準$1380/KOSO置物$1100/(贈)","0","","","","","","","","","","","","","","","","","","","","",""
"2023/8/28","EMS-0715","26968","PBF(R$1200/馬達油封$1050/","2,250","560","","","","","","","","","","","","","","","","","","","",""
"2023/8/29","EMQ-3570","12668","椅墊$2500/GF牌框$1000/","3,675","1317","","開發票","","","","","","","","","","","","","","","","","",""
"2023/8/29","EPF-3273","32294","DID$2900/AFAM$2850/5H$650/P800$2000/螺柱$1200/","9,600","3880","","","","","","","","","","","","","","","","","","","",""
"2023/8/29","EMP-3800","35005","皮帶調整$/主腳架強化組$500/CITY EXTRA$2150/","2,650","1290","200","","","","","","","","","","","","","","","","","","",""
"2023/8/29","MCV-5605","14189","BPM前碟$4000/配線工資$2500/RPM卡鉗$4100/卡座$2000/","12,600","5600","","","","","","","","","","","","","","","","","","","",""
"2023/8/29","EMQ-7177","27174","3K皮帶調整$/","0","","","","","","","","","","","","","","","","","","","","",""
"2023/8/30","MJK-7312","25046","皮帶調整$/BPM碟盤$2100/BPM(R$700/","2,800","1645","","","","","","","","","","","","","","","","","","","",""
"2023/8/30","EQB-7753","48192","蜂鳴$650/","650","","200","","","","","","","","","","","","","","","","","","",""
"2023/8/31","EMY-7826","28753","皮帶調整$/尾燈$4000/BPM後$850/","4,850","3052","","","","","","","","","","","","","","","","","","","",""
"2023/8/31","EQB-0088","16847","BPM(R$850/齒輪油$200/","1,050","385","","","","","","","","","","","","","","","","","","","",""
"2023/8/31","EQB-8217","45537","CCD內管$7500/清潔外館)贈$/米其林$2600/","10,100","5530","","原28142","","","","","","","","","","","","","","","","","",""
"2023/8/31","EMG-6191","75128","水泵$2200/","2,200","","1800","","","","","","","","","","","","","","","","","","",""
"2023/9/1","AH3-038","5539","中古總泵$800/珠碗$1600/前煞車皮(武川$800/川歐固定$2000/magazi握把$450/6300x2$450/b01(特$1200/油封土封$2200/工資$600/","10,100","3500","","","","","","","","","","","","","","","","","","","",""
"2023/9/1","EQB-7826","10801","apexx拉桿$1950/fass握把+內管$2080/","4,030","2616","","","","","","","","","","","","","","","","","","","",""
"2023/9/1","EPR-2222","29836","TT93$2400/PBF後來$1100/一踏及行線組$500/","4,000","1821","","","","","","","","","","","","","","","","","","","",""
"2023/9/2","EPG-0352","13649","拉耳$3200/","3,200","1800","","","","","","","","","","","","","","","","","","","",""
"2023/9/2","MUY-5661","49070","前SC$3250/調整避震$450/","3,700","2100","","","","","","","","","","","","","","","","","","","",""
"2023/9/2","NLF-9832","3519","BT601$2800/","2,800","2100","","","","","","","","","","","","","","","","","","","",""
"2023/9/4","ERF-2193","15928","皮帶調整","0","","","","","","","","","","","","","","","","","","","","",""
"2023/9/4","EMW-6989","56265","內齒$7200/拉耳$2900/VX二手$1500/","11,600","5800","","","","","","","","","","","","","","","","","","","",""
"2023/9/5","MJQ-1680","16633","鍛造後v$3200/後扶手$3350/風鏡$3300/","9,850","6850","","","","","","","","","","","","","","","","","","","",""
"2023/9/6","ERF-3227","3979","3K$455/","455","","","","","","","","","","","","","","","","","","","","",""
"2023/9/6","EQD-1792","7051","9K$800/鋁合金踏板$3490/","4,290","","3835","","","","","","","","","","","","","","","","","","",""
"2023/9/7","EQD-7192","7067","M8X40X4$400/M8黑墊$80/","480","240","","","","","","","","","","","","","","","","","","","",""
"2023/9/7","EPE-5277","813","AD910$8600/五匹無線充$1200/手機架$1200/工資$850/M8X25X4$360/","12,210","6235","","","","","","","","","","","","","","","","","","","",""
"2023/9/8","MBA-8888","22532","長久226$3800/BPM後碟$2100/BPM後來令$950/卡簧$200/線組+跑線$9550/","16,600","4650","","","","","","","","","","","","","","","","","","","",""
"2023/9/9","NKZ-3570","20671","CTH方向燈+RELAY$5500/","5,500","3500","","","","","","","","","","","","","","","","","","","",""
"2023/9/9","NLB-0211","10307","FRANDO前+後$6600/GJMS前避震+TCD$18300/SR(R$10200/BREMBO黑底紅$7500/FRANDO F901$4800/煞車油$800/白鐵螺絲$400/墊片$80/對四螺絲$650/油管$5800/","55,130","","","","","","","","","","","","","","","","","","","","",""
"2023/9/9","ENB-1516","44651","工資$500/","500","","","","","","","","","","","","","","","","","","","","",""
"2023/9/9","EQB-7590","31150","原廠總泵+煞車開關油杯護套小凱買單","0","","","","","","","","","","","","","","","","","","","","",""
"2023/9/9","AAD-5606","","皮帶護蓋$960/原廠已收1040刷卡","960","","","","","","","","","","","","","","","","","","","","",""
"2023/9/9","EPZ-9002","33209","PBF後$1300/歐老是維修$12000/工資+運費$1500/卡夢上蓋$2200/鈦6X30F$460/","17,460","9880","","","","","","","","","","","","","","","","","","","",""
"2023/9/9","EQB-7753","48601","6K$900/BREMBO後來$1000/","1,900","","900","","","","","","","","","","","","","","","","","","",""
"2023/9/11","EMY-0287","59216","18K$1800/CMSR$2400/TT93 120/70-12$2500/煞車油紅$300/前FRANDO對四來令$1400/後FRANDO來令$1300/","9,700","4000","1800","","","","","","","","","","","","","","","","","","",""
"2023/9/11","EQB-6133","28571","3K$600/","600","","600","","","","","","","","","","","","","","","","","","",""
"2023/9/11","EPZ-2337","5954","五匹$1200/","1,200","680","","","","","","","","","","","","","","","","","","","",""
"2023/9/11","EMX-9868","79865","儀表修復$1500/","1,500","","800","","","","","","","","","","","","","","","","","","",""
"2023/9/11","ERF-9671","22520","後輪$2700/18K+中柱套管$1800/","4,500","1290","1800","","","","","","","","","","","","","","","","","","",""
"2023/9/11","EQC-6887","19049","鍊條清潔$450/","450","","","","","","","","","","","","","","","","","","","","",""
"2023/9/11","EMY-1035","17370","黑隼$1800/","1,800","1073","","","","","","","","","","","","","","","","","","","",""
"2023/9/13","小雷","","油管$2300/五匹橡膠$250/","2,550","1030","","","","","","","","","","","","","","","","","","","",""
"2023/9/13","EPS-6667","7420","派克龍$680/後SC$3250/","3,930","2482","","","","","","","","","","","","","","","","","","","",""
"2023/9/13","MHQ-6100","44213","派克龍$680/","680","282","","","","","","","","","","","","","","","","","","","",""
"2023/9/13","EQB-2988","15966","EK$2900/","2,900","","2490","","","","","","","","","","","","","","","","","","",""
"2023/9/13","ERH-0929","7004","6K$455/","455","","455","","","","","","","","","","","","","","","","","","",""
"2023/9/13","EPR-2222","30247","派克龍$680/","680","282","","","","","","","","","","","","","","","","","","","",""
"2023/9/13","EMG-7136","44786","珠碗$2200/三角台$1600/前叉$6500/6201+內外套館$1500/前輪芯$550/油門線$650/","13,000","4430","660","","","","","","","","","","","","","","","","","","",""
"2023/9/13","EMG-5993","23114","皮帶調整","0","","","","","","","","","","","","","","","","","","","","",""
"2023/9/13","ENT-5952","38013","6K$600/齒輪油$200/","800","","600","","","","","","","","","","","","","","","","","","",""
"2023/9/14","ERE-6666","35237","上內護蓋新版$4600/USB$850/","5,450","","3450","","","","","","","","","","","","","","","","","","",""
"2023/9/14","EMQ-2017","123843","改線$800/","800","","","","","","","","","","","","","","","","","","","","",""
"2023/9/14","ERG-7353","1152","鍛框$34000/後AI1套管$650/b牌前卡$7500/BPM前碟$2800/前叉$20600/後CDD$7800/三角台$2400/珠碗$2200/小蜂鷹$7990/前小閃後水行俠$5100/鋁合金踏墊$3490/前後輪芯鍍黑+後輪外套館$2450/碟盤螺$8300/前外套館$800/前土除$2000/油管$7800/中柱$2200/後碟$2100/FASS搖$14800/FASS支架$1800/","139,180","","","","","","","","","","","","","","","","","","","","",""
"2023/9/15","NLB-0211","10307","CODO前$2800/WF後$3800/開閉盤$3500/皮帶$1500/牛B$11800/進氣工資$2000/","25,400","14705","","","","","","","","","","","","","","","","","","","",""
"2023/9/15","EQB-7753","48982","TT93 110/70-12$2350/","2,350","1271","","","","","","","","","","","","","","","","","","","",""
"2023/9/16","EMY-8283","14534","6K$600/","600","","","","","","","","","","","","","","","","","","","","",""
"2023/9/18","EMY-3886","12084","黑隼$1380/","1,380","793","","","","","","","","","","","","","","","","","","","",""
"2023/9/18","EPE-0095","14186","派克龍$680/前叉換油$1000/","1,680","682","","","","","","","","","","","","","","","","","","","",""
"2023/9/19","ERG-7353","1262","FRANDO直推$10500/煞車油方向燈工資$2000/","12,500","5600","","","","","","","","","","","","","","","","","","","",""
"2023/9/19","MPP-1230","49008","ZR1(F$2500/P800(R$2000/前來令$500/18K$1800/PBF$1200/","8,000","3050","1800","","","","","","","","","","","","","","","","","","",""
"2023/9/19","ERF-7335","19924","補胎$250/","250","","","","","","","","","","","","","","","","","","","","",""
"2023/9/19","EMY-6263","92049","9K條皮帶","0","","","","","","","","","","","","","","","","","","","","",""
"2023/9/20","EMK-0988","30504","epic側柱$1800/","1,800","1000","","","","","","","","","","","","","","","","","","","",""
"2023/9/20","NLF-7799","509","排骨$15000/整流器$4500/高壓線圈$2200/","21,700","15500","","","","","","","","","","","","","","","","","","","",""
"2023/9/20","EPF-6855","27639","前音樂$2500/前f來令$1400/","3,900","1980","","","","","","","","","","","","","","","","","","","",""
"2023/9/20","EMY-1575","37339","派克龍$680/18K$1050/","1,730","282","1050","","","","","","","","","","","","","","","","","","",""
"2023/9/20","EQM-6128","29414","水行俠100/90-12$2300/鍊清$450/","2,750","1500","","","","","","","","","","","","","","","","","","","",""
"2023/9/20","ERF-7335","19976","後SC$3000/","3,000","2200","","","","","","","","","","","","","","","","","","","",""
"2023/9/20","EMK-8612","36145","商用穩$11600/水泵$2000/ZR1(F$2400/中古前碟$980/前來令$560/左飛旋$500/FASS握把套$2080/","20,120","10066","3060","","","","","","","","","","","","","","","","","","",""
"2023/9/20","EMQ-5222","","EPIC側柱$1500/","1,500","1000","","","","","","","","","","","","","","","","","","","",""
"2023/9/20","EPF-1822","23947","後波佩樂$2000/","2,000","1100","","","","","","","","","","","","","","","","","","","",""
"2023/9/20","EMS-8567","136501","前SC$3250/LM齒輪油$450/","3,700","3301","","","","","","","","","","","","","","","","","","","",""
"2023/9/21","NLB-0211","10604","工資$140/","140","","","","","","","","","","","","","","","","","","","","",""
"2023/9/21","NBA-9513","18933","機油$400/齒輪油","400","","","","","","","","","","","","","","","","","","","","",""
"2023/9/21","EPZ-1087","20948","後座加大片$1380/CITY EXTRA$2300/皮帶調整","3,680","2111","","","","","","","","","","","","","","","","","","","",""
"2023/9/22","EQD-2593","7623","CITY EXTRA$2300/RR後$4500/","6,800","4161","","","","","","","","","","","","","","","","","","","",""
"2023/9/22","ENP-6920","9298","速$16600/蓋PRO鐵灰$14800/拉耳$1900/CDD後避震$8000/601前輪$2800/FASS握把套$2080/46000+CITY EXTRA$2300/","48,480","30527","","","","","","","","","","","","","","","","","","","",""
"2023/9/22","EPE-5972","8616","後波佩樂$2000/","2,000","1100","","","","","","","","","","","","","","","","","","","",""
"2023/9/22","EPG-3599","55437","$7900/","7,900","3500","","","","","","","","","","","","","","","","","","","",""
"2023/9/22","ERG-7353","1372","FASS握把套$1680/短圓鏡$2000/1k$785/","4,465","2593","785","","","","","","","","","","","","","","","","","","",""
"2023/9/23","EMH-0532","18745","F前後$1600/音樂胎$2500/","4,100","","","","","","","","","","","","","","","","","","","","",""
"2023/9/23","EPS-6667","7732","APEXX拉桿$2000/小圓鏡$2100/街口","4,223","2500","","","","","","","","","","","","","","","","","","","",""
"2023/9/23","EMQ-2771","59392","拉耳$2900/","2,900","1800","","","","","","","","","","","","","","","","","","","",""
"2023/9/25","ERG-7353","1532","後CNC$16500/後PBF$2800/煞車油$500/後卡座$2500/","22,300","7300","","","","","","","","","","","","","","","","","","","",""
"2023/9/25","ERF-3173","15477","FRANDO前$1400/","1,400","480","","","","","","","","","","","","","","","","","","","",""
"2023/9/26","NLB-0211","10607","前BPM$1200/後BPM$1200/","2,400","1260","","","","","","","","","","","","","","","","","","","",""
"2023/9/26","EPS-6667","7804","小y+工具包$2300/M825$250/M830F$280/子彈帶贈+3%","2,915","345","2180","","","","","","","","","","","","","","","","","","",""
"2023/9/26","EQB-7599","54904","胎內是$2490/前叉$10500/前碟$3800/前音樂胎$2500/本體螺絲包$1200/後碟$2300/M10X30X2$300/回油螺$250/前卡$7500/","30,000","17325","2490","尾款15000","","","","","","","","","","","","","","","","","",""
"2023/9/27","EQB-7753","49710","右總泵$1500/油$400/","1,900","","1500","","","","","","","","","","","","","","","","","","",""
"2023/9/27","ERC-8312","8096","右飛旋$600/","600","","600","","","","","","","","","","","","","","","","","","",""
"2023/9/28","MBA-8888","22811","前SPORT$2150/","2,150","1470","","","","","","","","","","","","","","","","","","","",""
"2023/9/28","EQB-6293","32771","PBF前$1200/PBF後$1200/皮帶檢查","2,400","900","","","","","","","","","","","","","","","","","","","",""
"2023/9/28","NLB-0211","10708","代工$1000/","1,000","","","","","","","","","","","","","","","","","","","","",""
"2023/9/28","EQB-8217","47756","後避震代工","0","","","","","","","","","","","","","","","","","","","","",""
"2023/9/28","ERG-7353","1629","後X2$22000/保護套$600/手機架$1880/","24,480","10000","","","","","","","","","","","","","","","","","","","",""
"2023/9/29","MND-5096","39810","上移$4500/BPM(R$850/BPM後碟$2100/惡搞飛旋$2100/CNC擋泥$3500/","13,050","7327","","","","","","","","","","","","","","","","","","","",""
"2023/9/29","EMY-1575","37464","GP4-RX$21000/煞車油$800/8X40$640/8X30$320/油管螺絲$450/魚目油管墊片","23,210","18680","","","","","","","","","","","","","","","","","","","",""
"2023/9/30","EPS-6667","7978","FASS+加油管$2300/","2,300","1743","","","","","","","","","","","","","","","","","","","",""
"2023/9/30","NLB-0211","10838","EPIC握把套$650/","650","400","","","","","","","","","","","","","","","","","","","",""
"2023/9/30","EQC-6887","19365","前後CITY$5600/後BPM190$2200/後BPM$850/LMG螺$1200/","9,850","5345","","","","","","","","","","","","","","","","","","","",""
"2023/9/30","EQD-0572","34214","F總泵$11000/煞車油$800/油管$3500/珠碗$2000/","17,000","6250","500","","","","","","","","","","","","","","","","","","",""
"2023/9/30","NLF-9832","4166","4R$450/齒輪油$50/","500","250","","","","","","","","","","","","","","","","","","","",""
"2023/10/1","MCG-5107","42972","CITY EXTRA$2200/6162$2100/FRANDO(F$1300/9K$950/舒適V1$750/中古前輪軸$800/","8,100","2841","1700","","","","","","","","","","","","","","","","","","",""
"2023/10/1","EPS-6667","8039","PROTI螺絲$2500/","2,500","1250","","","","","","","","","","","","","","","","","","","",""
"2023/10/1","NLB-0211","10898","工資$1000/小圓後視鏡$2000/掛勾$1500/側柱epIC$2000/","6,500","3550","","","","","","","","","","","","","","","","","","","",""
"2023/10/1","EQB-7753","50141","川歐後碟$3100/PBF(R$1200/6162$2100/","6,592","3150","","","","","","","","","","","","","","","","","","","",""
"2023/10/1","EMK-1181","97991","原廠前後煞車皮$1100/原廠側住+彈簧$800/","1,900","","1900","","","","","","","","","","","","","","","","","","",""
"2023/10/1","REG-5883","7107","SC110/70-12$2000/","2,000","1200","","","","","","","","","","","","","","","","","","","",""
"2023/10/3","EMQ-0891","100841","18K$1800/前BPM$2800/前來令bpm$1200/後碟BPM$2100/後來令BPM$850/後波沛$2100/左右拉桿$650/","11,500","4425","2450","","","","","","","","","","","","","","","","","","",""
"2023/10/3","EQB-6293","33032","皮帶$2000/","2,000","900","","","","","","","","","","","","","","","","","","","",""
"2023/10/3","MCS-5897","55815","下把手蓋$1650/五匹無線+手機架$3190/支架$600/線組$3000/後CITY$2200/","10,640","","1650","","","","","","","","","","","","","","","","","","",""
"2023/10/3","ERG-7353","1843","趁套$1000/後登樂$2000/AFAM$2850/EK$3700/5H$850/螺柱$1000/C扣$50/鍊條保養$600/","12,050","4910","300","","","","","","","","","","","","","","","","","","",""
"2023/10/4","EPU-3330","12391","中卡鉗+碟$13000/RCS CC油杯$13800/油管$3500/煞車油$700/鏡座$1000/珠碗$2400/工資$600/回油$680/","35,680","23390","600","","","","","","","","","","","","","","","","","","",""
"2023/10/4","NLF-9832","4207","EPIC掛勾$1300/","1,300","850","","","","","","","","","","","","","","","","","","","",""
"2023/10/4","NKZ-3570","22067","LM速可達專用$850/齒輪油$50/","900","365","","","","","","","","","","","","","","","","","","","",""
"2023/10/5","NLF-9832","4238","TT93 120/70-12$2550","2,550","1320","","","","","","","","","","","","","","","","","","","",""
"2023/10/5","NLB-0211","11010","/內箱$5300/ZOO鍍鈦端子$700/LM機油$800/LM齒輪油$350/","7,150","3546","","","","","","","","","","","","","","","","","","","",""
"2023/10/5","MKK-6708","71394","曲軸油封$650/傳動組$1800/碗公離合器$2600/啟動盤$1500/大小海綿$500/皮帶$1500/機油$450/齒輪油贈DOMINO$850/白鐵端子$550/開閉盤$3000/P600$1800/","15,200","7610","","","","","","","","","","","","","","","","","","","",""
"2023/10/5","EPF-0911","29450","SC(R$3250/PAKELO$680/","4,048","2482","","","","","","","","","","","","","","","","","","","",""
"2023/10/5","EQQ-8698","3669","五匹$1200/把手$1600/","2,800","680","1600","","","","","","","","","","","","","","","","","","",""
"2023/10/5","121-KBP","42151","手機架工資贈機油齒輪油$450/","450","","","","","","","","","","","","","","","","","","","","",""
"2023/10/6","EWB-9890","15568","主配線+煞車開關$4620/TT93 90/90-10$2000/載車$800/","7,420","1416","4620","","","","","","","","","","","","","","","","","","",""
"2023/10/7","EPG-7259","18780","水行俠 100/90-12$2000/","2,000","1500","","","","","","","","","","","","","","","","","","","",""
"2023/10/7","MKW-7611","29568","ZOO上移$4800/ZR1(F$2500/SKF-內套管$1850/","9,150","4720","","","","","","","","","","","","","","","","","","","",""
"2023/10/7","EPZ-6761","20779","CMSR 100/80-14$2500/","2,500","1600","","","","","","","","","","","","","","","","","","","",""
"2023/10/7","EPF-8181","15299","皮帶調整前後煞車油$800/APEXX置物$690/儀表修復$1500/","2,990","590","1500","","","","","","","","","","","","","","","","","","",""
"2023/10/7","EPZ-9706","20415","6K$455/LM$450/皮帶調整","905","101","455","","","","","","","","","","","","","","","","","","",""
"2023/10/7","EMJ-7512","10151","6K$600/TT93 110/70-12$2350/座墊+墊片","2,950","1271","600","","","","","","","","","","","","","","","","","","",""
"2023/10/7","EMZ-9771","25774","鍊條保養$450/","450","","","","","","","","","","","","","","","","","","","","",""
"2023/10/9","NTB-2026","1216","牌照框$1000/鍍鈦大頭螺帽+宏電片$400/","1,400","800","","","","","","","","","","","","","","","","","","","",""
"2023/10/9","EQC-0656","4673","黑隼$1380/","1,380","793","","","","","","","","","","","","","","","","","","","",""
"2023/10/9","EMY-1575","37727","RSC右$12800/煞車油贈","12,800","7600","","","","","","","","","","","","","","","","","","","",""
"2023/10/10","NLB-0211","11255","TT93(F$2100/TT93(R$2100/APEXX飛旋$2500/","6,700","4010","","","","","","","","","","","","","","","","","","","",""
"2023/10/10","NLF-9832","4344","FRANDO碟$4300/本體螺$100/M10X25P.5$220/M10X25P.5$140/卡座$1500/煞車油$450/","6,610","4010","","","","","","","","","","","","","","","","","","","",""
"2023/10/10","EQC-5358","7905","$7990/五匹$1200/","9,190","4180","","","","","","","","","","","","","","","","","","","",""
"2023/10/11","EQB-7857","6495","CITY 前後$5600/珠碗$2400/洗鍊條$500/","8,500","3330","600","","","","","","","","","","","","","","","","","","",""
"2023/10/12","EMJ-7512","10222","鋁合金踏墊$3390/下內橡皮$80/M8X32F$1440/","4,910","","3470","","","","","","","","","","","","","","","","","","",""
"2023/10/12","EPF-0238","40044","皮帶調整FRANDO後來令$1300/","1,300","480","","","","","","","","","","","","","","","","","","","",""
"2023/10/13","NKZ-3570","22341","ZR1$2700/","2,700","1500","","","","","","","","","","","","","","","","","","","",""
"2023/10/13","EQB-7753","50647","FAR226$4800/SY226卡座$2200/前PBF$1400/皮帶+墊片$2650/","11,050","4650","1550","","","","","","","","","","","","","","","","","","",""
"2023/10/13","EPD-3001","34276","米其林XC$2300/AFAM$2850/洗鍊條$450/","5,600","1921","","","","","","","","","","","","","","","","","","","",""
"2023/10/13","EMY-1575","37807","馬桶","0","","","","","","","","","","","","","","","","","","","","",""
"2023/10/13","ENP-1225","13099","鍊條保養$450/","450","","","","","","","","","","","","","","","","","","","","",""
"2023/10/13","MUY-5661","50818","EPIC側住$1900/","1,900","1100","","","","","","","","","","","","","","","","","","","",""
"2023/10/13","NFK-2626","2235","機油齒輪油$800/","800","","","","","","","","","","","","","","","","","","","","",""
"2023/10/14","EMY-7826","29884","3K$600/皮帶調整","600","","600","","","","","","","","","","","","","","","","","","",""
"2023/10/14","EMQ-7919","44677","BO3$3500/","3,500","2300","","","","","","","","","","","","","","","","","","","",""
"2023/10/16","EQC-8593","20221","PBF(r$1200/","1,200","450","","","","","","","","","","","","","","","","","","","",""
"2023/10/16","EMQ-0079","79608","FMF130+油管$8000/BPM前碟$2800/BPM(F$1300/SC特$2800/中古野蠻公牛$5000/DID$2900/前t$850/","23,650","9044","","","","","","","","","","","","","","","","","","","",""
"2023/10/16","EPG-8586","33876","皮帶調整","0","","","","","","","","","","","","","","","","","","","","",""
"2023/10/16","EME-8989","10472","CITY(R$2850/","2,850","1665","","","","","","","","","","","","","","","","","","","",""
"2023/10/16","EQC-8186","26758","煞車油藍$400/前叉調整$1600/FRANDO(F$1300/18K$1800/前鏡頭處理","5,100","880","1800","","","","","","","","","","","","","","","","","","",""
"2023/10/16","ENL-0538","8296","倒車檢查後輪(翻胎","0","","","","","","","","","","","","","","","","","","","","",""
"2023/10/16","EMG-7133","42996","皮帶調整","0","","","","","","","","","","","","","","","","","","","","",""
"2023/10/18","EMG-8031","27340","ZOO後T$3500/水行俠100/90-12$2350/水行俠110/70-12$2250/5H$850/螺柱$1200/","10,150","","","","","","","","","","","","","","","","","","","","",""
"2023/10/18","ENL-0538","8465","黑隼$1880/","1,880","1237","","","","","","","","","","","","","","","","","","","",""
"2023/10/18","EMJ-7512","10318","胎內式$3660/拉桿$1850/JZ套管$620/","6,130","1580","3660","","","","","","","","","","","","","","","","","","",""
"2023/10/19","ERG-7622","1455","$7990/","7,990","3500","","","","","","","","","","","","","","","","","","","",""
"2023/10/19","MND-0927","26707","前組$3600/後組$3400/皮帶$1500/開閉盤$4000/空濾$550/海綿$450/火星塞$850/M8X25$160/M10X25$220/油管螺絲$350/直通頭$600/前後碟$9100/前卡帶工+卡座$6800/吼SC$3450/FRANDO前$1300/機油+前油管清潔$1650/","44,080","","","","","","","","","","","","","","","","","","","","",""
"2023/10/19","EMY-2388","10595","惡搞飛旋$2100/","2,100","1504","","","","","","","","","","","","","","","","","","","",""
"2023/10/19","EQB-0121","29547","後來令$490/","490","","490","","","","","","","","","","","","","","","","","","",""
"2023/10/19","MKK-6708","71452","整流器$1500/火星塞$260/火星塞蓋$280/","2,040","735","","","","","","","","","","","","","","","","","","","",""
"2023/10/19","EMW-8378","6760","TCD2000$11000/灰底紅$7500/前後煞車油$900/拉耳$3200/LM$450/BPM前碟$4600/FRANDO(F$1300/PBF(R$1200/氣嘴$1000/POSI主腳架$3380/BPM後卡座$2000/前後ZR1$5100/白鐵螺絲$2400/搖臂代工$1500/JZ白鐵套管$700/ZOO內外套管$1400/","54,640","","","","","","","","","","","","","","","","","","","","",""
"2023/10/20","EME-1556","20646","3K$600/五匹手機架+無線充$3290/","3,890","1360","600","","","","","","","","","","","","","","","","","","",""
"2023/10/20","MJV-0915","12887","中古後架$1000/","1,000","","","","","","","","","","","","","","","","","","","","",""
"2023/10/20","NLB-0211","11620","水轉印鍛造$13500/APEXX拉桿$2280/H4燈泡$600/","16,380","","","","","","","","","","","","","","","","","","","","",""
"2023/10/20","EMH-7109","20338","護套$300/水行俠100/80-14$2500/","2,800","1580","","","","","","","","","","","","","","","","","","","",""
"2023/10/21","EPF-5892","33391","皮帶$2000/DC-BOX$3800/","5,800","900","3800","","","","","","","","","","","","","","","","","","",""
"2023/10/21","ENP-1817","40874","粉紅煞車油$900/DREAM BASE油杯r+l$3000/馬達油封$1050/PAKELO$680/鈦F$360/F6X25X4$1000/DC-BOX$3800/","10,790","","","","","","","","","","","","","","","","","","","","",""
"2023/10/21","MKH-1191","27964","機油齒輪油(贈EPIC握把套$750/","750","400","","","","","","","","","","","","","","","","","","","",""
"2023/10/21","EPZ-1761","21409","代工$1000/握把套$500/加油管$450/","1,950","123","","","","","","","","","","","","","","","","","","","",""
"2023/10/21","EMY-1575","37963","右側下$1800/","1,800","","1450","","","","","","","","","","","","","","","","","","",""
"2023/10/23","EQB-6133","29994","6K$600/","600","","600","","","","","","","","","","","","","","","","","","",""
"2023/10/23","EMH-0597","63205","P800後輪$2100/前碟$2800/前FRANDO$1300/","6,200","330","","","","","","","","","","","","","","","","","","","",""
"2023/10/23","EQQ-0890","8056","TT93(f$1900/TT93(R$2000/","3,900","2110","","","","","","","","","","","","","","","","","","","",""
"2023/10/24","ERG-7353","2581","隨車充線組$1500/","1,500","","1500","","","","","","","","","","","","","","","","","","",""
"2023/10/24","NAV-7108","31011","機油 齒輪油$500/","500","","","","","","","","","","","","","","","","","","","","",""
"2023/10/24","EMG-6205","18789","皮帶調整","0","","","","","","","","","","","","","","","","","","","","",""
"2023/10/24","EMQ-0380","45704","前後水行俠$5100/後內套管$400/$950/","6,450","4110","","","","","","","","","","","","","","","","","","","",""
"2023/10/25","MUY-5661","51545","短牌架$1500/土除$4200/碟盤$2500/","8,200","","","","","","","","","","","","","","","","","","","","",""
"2023/10/25","EQB-8217","48677","FRANDO(R$1300/","1,300","480","","","","","","","","","","","","","","","","","","","",""
"2023/10/25","EQB-7753","51328","握把代工$2100/","2,100","1280","","","","","","","","","","","","","","","","","","","",""
"2023/10/25","EMG-6693","43308","前FRANDO$1300/鍍黑螺絲$900/","2,200","930","","","","","","","","","","","","","","","","","","","",""
"2023/10/25","EMY-1575","38057","DID$2900/","2,900","1434","","","","","","","","","","","","","","","","","","","",""
"2023/10/27","EPR-2222","31815","狗窩椅墊$2980/工資$250/前FRANDO$1100/","4,330","2500","","","","","","","","","","","","","","","","","","","",""
"2023/10/27","NLF-832","4845","AJ尾燈$4200/來令$900/","5,100","2700","","","","","","","","","","","","","","","","","","","",""
"2023/10/27","MCD-2525","46985","代工$1000/","1,000","","","","","","","","","","","","","","","","","","","","",""
"2023/10/27","ERF-7073","18707","皮帶$2000/18K$1700/前水行俠$2300/","6,000","2400","1700","","","","","","","","","","","","","","","","","","",""
"2023/10/28","ERG-3776","11092","原車牌EMY-0870皮帶調整原廠齒輪油$200/","200","","","","","","","","","","","","","","","","","","","","",""
"2023/10/28","ENL-0538","8785","皮帶調整","0","","","","","","","","","","","","","","","","","","","","",""
"2023/10/30","NTF-7799","","過戶$5000烤漆$10500/前組$2600/MINIX$13500/前叉$19800/後避$4100/方向燈+定位燈貼片$1350/管$8500/糯米腸+拉桿$1500/內裝$2500/後視鏡$2000/156CC引擎$24000/後組$7500/前後胎$5050/電瓶5400/氣嘴1200/trt椅/2850/大牌版1200/排骨+後卡26000/掛勾1500/油箱環350/油箱蓋500/鎖頭蓋950/飛旋2100/大燈8000","125,550","","","","","","","","","","","","","","","","","","","","",""
"2023/10/30","EPS-8702","11759","ABS座$650/轉向照地$2500/中古野蠻公牛$5000/低阻抗油封$2600/","10,750","2530","","","","","","","","","","","","","","","","","","","",""
"2023/10/30","EPF-0135","21596","18K$1800/派克龍$480/前FRANDO$1400/皮帶$2000/拉耳$2900/","8,580","3262","1600","","","","","","","","","","","","","","","","","","",""
"2023/10/30","ERG-7353","2824","1K$865/派克隆$480/","1,345","282","665","","","","","","","","","","","","","","","","","","",""
"2023/10/30","NKZ-3570","23212","LM機油$850/齒輪油贈","850","365","","","","","","","","","","","","","","","","","","","",""
"2023/10/30","EMH-3716","25079","CITY 110/70-12$2700/鍊條保養$300/","3,000","1575","","","","","","","","","","","","","","","","","","","",""
"2023/10/30","EQC-6211","11345","FRANDO後來令$1300/","1,300","480","","","","","","","","","","","","","","","","","","","",""
"2023/10/31","EMY86263","95697","皮帶調整/前CITY$2850","2,850","","","","","","","","","","","","","","","","","","","","",""
"2023/10/31","EMH-7208","44306","BPM(R)$850","850","385","","","","","","","","","","","","","","","","","","","",""
"2023/10/31","EMY-2970","26267","1K皮帶調整/Frando(R)1300","1,300","480","","","","","","","","","","","","","","","","","","","",""
"2023/10/31","EMQ-0185","25558","武川900/9K皮帶調整/SKF(F)1050/APEXX置物箱790/卡鉗贈/PB$1455","4,195","","1455","","","","","","","","","","","","","","","","","","",""
"2023/11/1","NKZ-3570","23285","油管$5500/後卡$6800/排骨$8000/握把套$950/端子$550/後碟$2600/插銷$450/卡簧$150/空濾螺絲$1440/鐵板牙$1600/M8X40$320/回油$250/M8X25$540/","29,450","","","","","","","","","","","","","","","","","","","","",""
"2023/11/1","NLB-0211","12037","LM10W40$800/齒輪油$600/","1,400","","","","","","","","","","","","","","","","","","","","",""
"2023/11/1","NLF-9832","4976","Relay$650/","650","","","","","","","","","","","","","","","","","","","","",""
"2023/11/2","EQB-7826","11686","前水行俠$2300/後BPM$2100/後FRANDO$1100/","5,500","","","","","","","","","","","","","","","","","","","","",""
"2023/11/2","MUY-5661","51964","繼電器$650/齒輪油$100/拉桿$2000/","2,750","","","","","","","","","","","","","","","","","","","","",""
"2023/11/3","ERG-7353","2861","霧燈$5480/蓋PRO$15480/TIONLY輪心$5980/LS倒叉38000","64,940","","","","","","","","","","","","","","","","","","","","",""
"2023/11/3","EMY-2623","57513","前叉$20600/前來令$1300/皮帶調整$/前輪芯$800/","22,700","","","","","","","","","","","","","","","","","","","","",""
"2023/11/4","EQB-6132","13935","18K$1800/","1,800","","","","","","","","","","","","","","","","","","","","",""
"2023/11/4","389-KXL","37892","握把套$450/黑隼$1380/","1,830","","","","","","","","","","","","","","","","","","","","",""
"2023/11/4","EMY-6629","9228","前P600$2300/後鯊魚王$2150/","4,450","","","","","","","","","","","","","","","","","","","","",""
"2023/11/4","EWP-2277","5339","後CITY$2150/","2,150","","","","","","","","","","","","","","","","","","","","",""
"2023/11/6","ERG-7125","685","黑隼$1880/","1,880","","","","","","","","","","","","","","","","","","","","",""
"2023/11/7","NLF-9832","5180","4R$450/齒輪油贈$/","450","","","","","","","","","","","","","","","","","","","","",""
"2023/11/7","EQB-7753","51969","波沛後$2100/後輪芯$500/保養$800/","3,400","","","","","","","","","","","","","","","","","","","","",""
"2023/11/7","EMG-9701","20740","商用穩$12800/拉耳$2900/側腳架開關$850/中住$1635/","18,185","","","","","","","","","","","","","","","","","","","","",""
"2023/11/8","NLF-9832","5195","新雅空濾$550/","550","","","","","","","","","","","","","","","","","","","","",""
"2023/11/8","ENL-0538","9064","惡搞飛旋$2100/","2,100","","","","","","","","","","","","","","","","","","","","",""
"2023/11/8","ENE-1636","31132","TT93 110/70-12$2350/","2,350","","","","","","","","","","","","","","","","","","","","",""
"2023/11/8","EPF-2238","67493","前260BPM$3300/前FRANDO$1300/","4,600","","","","","","","","","","","","","","","","","","","","",""
"2023/11/8","EPL-3278","71634","拉耳$2900/狗窩椅墊$2900/""+8趴$/","5,800","","","","","","","","","","","","","","","","","","","","",""
"2023/11/9","ENP-7356","28284","皮帶調整/FRANDO(R)1300/FASS握把+內管2030","3,330","","","","","","","","","","","","","","","","","","","","",""
"2023/11/10","NLF-9832","5279","MTRT椅墊$2850/","2,850","","","","","","","","","","","","","","","","","","","","",""
"2023/11/10","ERH-0929","8640","電子節流閥$1700/燈匠方向燈$2850/","4,778","","","","","","","","","","","","","","","","","","","","",""
"2023/11/11","EQC-9581","7696","FMF-107$4500/前後煞車油$800/油管$3500/手機架球投$300/","9,100","","","","","","","","","","","","","","","","","","","","",""
"2023/11/11","EQB-3375","14311","轉向$2400/","2,400","","","","","","","","","","","","","","","","","","","","",""
"2023/11/11","EMY-3531","7927","APEXX拉桿$1980/","1,980","","","","","","","","","","","","","","","","","","","","",""
"2023/11/11","EPG-8315","25481","ZR1(f$2500/ZR1(R$2600/SIXIS後靠$2980/黑準$1380/","9,460","","","","","","","","","","","","","","","","","","","","",""
"2023/11/13","ENP-2262","17239","LMG穩系$9500/","9,500","","","","","","","","","","","","","","","","","","","","",""
"2023/11/13","MJQ-1680","17576","碟盤$4800/卡座$2500/保養$980/PBF$1400/?2代售$3500/FASS握把$6800/","19,980","","","","","","","","","","","","","","","","","","","","",""
"2023/11/14","MPK-6223","15144","CMSR前$2400/大保$2000/機油$850/火星塞$850/空濾$1100/油杯外移$1450/RK後齒$2000/RK鏈$3500/","14,150","","","","","","","","","","","","","","","","","","","","",""
"2023/11/14","EWB-8102","24256","後碟$800/PBF$1200/","2,000","","","","","","","","","","","","","","","","","","","","",""
"2023/11/15","MJM-6727","30867","後視鏡$1600/拉桿$2200/手機架$800/","4,600","","","","","","","","","","","","","","","","","","","","",""
"2023/11/15","MND-0927","27102","MTRT$2850/","2,850","","","","","","","","","","","","","","","","","","","","",""
"2023/11/15","EMG-6191","77717","RPMSII$16200/BPM後來令$950/前後煞車油$1000/M8X40F$360/","18,510","","","","","","","","","","","","","","","","","","","","",""
"2023/11/16","ERE-6666","35960","主腳架代工$1000/","1,000","","","","","","","","","","","","","","","","","","","","",""
"2023/11/16","NKZ-3570","24195","LM機油$850/齒輪油$50/磁鐵卸油螺絲$100/空濾$850/","1,850","","","","","","","","","","","","","","","","","","","","",""
"2023/11/16","EMY-3531","7944","FASS椅墊$5180/","5,180","","","","","","","","","","","","","","","","","","","","",""
"2023/11/17","NRN-7130","10955","惡搞後避震下移$8200/","8,200","","","","","","","","","","","","","","","","","","","","",""
"2023/11/17","ENP-1085","100753","AFAM$850/ZOO外$2200/DID$2880/","5,930","","","","","","","","","","","","","","","","","","","","",""
"2023/11/17","MNG-6633","36839","惡搞飛旋$2100/黑準$1380/SKF$850/ZOO外內$850/","5,180","","","","","","","","","","","","","","","","","","","","",""
"2023/11/17","EMY-1575","38594","ZR1 前後$5500/","5,500","","","","","","","","","","","","","","","","","","","","",""
"2023/11/18","EWP-2277","5632","BPM後來令$850/後碟$980/","1,830","","","","","","","","","","","","","","","","","","","","",""
"2023/11/18","EWP-7252","562","EV後$1850/","1,850","","","","","","","","","","","","","","","","","","","","",""
"2023/11/18","MKW-7623","21477","AFAM$2850/DID$2900/螺柱$1250/5H$850/","7,850","","","","","","","","","","","","","","","","","","","","",""
"2023/11/18","NFK-2626","22857","油門線$1800/節流管$2500/TPS$3700/腓腸$1500/CCD$7000/","16,500","","","","","","","","","","","","","","","","","","","","",""
"2023/11/18","EPE-0095","15210","ZR(F$2500/","2,500","","","","","","","","","","","","","","","","","","","","",""
"2023/11/20","MCG-8222","2839","6162+S98SPORT$4000/","4,000","","","","","","","","","","","","","","","","","","","","",""
"2023/11/20","MKK-0308","26238","S98sports $2150","2,150","","","","","","","","","","","","","","","","","","","","",""
"2023/11/21","EQB-7753","53185","TT93$2350/","2,350","","","","","","","","","","","","","","","","","","","","",""
"2023/11/21","ERF-5788","11747","代工$1800/後視鏡$300/","2,100","","","","","","","","","","","","","","","","","","","","",""
"2023/11/21","EPF-6855","29271","CCD後避震$7000/","7,000","","","","","","","","","","","","","","","","","","","","",""
"2023/11/21","EMG-8772","66432","五匹$1200/","1,200","","","","","","","","","","","","","","","","","","","","",""
"2023/11/22","EMG-2090","23795","皮帶調整$200/","200","","","","","","","","","","","","","","","","","","","","",""
"2023/11/22","ENP-9019","10317","前水行俠$2500/","2,500","","","","","","","","","","","","","","","","","","","","",""
"2023/11/22","EQE-1073","41190","AFAM後T$2000/糯米腸內管$950/5H$850/BPM後碟$2100/","5,900","","","","","","","","","","","","","","","","","","","","",""
"2023/11/22","ENP-8305","30313","前後CITY$5600/","5,600","","","","","","","","","","","","","","","","","","","","",""
"2023/11/23","ERE-6666","36026","RCS承旭洩油螺絲$/煞車油$/油管墊片$1500/","1,500","","","","","","","","","","","","","","","","","","","","",""
"2023/11/23","EMQ-7177","28099","9K調整皮帶$/CITY EXTRAA$2300/糯米腸$450/","2,750","","","","","","","","","","","","","","","","","","","","",""
"2023/11/23","NLB-0211","12993","水轉印車殼$16500/機油800LM$800/卸油螺絲$100/","17,400","","","","","","","","","","","","","","","","","","","","",""
"2023/11/23","EMQ-0928","36214","大牌背板$1000/","1,000","","","","","","","","","","","","","","","","","","","","",""
"2023/11/23","ERF-2290","5949","8X25X2$300/墊片$40/6X20$480/TT93 110/70-12$2350/GF$1200/","4,370","","","","","","","","","","","","","","","","","","","","",""
"2023/11/24","EPD-3001","36043","水行俠100/90-12$2500/18k$1800/","4,300","","","","","","","","","","","","","","","","","","","","",""
"2023/11/24","ERG-7353","3443","大牌上移$6000/","6,000","1500","","","","","","","","","","","","","","","","","","","",""
"2023/11/24","EMY-2253","46006","BPM(R$850/","850","","","","","","","","","","","","","","","","","","","","",""
"2023/11/25","NLF-9832","5958","4R$450/磁石$50/","500","","","","","","","","","","","","","","","","","","","","",""
"2023/11/25","MJV-0915","12965","RR$4400/中古中柱$1000/","5,400","","","","","","","","","","","","","","","","","","","","",""
"2023/11/27","EQB-1917","16409","皮帶調整$/","0","","","","","","","","","","","","","","","","","","","","",""
"2023/11/28","MVY-5661","53336","排氣管$8400/","8,400","","","","","","","","","","","","","","","","","","","","",""
"2023/11/29","MKK-6708","72554","機油$400/齒輪油贈$/","400","","","","","","","","","","","","","","","","","","","","",""
"2023/11/29","NTB-2026","2168","LM機油$750/POSH九孔墊片$50/","800","","","","","","","","","","","","","","","","","","","","",""
"2023/11/30","MUY-5661","53425","後來令武川$850/","850","","","","","","","","","","","","","","","","","","","","",""
"2023/12/1","EMY-5285","24184","新版下擾流$2800/","2,800","","2240","","","","","","","","","","","","","","","","","","",""
"2023/12/1","NLF-9832","6387","EPIC車廂內襯$1200/","1,200","850","","","","","","","","","","","","","","","","","","","",""
"2023/12/2","EMY-1575","38829","蓋PRO+內齒$14500/派克龍$680/","15,180","9282","","","","","","","","","","","","","","","","","","","",""
"2023/12/2","EMQ-6128","30828","9K$/","0","","","","","","","","","","","","","","","","","","","","",""
"2023/12/4","MXN-9796","28622","MTR前組$2500/MTRT開閉盤$2800/皮帶$1500/","6,800","3350","","","","","","","","","","","","","","","","","","","",""
"2023/12/6","ENC-1636","9384","儀表go建$1500/","1,500","","380","","","","","","","","","","","","","","","","","","",""
"2023/12/6","SV-30","47476","前油壓式煞車開關$1200/線組修復$1000/","2,200","350","","","","","","","","","","","","","","","","","","","",""
"2023/12/6","EPG-9165","12876","LMG皮帶$2000/","2,000","900","","","","","","","","","","","","","","","","","","","",""
"2023/12/7","ENP-8282","16281","左篩車開關$600/","600","","160","","","","","","","","","","","","","","","","","","",""
"2023/12/7","EMY-2270","12708","前P600$2400/後tt93$2400/","4,800","2171","","","","","","","","","","","","","","","","","","","",""
"2023/12/7","EPG-8325","27932","皮帶調整$/","0","","","","","","","","","","","","","","","","","","","","",""
"2023/12/7","EMZ-9771","31029","洗鍊條$450/","450","","","","","","","","","","","","","","","","","","","","",""
"2023/12/7","ENB-6567","33102","皮帶調整$/","0","","","","","","","","","","","","","","","","","","","","",""
"2023/12/8","EMH-7109","21079","烤漆$6300/內裝$1800/四塊(龍頭+上內)$1800/","9,405","9400","","","","","","","","","","","","","","","","","","","",""
"2023/12/8","EQB-6133","31778","前bpm來令$1000/後bpm來令$950/","1,950","805","","","","","","","","","","","","","","","","","","","",""
"2023/12/8","AH3-038","6776","機油+齒輪油$500/","500","","","","","","","","","","","","","","","","","","","","",""
"2023/12/8","MND-0516","61495","五匹$1200/","1,200","680","","","","","","","","","","","","","","","","","","","",""
"2023/12/8","NKZ-3570","25280","機油$850/齒輪油$50/","900","","","","","","","","","","","","","","","","","","","","",""
"2023/12/8","EPG-0213","68717","go鍵$1500/","1,500","","380","","","","","","","","","","","","","","","","","","",""
"2023/12/8","EMQ-1868","7298","五匹$1200/","1,200","680","","","","","","","","","","","","","","","","","","","",""
"2023/12/8","EMH-6329","41840","前bpm$950/狗吉拉側腳架襯墊$450/","1,400","735","","","","","","","","","","","","","","","","","","","",""
"2023/12/9","EMY-7017","34627","皮帶$2000/","2,000","900","","","","","","","","","","","","","","","","","","","",""
"2023/12/9","EMQ-7917","46411","派克龍$680/FRANDO(F$1300/FRANDO(前碟$4500/皮帶調整$/","6,480","","","","","","","","","","","","","","","","","","","","",""
"2023/12/9","ERU-2229","14","AP$1980/CCD訂$4500/","6,480","3810","","","","","","","","","","","","","","","","","","","",""
"2023/12/9","EPF-6566","40998","PBF(F)$1400/PBF®$1200/PBF(中古)後碟$2000/9K$800/SKF+外內套管$1800/","7,200","2630","800","","","","","","","","","","","","","","","","","","",""
"2023/12/9","NLF-9832","6945","機油+齒輪油$500/","500","","","","","","","","","","","","","","","","","","","","",""
"2023/12/9","EMG-7133","46354","皮帶$2000/","2,000","900","","","","","","","","","","","","","","","","","","","",""
"2023/12/9","NAH-7108","31986","機油+齒輪油$500/磁石X2$100/","600","","","","","","","","","","","","","","","","","","","","",""
"2023/12/9","ERU-2028","2","五匹$1200/","1,200","680","","","","","","","","","","","","","","","","","","","",""
"2023/12/11","NRN-7130","11917","APEXX風鏡$3580/","3,580","1980","","","","","","","","","","","","","","","","","","","",""
"2023/12/11","ERU-1287","760","絞鍊$1340/","1,380","","1234","","","","","","","","","","","","","","","","","","",""
"2023/12/11","MCS-0830","129326","BPM後來令$1100/川歐後碟$2800/","3,900","2060","","","","","","","","","","","","","","","","","","","",""
"2023/12/11","ERG-2026","9179","APEXX拉桿$2180/螺絲+墊片$350/","2,530","1425","","","","","","","","","","","","","","","","","","","",""
"2023/12/11","EPG-3599","60827","AFAM$850/後避震$16200/FASS鍊條蓋支架$980/FASS後擋泥支架$980/","19,010","14826","","","","","","","","","","","","","","","","","","","",""
"2023/12/11","EMQ-0079","82835","FRANDO來令$1300/","1,300","480","","","","","","","","","","","","","","","","","","","",""
"2023/12/12","ERU-1087","1206","洗鍊$450/儀表保護套$650/油杯保護套$780/把座$8500/把$3000/AFAM前後43齒$2850/行車紀錄器代工$2500/飛旋$2100/風鏡$1900/","23,867","8346","6210","刷卡","","","","","","","","","","","","","","","","","",""
"2023/12/12","EQC-8000","16202","後來令$555/","555","","555","","","","","","","","","","","","","","","","","","",""
"2023/12/12","MKW-7611","32416","LMG商用$11600/內套管$400/後輪裴琳$1100/","13,100","7710","","","","","","","","","","","","","","","","","","","",""
"2023/12/12","EPZ-9706","23707","18K$1410/","1,410","","1410","","","","","","","","","","","","","","","","","","",""
"2023/12/12","EMG-9688","14388","EK黑金$3700/","3,700","2200","","","","","","","","","","","","","","","","","","","",""
"2023/12/12","EMH-6329","41937","凱瑞絲土除尾$3900/前置物箱$1700/","5,600","2900","1700","","","","","","","","","","","","","","","","","","",""
"2023/12/12","ERF-2290","6223","前水行俠$2300/M6X30$580/APEXX拉桿$1980/","4,860","3040","","","","","","","","","","","","","","","","","","","",""
"2023/12/14","ENP-1817","42566","BPM後來令$1600/後小閃$3000/","4,600","3310","","","","","","","","","","","","","","","","","","","",""
"2023/12/14","EPQ-0555","17963","18K$1820/派克龍$480/後視鏡$2000/","4,300","1532","1620","","","","","","","","","","","","","","","","","","",""
"2023/12/14","NTF-799","9168","狗吉拉加大片$900/DOMINO握把套+端子$1500/鍍鈦螺絲加墊片$17580/EPIC腳踏塞$1500/中柱異音套件$1200/尾燈下蓋$800/","23,480","10915","","","","","","","","","","","","","","","","","","","",""
"2023/12/14","NRN-7130","12096","LM機油$850/MTRT椅墊$2900/派克龍$300/新雅空濾$850/","5,145","3470","","","","","","","","","","","","","","","","","","","",""
"2023/12/15","EPS-9979","14160","PBF(R$1200/超速拉桿$2400/鈦6X12$300/TT93$2350/6K$900/外掛式飛翼$4290/FASS握把套+內管$2280/陽極$1200/","14,920","7797","","","","","","","","","","","","","","","","","","","",""
"2023/12/15","EMV-6595","35528","6K$455/前後SC$6500/前BPM$3400/前BPM來令$1300/","11,655","7200","455","","","","","","","","","","","","","","","","","","",""
"2023/12/18","EMY-0287","65502","FASS握把$1680/惡搞飛旋$2100/","3,780","2729","","","","","","","","","","","","","","","","","","","",""
"2023/12/18","ERH-0929","9579","BPM後碟$2300/後FRANDO來令$1300/卡簧$100/M14墊片$120/","3,820","1990","","","","","","","","","","","","","","","","","","","",""
"2023/12/19","EPH-1051","15356","代工$400/","400","","","","","","","","","","","","","","","","","","","","",""
"2023/12/19","ERU-2229","154","絞鍊$680/","680","","617","","","","","","","","","","","","","","","","","","",""
"2023/12/19","AHB-038","6777","墊片$160/曲軸油封$450/","610","280","","","","","","","","","","","","","","","","","","","",""
"2023/12/19","ERU-1087","1402","照地燈$3100/大牌上移$4500/","7,600","3930","","","","","","","","","","","","","","","","","","","",""
"2023/12/20","EQC-6672","24853","APEXX拉桿$1980/FASS握把+內管$2080/","4,060","2616","","","","","","","","","","","","","","","","","","","",""
"2023/12/21","EMQ-0079","83640","後視鏡$1850/","1,850","1350","","","","","","","","","","","","","","","","","","","",""
"2023/12/21","NLF-9832","7759","機油$450/齒輪油$100/卸油螺絲$100/","650","","","","","","","","","","","","","","","","","","","","",""
"2023/12/21","ERU-1087","1446","LMG速系列$16600/","17,430","10000","","","","","","","","","","","","","","","","","","","",""
"2023/12/22","MMB-8516","39038","代工$1000/","1,000","","","","","","","","","","","","","","","","","","","","",""
"2023/12/23","MKH-3002","40796","前B03$3250/後SC$3450/","6,700","4300","","","","","","","","","","","","","","","","","","","",""
"2023/12/23","ERH-0929","9672","承旭油杯+煞車油$5900/","5,900","2500","","","","","","","","","","","","","","","","","","","",""
"2023/12/25","EMQ-0185","26732","代工$1800/","1,800","","","","","","","","","","","","","","","","","","","","",""
"2023/12/25","EPF-0908","27902","皮帶$2000/PAKELO$680/","2,680","1182","","","","","","","","","","","","","","","","","","","",""
"2023/12/25","EMR-2696","27538","皮帶調整$/","0","","","","","","","","","","","","","","","","","","","","",""
"2023/12/25","EPU-7503","26115","3K$500/","500","","500","","","","","","","","","","","","","","","","","","",""
"2023/12/25","NLB-0211","13385","MINIX$14500/京濱$5500/含氧+螺絲$1350/RELAY$850/蝸牛$1200/吊點滴$1500/火星塞$650/","26,550","12500","","","","","","","","","","","","","","","","","","","",""
"2023/12/26","EMQ-0185","26777","五匹+無線充$3200/6K$455/菜籃+工具包$3100/","6,755","1360","2795","","","","","","","","","","","","","","","","","","",""
"2023/12/26","EPU-3330","14566","RCS$13800/後BPM$2300/後卡$6800/左承旭油杯$1800/卡座$2500/煞車油$800/油管$6600/鏡座$1000/迴油$800/前後FRANDO來令$2600/卡簧$100/手機架下移$100/後SC$3250/","42,450","20010","","","","","","","","","","","","","","","","","","","",""
"2023/12/27","EPF-5375","31614","皮帶調整$/","0","","","","","","","","","","","","","","","","","","","","",""
"2023/12/28","ERU-1087","1652","RPMSII$16200/FASS搖臂$14800/滾針$2680/8x35x2$240/","33,920","26100","","","","","","","","","","","","","","","","","","","",""
"2023/12/28","EQB-7599","61437","PBF後碟$2900/FRANDO®$1300/卡簧$100/","4,300","2330","","","","","","","","","","","","","","","","","","","",""
"2023/12/28","EMK-8612","37404","皮帶調整$/","0","","","","","","","","","","","","","","","","","","","","",""
"2023/12/29","EQC-5358","11530","3K$535/後四季川$1600/前93$1900/","4,035","1074","535","","","","","","","","","","","","","","","","","","",""
"2023/12/29","EMG-0963","23665","BPM後碟$2100/BPM後來令$950/","3,050","1645","","","","","","","","","","","","","","","","","","","",""
"2023/12/29","ERF-7073","21391","中柱$2400/","2,400","1200","","","","","","","","","","","","","","","","","","","",""
"2023/12/30","MND-0927","27791","LM機油$850/齒輪油(派克龍$840/卸油螺絲$/","1,690","665","","","","","","","","","","","","","","","","","","","",""
"2023/12/30","AEL-5513","1","miniX$15500/G6後視鏡$1800/整車殼(不含後扶手)$19800/前後碟盤$6000/前卡座$2500/M50黑底紅$12800/63引擎套餐$40000/RCS15+Rizona油杯(黑)$17800/GP5RT$21000/整流器$4500/紅色閃電$3000/傳動$10000/排氣管(小聲)$2800/$/汽油幫浦$4600/油桶$5000/浮筒$750/尾燈、方向燈燻黑$1750/
油箱環$450/方向燈泡X4$1800/前叉整理$5000/烤漆$8000/空濾總成$3000/左總泵$2000/油管$6800/油冷排$16000/case修復$10000/幫浦油管$920/排骨$2800/掛鉤$1800/大燈$5650/$/車把$1200/螺絲、插銷、來令片$5600/儀表$4600/呼吸管$700/燈泡$1500","267720","125875","","340950","","","","","","","","","","","","","","","","","",""
"2024/1/2","EMW-3068","32538","BPM260MM$3400/前FRANDO$1300/後SC$3250/加油管+FASS握把套$2480/","10,430","","","","","","","","","","","","","","","","","","","","",""
"2024/1/2","MPK-6223","15977","LM機油$850/珠碗$4500/","5,350","","","","","","","","","","","","","","","","","","","","",""
"2024/1/3","MUY-5661","54749","水箱總成/水箱外護蓋/水箱水/水箱底蓋$9000/左飛旋$600/","9,600","","","","","","","","","","","","","","","","","","","","",""
"2024/1/4","EMQ-0891","106733","FRANDO(F$1300/BPM(R$850/9K$800/","2,950","","","","","","","","","","","","","","","","","","","","",""
"2024/1/4","NLF-9832","8570","CCD前叉$10300/三代戰前土除$1200/輪芯$500/","12,000","","","","","","","","","","","","","","","","","","","","",""
"2024/1/4","EPF-7639","63278","中古前叉$1200/FRANDO(F$1100/","2,300","480","","","","","","","","","","","","","","","","","","","",""
"2024/1/4","EPG-7985","8475","皮帶調整","0","","","","","","","","","","","","","","","","","","","","",""
"2024/1/4","MCV-3782","58971","氣嘴$250/","250","30","","","","","","","","","","","","","","","","","","","",""
"2024/1/5","EQD-0572","38824","後波佩$2000/","2,000","1100","","","","","","","","","","","","","","","","","","","",""
"2024/1/5","MHK-0821","7483","端子鏡$3000/POSI內管$1080/糯米腸$550/","4,630","","","","","","","","","","","","","","","","","","","","",""
"2024/1/5","EMQ-9675","3152","短圓鏡$2000/後輪$2900/BPM後來令$950/","5,850","","","","","","","","","","","","","","","","","","","","",""
"2024/1/5","ERG-7353","4620","M10X25 P1.25$280/前ERANDO$4000/後FRANDO$4500/墊片$480/總泵$2000/煞車油$1500/拉桿$1500/","14,260","","","","","","","","","","","","","","","","","","","","",""
"2024/1/5","ERG-2385","2802","代工$400/","400","","","","","","","","","","","","","","","","","","","","",""
"2024/1/6","NLE-0825","11294","DOMINO握把套$1080/端子$850/","1,930","","","","","","","","","","","","","","","","","","","","",""
"2024/1/6","NQP-8195","10729","LM$850/","850","","","","","","","","","","","","","","","","","","","","",""
"2024/1/6","ERG-2385","2838","MG1910$1200/","1,200","","","","","","","","","","","","","","","","","","","","",""
"2024/1/6","MNZ-8585","13742","FRANDO(R$1300/BPM(後碟$2100/轉向$2400/油線$650/18K","6,450","","","","","","","","","","","","","","","","","","","","",""
"2024/1/6","NLF-9832","8710","機油齒輪油$450/","450","","","","","","","","","","","","","","","","","","","","",""
"2024/1/8","EME-9989","25998","6K$600/BH2右後視鏡$900/","1,500","","","","","","","","","","","","","","","","","","","","",""
"2024/1/8","NLB-0211","14073","LM$850/齒輪油$450/","1,300","","","","","","","","","","","","","","","","","","","","",""
"2024/1/8","NTK-1833","1563","拉桿$2080/","2,080","","","","","","","","","","","","","","","","","","","","",""
"2024/1/8","797-KNG","25661","4R$450/前輪$500/卸油螺絲$250/白鐵濾網$250/齒輪油$100/","1,550","","","","","","","","","","","","","","","","","","","","",""
"2024/1/8","MHK-0821","7512","土除工資$300/","300","","","","","","","","","","","","","","","","","","","","",""
"2024/1/9","EPD-3001","37941","BPM(F$850/SKF(F$850/GOGORO碟$300/","2,000","","","","","","","","","","","","","","","","","","","","",""
"2024/1/9","ERG-2026","10015","水行俠$2350/前武川來令$900/","3,250","","","","","","","","","","","","","","","","","","","","",""
"2024/1/10","EMG-5907","58196","鍊條保養$450/","450","","","","","","","","","","","","","","","","","","","","",""
"2024/1/10","MLB-0211","14112","PBF(F$450/","450","","","","","","","","","","","","","","","","","","","","",""
"2024/1/11","EMY-3086","50279","ZR1(R$2600/皮帶調整","2,600","","","","","","","","","","","","","","","","","","","","",""
"2024/1/12","EMY-1370","","油門導線$680/SPK$750/","1,430","","","","","","","","","","","","","","","","","","","","",""
"2024/1/12","EMR-5993","50025","AP拉桿$1980/BPM(R$850/","2,830","","","","","","","","","","","","","","","","","","","","",""
"2024/1/13","EMY-7826","32581","BPM後碟$2300/BPM後來令$850/","3,308","","","","","","","","","","","","","","","","","","","","",""
"2024/1/13","ENT-5952","38958","整新儀表$1500/","1,500","","","","","","","","","","","","","","","","","","","","",""
"2024/1/13","ERF-3599","18824","前BPM來令$950/","950","","","","","","","","","","","","","","","","","","","","",""
"2024/1/13","EQB-7753","5623","TT93$2350/前FRANDO來令$1300/","3,650","","","","","","","","","","","","","","","","","","","","",""
"2024/1/15","ERE-6666","36469","派克龍$680/","680","","","","","","","","","","","","","","","","","","","","",""
"2024/1/15","EQB-7753","56563","皮帶前皮帶輪墊片$2650/","2,650","","","","","","","","","","","","","","","","","","","","",""
"2024/1/16","EPZ-9706","25526","皮帶調整後CITY$2900/後PBF$1200/","4,100","","","","","","","","","","","","","","","","","","","","",""
"2024/1/16","EPZ-1087","24120","3K$600/","600","","","","","","","","","","","","","","","","","","","","",""
"2024/1/16","MHK-0821","7571","8X35X4$880/","880","","","","","","","","","","","","","","","","","","","","",""
"2024/1/16","EMG-6191","79601","X2保養$6800/","6,800","","","","","","","","","","","","","","","","","","","","",""
"2024/1/17","NKZ-3570","27192","LM$850/PAKELO$150/","1,000","","","","","","","","","","","","","","","","","","","","",""
"2024/1/18","ERU-1087","2331","RPMSII$16200/","16,200","","","","","","","","","","","","","","","","","","","","",""
"2024/1/18","MKK-6708","73748","機油$450/齒輪油$100/","550","","","","","","","","","","","","","","","","","","","","",""
"2024/1/18","ERH-0929","10024","9K$700/派克龍$480/","1,180","","","","","","","","","","","","","","","","","","","","",""
"2024/1/18","EMY-2151","51282","皮帶調整油門線$680/","680","","","","","","","","","","","","","","","","","","","","",""
"2024/1/19","NRN-7130","13869","後油管$5050/後卡$6800/後卡座$1200/後碟$2800/M8X40X2$400/插銷$250/卡黃$100/迴油1.0$250/洩氣$200/M8X20X2$250/","17,300","","","","","","","","","","","","","","","","","","","","",""
"2024/1/19","EPZ-5209","18974","CITY 100/90-12$2600/皮帶$2150/","4,750","","","","","","","","","","","","","","","","","","","","",""
"2024/1/19","NTF-7799","9675","LM機油$850/","850","","","","","","","","","","","","","","","","","","","","",""
"2024/1/19","NQN-8831","2964","方向燈+繼電器.3$5450/MTRT椅墊$3050/前小閃$3200/","11,700","","","","","","","","","","","","","","","","","","","","",""
"2024/1/19","LAR-6193","26379","M6X30$840/","840","","","","","","","","","","","","","","","","","","","","",""
"2024/1/19","EQC-9581","8202","開關$2300/","2,300","","","","","","","","","","","","","","","","","","","","",""
"2024/1/19","NQP-8195","11864","LM$850/","850","","","","","","","","","","","","","","","","","","","","",""
"2024/1/20","EPF-3527","86805","p800(R$2000/","2,000","","","","","","","","","","","","","","","","","","","","",""
"2024/1/20","EQB-6293","36586","派克龍$680/BPM前碟$2400/PBF後碟$2900/後卡座$2000/PBF(F$1300/PBF(R$1100/水行俠(f$2500/水行俠(r$2600/皮帶調整","15,480","","","","","","","","","","","","","","","","","","","","",""
"2024/1/22","EMG-0576","13242","黑準防盜$2180/","2,180","","","","","","","","","","","","","","","","","","","","",""
"2024/1/22","MPN-5696","30907","9K皮帶調整","0","","","","","","","","","","","","","","","","","","","","",""
"2024/1/22","NLB-0211","14615","MTRT椅$2980/","2,980","","","","","","","","","","","","","","","","","","","","",""
"2024/1/22","MCW-3167","80992","機油$450/p800$1900/","2,350","","","","","","","","","","","","","","","","","","","","",""
"2024/1/22","EMW-7895","16344","3K$600/","600","","","","","","","","","","","","","","","","","","","","",""
"2024/1/23","ERE-6666","36545","皮帶調整川歐後碟$3500/PBF後來令$1200/","4,700","","","","","","","","","","","","","","","","","","","","",""
"2024/1/24","ENW-0888","14037","EK$2900/AFAM$2850/DOMINO$1450/SC(F$3250/KOSO土除$1000/5H$850/螺住$1250/LM$450/","14,000","","","","","","","","","","","","","","","","","","","","",""
"2024/1/24","EPU-3330","15376","皮帶$2300/","2,300","","","","","","","","","","","","","","","","","","","","",""
"2024/1/24","MJQ-1680","18916","烤漆車殼更換$16000/","16,000","10240","","","","","","","","","","","","","","","","","","","",""
"2024/1/25","EMY-0061","35147","惡搞飛旋$2100/SIDESTAND SENSOR$650/水行俠 前$2500/水行俠 後$2250/12K皮帶調整3K$455/","7,955","","","","","","","","","","","","","","","","","","","","",""
"2024/1/25","NLF-9832","9740","Y機油+齒輪油$500/","500","","","","","","","","","","","","","","","","","","","","",""
"2024/1/25","AEL-5513","357","HOBAO缸蓋$6000/LM$850/膠條$800/內鏈條整氣$950/汽油$200/","8,800","","","","","","","","","","","","","","","","","","","","",""
"2024/1/26","NLF-9832","9771","吊點滴$1800/清節流閥$450/ARACER火星塞$450/","2,700","","","","","","","","","","","","","","","","","","","","",""
"2024/1/26","EMG-0576","13596","CITY(R$2900/ZOO後輪心+墊片$1100/ZOO後外內$1350/TPI培林`$850/ZOO墊片$500/側架襯墊$450/BPM(R$850/","8,000","","","","","","","","","","","","","","","","","","","","",""
"2024/1/26","EMY-1575","39835","AFAM 前T$850/PAKELO$680/惡搞飛旋$2100/CNC鍍鎳$21800/FAR後碟$2500/鈦M8X40$720/油管螺絲$350/M8卡鉗氣嘴$450/M10X60$1200/M8X40$720/卡簧$100/煞車油BPM(R$2000/","35,070","","","","","","","","","","","","","","","","","","","","",""
"2024/1/26","EMQ-9338","33503","BPM後碟$2100/FRANDO(R$1300/6K皮帶調整","3,400","","","","","","","","","","","","","","","","","","","","",""
"2024/1/29","EQC-8279","2083","五匹$1200/NCY油門$750/糯米腸$450/APEXX拉桿$2000/","4,400","","","","","","","","","","","","","","","","","","","","",""
"2024/1/29","ERF-9671","33972","CITY(F$2700/EXTRA(R$2300/","5,000","","","","","","","","","","","","","","","","","","","","",""
"2024/1/29","EMH-9986","69208","代工行車$2500/ZOO後T$3500/JE齒盤座$3000/PBF(R$1200/EV後$2300/6K$600/","13,100","","","","","","","","","","","","","","","","","","","","",""
"2024/1/30","NTL-5788","622","SY加油內管$800/糯米腸$450/APEXX拉桿$2180/","3,430","","","","","","","","","","","","","","","","","","","","",""
"2024/1/30","EMY-6263","103058","新雅usb$1800/皮帶$2000/右拉桿$500/","4,300","","160","","","","","","","","","","","","","","","","","","",""
"2024/1/31","NRN-7130","14357","AJF2尾燈$5950/","5,950","","","","","","","","","","","","","","","","","","","","",""
"2024/1/31","ENP-6329","42654","派克龍$680/洗鏈條$450/","1,130","","","","","","","","","","","","","","","","","","","","",""
"2024/2/1","EMY-2970","27854","皮帶調整$/","0","","","","","","","","","","","","","","","","","","","","",""
"2024/2/1","NFK-2626","23301","機油$850/","850","","","","","","","","","","","","","","","","","","","","",""
"2024/2/1","EMY-1575","39901","CNC插銷$550/","550","","","","","","","","","","","","","","","","","","","","",""
"2024/2/1","EMY-1325","55808","電子油門$7800/","7,800","","","","","","","","","","","","","","","","","","","","",""
"2024/2/1","EQC-1071","31633","水行俠$2500/水行俠$2600/BPM$900/BPM$850/","6,850","","","","","","","","","","","","","","","","","","","","",""
"2024/2/1","ENP-3525","26647","DC-BOX$4000/PB$1450/後來令$500/載車$800/?$450/","7,200","","3200","","","","","","","","","","","","","","","","","","",""
"2024/2/1","MJQ-1680","19098","TRIILY工架$8350/TT93$2350/","10,700","","","","","","","","","","","","","","","","","","","","",""
"2024/2/2","AEL-5513","457","機油$850/","850","","","","","","","","","","","","","","","","","","","","",""
"2024/2/2","EMH-6329","42724","AK550卡鉗$7800/煞車油$450/白鐵螺絲$880/BPM碟盤$4500/","13,630","","","","","","","","","","","","","","","","","","","","",""
"2024/2/2","EQD-6027","7379","後米其林EXTRA$2300/前後煞車油$450/","2,750","","","","","","","","","","","","","","","","","","","","",""
"2024/2/2","EPF-5737","43239","LMG商用$12800/","12,800","","","","","","","","","","","","","","","","","","","","",""
"2024/2/3","EMH-0558","29458","15K皮帶調整$/","0","","","","","","","","","","","","","","","","","","","","",""
"2024/2/3","NQN-8831","3124","LP尾燈+Z刃$9800/APEXX土除$1480/三角台+珠碗$4200/TT93 120/70-12$2550/","18,030","","","","","","","","","","","","","","","","","","","","",""
"2024/2/3","MND-5069","41812","皮帶調整$/","0","","","","","","","","","","","","","","","","","","","","",""
"2024/2/5","EQB-6133","33824","SC(R$3250/鍊條保養$450/BPM前碟$3500/前BPM$950/","8,150","","","","","","","","","","","","","","","","","","","","",""
"2024/2/5","EMG-7133","49638","皮帶調整$/","0","","","","","","","","","","","","","","","","","","","","",""
"2024/2/5","EQB-7753","57809","羊角+上懸吊幣+後輪軸$8500/","8,755","","5000","","","","","","","","","","","","","","","","","","",""
"2024/2/5","ERF-9323","3041","前叉換油$3100/","3,100","","","","","","","","","","","","","","","","","","","","",""
"2024/2/6","ERE-6666","","排氣管工資$1000/","1,000","","","","","","","","","","","","","","","","","","","","",""
"2024/2/6","167-GDW","97251","工資$400/","400","","","","","","","","","","","","","","","","","","","","",""
"2024/2/6","NQP-8198","13111","SC$3250/前輪芯$1500/","4,750","","","","","","","","","","","","","","","","","","","","",""
"2024/2/6","EMD-6067","30179","前SC$3250/後TT93$2650/KOSO尾燈$4400/珠碗$2650/前後SKF$1850/代工$3000/前方向燈$2190/迴油$450/前後輪套管$2000/拉耳$2900/LMG螺柱$1250/油門線$680/","27,270","","","","","","","","","","","","","","","","","","","","",""
"2024/2/7","EPE-9706","26350","油管$7800/煞車油$1500/油壓開關X2$1700/LM$450/橢圓鏡$2000/總泵$5000/","18,450","","","","","","","","","","","","","","","","","","","","",""
"2024/2/7","EPG-0213","71564","SC(F$3250/SC(R$3250/25K皮帶調整$/BPM後碟$2300/煞車油$1500/FRANDO(F$1300/FRANDO(R$1300/PAKELO$680/","13,580","","","","","","","","","","","","","","","","","","","","",""
"2024/2/7","EMY-2623","60329","SC(R$3250/ARCHOR(R$1050/齒輪油$200/","4,500","","","","","","","","","","","","","","","","","","","","",""
"2024/2/7","EQD-0572","40257","防爆水管$3800/齒輪油$200/油門線$680/","4,680","","160","","","","","","","","","","","","","","","","","","",""
"2024/2/7","MJQ-1680","19166","ZD椅墊$15000/","15,000","","0","","","","","","","","","","","","","","","","","","",""
"2024/2/8","EMR-6352","100836","前水行俠$2500/後波佩樂$2100/6k$600/","5,200","","600","","","","","","","","","","","","","","","","","","",""
"2024/2/8","ENP-6552","35270","LMG$9500/前BPM$800/後BPM$850/","11,150","","","","","","","","","","","","","","","","","","","","",""
"2024/2/15","ENP-1817","43832","8X40X4$1440/皿頭$600/","2,040","","","","","","","","","","","","","","","","","","","","",""
"2024/2/15","EPS-8702","13944","BPM後來令$950/","950","","","","","","","","","","","","","","","","","","","","",""
"2024/2/15","EPU-7503","28729","CITY(R$2950/","2,950","","2450","","","","","","","","","","","","","","","","","","",""
"2024/2/15","EMQ-6285","34976","皮帶調整$/照地燈$2700/BPM前來令$900/","3,600","","","","","","","","","","","","","","","","","","","","",""
"2024/2/15","NLF-9832","10648","CCD後避震$17000/MOS後內土除$900/機油齒輪油$500/","18,400","","","","","","","","","","","","","","","","","","","","",""
"2024/2/15","MPB-9572","24662","3K$600/TRONRACER前t+AFAM後t$2850/加厚椅墊$2500/","5,950","","600","","","","","","","","","","","","","","","","","","",""
"2024/2/15","EMY-1821","40740","前後波佩樂$4200/商用穩$11800/","16,000","","","","","","","","","","","","","","","","","","","","",""
"2024/2/16","EMQ-2821","39178","LMG皮帶$2000/","2,000","","","","","","","","","","","","","","","","","","","","",""
"2024/2/16","EQC-5285","19589","前水行俠$2500/前BPM$850/","3,350","","","","","","","","","","","","","","","","","","","","",""
"2024/2/16","EMG-9701","21940","皮帶調整$/","0","","","","","","","","","","","","","","","","","","","","",""
"2024/2/16","EPG-3599","65538","前音樂胎$2500/","2,500","","","","","","","","","","","","","","","","","","","","",""
"2024/2/16","EPS-8702","13980","DOMINO握把套$1100/加油管$980/","2,080","","","","","","","","","","","","","","","","","","","","",""
"2024/2/16","ENP-5886","8840","LMG$9500/18K$1800/牌照燈蓋$260/","11,560","","","","","","","","","","","","","","","","","","","","",""
"2024/2/16","ENP-5959","22636","牌照燈蓋$260/","260","","","","","","","","","","","","","","","","","","","","",""
"2024/2/17","EPF-0911","32695","BPM前來令$1300/BPM前碟$4800/派克龍$680/3k$390/皮帶調整$/","7,385","","","","","","","","","","","","","","","","","","","","",""
"2024/2/19","EPG-8315","28005","皮帶調整$200/frando(f$1300/","1,500","","","","","","","","","","","","","","","","","","","","",""
"2024/2/19","EMY-3086","51000","調避震$500/","500","","","","","","","","","","","","","","","","","","","","",""
"2024/2/19","EMY-1575","40578","3K$450/安科後來令$1050/","1,500","","450","","","","","","","","","","","","","","","","","","",""
"2024/2/20","NQN-8831","3319","OSB$1850/","1,850","","","","","","","","","","","","","","","","","","","","",""
"2024/2/20","ENP-0393","49491","3K$550/前來令$900/","1,450","","550","","","","","","","","","","","","","","","","","","",""
"2024/2/20","EMY-9783","26594","9K$800/前ZR1$2700/後水行俠$2300/","5,800","","800","","","","","","","","","","","","","","","","","","",""
"2024/2/20","NQP-8195","14172","機油$850/MTRT$3100/DOMINO$1080/端子$850/","5,880","","","","","","","","","","","","","","","","","","","","",""
"2024/2/21","MHQ-9190","50736","BPM前來令$850/","850","","","","","","","","","","","","","","","","","","","","",""
"2024/2/21","EQD-1029","3657","水行俠+S98EV$3600/BREMBO碟盤+卡座$7000/","10,600","","","","","","","","","","","","","","","","","","","","",""
"2024/2/21","ERU-2637","1203","1K$800/拉桿$1980/","2,780","","800","","","","","","","","","","","","","","","","","","",""
"2024/2/21","NKZ-3570","28529","BPM後碟$1100/機油$850/齒輪油$100/ZR1後$2700/","4,750","","","","","","","","","","","","","","","","","","","","",""
"2024/2/22","EMQ-0079","87427","EXTRA(R$2500/ZOO外套管$950/SKF(R$1400/","4,850","","","","","","","","","","","","","","","","","","","","",""
"2024/2/22","EPD-3001","39612","6K$600/BPM後碟$2100/BPM-後來令$850/","3,550","","600","","","","","","","","","","","","","","","","","","",""
"2024/2/22","EQB-7753","58973","前6162$2150/","2,150","","","","","","","","","","","","","","","","","","","","",""
"2024/2/22","ENR-1817","44007","工資$2000/","2,000","","","","","","","","","","","","","","","","","","","","",""
"2024/2/22","EWM-7620","2834","1K $/","0","","","","","","","","","","","","","","","","","","","","",""
"2024/2/22","EQB-0088","19668","BPM後來令$900/","900","","","","","","","","","","","","","","","","","","","","",""
"2024/2/23","EQD-9567","4538","P800$1600/","1,600","","","","","","","","","","","","","","","","","","","","",""
"2024/2/23","NRN-7130","14965","$950/前輪芯$1100/後SC$3400/前BO3$3600/大保養$2000/火星塞$850/機油$850/齒輪油$540/拉桿運費$150/排氣管護蓋$1510/後擋泥版$1800/拉桿$2140/","18,890","","","","","","","","","","","","","","","","","","","","",""
"2024/2/24","ERU-2229","872","黑底紅$12800/BPM前碟$4800/煞車油$450/螺絲$770/鍍黑前輪芯$1500/鍍黑碟盤$800/BPM(F$1000/","22,120","","","","","","","","","","","","","","","","","","","","",""
"2024/2/24","AH3-038","7764","機油$450/","450","","","","","","","","","","","","","","","","","","","","",""
"2024/2/24","NQN-8831","3362","機油 齒輪油$500/","500","","","","","","","","","","","","","","","","","","","","",""
"2024/2/24","EMQ-9338","33587","SC後$3400/皮帶調整$/","3,400","","","","","","","","","","","","","","","","","","","","",""
"2024/2/26","EPE-0911","32951","FRANDO後碟$3150/ANCHOR$1050/","4,326","","","","","","","","","","","","","","","","","","","","",""
"2024/2/26","EPL-5959","21552","AFAM$2850/DID$2900/米其林ex後$2500/5H$850/LMG螺柱$1250/GO鍵$1500/","11,850","","800","","","","","","","","","","","","","","","","","","",""
"2024/2/26","NLB-0211","15240","機油$850/","850","","","","","","","","","","","","","","","","","","","","",""
"2024/2/27","EMY-3531","8601","水行俠(F$2500/水行俠(R$2350/","4,850","","","","","","","","","","","","","","","","","","","","",""
"2024/2/27","EPE-2052","13373","6K$600/水行俠$2500/","3,100","","600","","","","","","","","","","","","","","","","","","",""
"2024/2/27","EQB-0088","19747","M50$12800/前PBF$1400/BPM前碟$3800/煞車油$800/10x50x2$/外掛式飛翼$3800/","22,600","","","","","","","","","","","","","","","","","","","","",""
"2024/2/27","EME-0878","66420","FRANDO(F$1300/BPM(R$850/皮帶調整$/","2,150","","","","","","","","","","","","","","","","","","","","",""
"2024/2/27","EPP-1953","33596","ZR1前$2600/6201X2$950/卡鉗致中$200/安科後來令$1050/","4,800","","","","","","","","","","","","","","","","","","","","",""
"2024/2/27","EQB-0907","38650","驗車代工$3000/","3,000","","","","","","","","","","","","","","","","","","","","",""
"2024/2/27","EMP-1870","15214","18K$1800/米其林ex後$2500/","4,300","","1800","","","","","","","","","","","","","","","","","","",""
"2024/2/28","NAV-7108","32790","LM$850/","850","","","","","","","","","","","","","","","","","","","","",""
"2024/2/28","EMQ-1101","20349","橢圓後視鏡$2100/BPM後來令$900/","3,000","","","","","","","","","","","","","","","","","","","","",""
"2024/3/1","ENP-8305","32830","DC-BOX$3800/BPM(F)900/BPM(R)850/清鍊條450","6000","805","3240","","","","","","","","","","","","","","","","","","",""
"2024/3/2","NLF-9832","11674","機油+齒輪油500/高流量空慮700","1200","370","","","","","","","","","","","","","","","","","","","",""
"2024/3/2","NQP-8195","15232","LM$850","850","365","","","","","","","","","","","","","","","","","","","",""
"2024/3/2","EQB-2208","86146","皮帶2000/Frando(F)1300/Frando(R)1300/Pakelo680/BPM前碟2800","8000","3892","","","","","","","","","","","","","","","","","","","",""
"2024/3/4","NQP-8195","15362","Frando(R)900","900","280","","","","","","","","","","","","","","","","","","","",""
"2024/3/4","EQC-9020","","五匹無限充+手機架3400","3400","1360","","","","","","","","","","","","","","","","","","","",""
"2024/3/4","EMZ-9771","37972","清鍊條450/齒輪油200/BPM(R)850","1500","375","160","","","","","","","","","","","","","","","","","","",""
"2024/3/4","NTF-7799","9804","卡夢尾燈上3200/尾燈下3500/飛鏢3700/下巴2500/大盾3500/小盾2800/後扶手5800/前ONES土除4200/鈦片250","29450","18025","","","","","","","","","","","","","","","","","","","",""
"2024/3/4","EQB-8581","63850","AFAM$2850/EK黃金2900/五匹+無限充3500/GO鍵1500/羅柱1250","12000","2420","2890","","","","","","","","","","","","","","","","","","",""
"2024/3/4","EWB-8102","26195","10K260","260","","260","","","","","","","","","","","","","","","","","","",""
"2024/3/4","EQB-8276","15505","TT93$2400/BPM(R)850/加大座1450","4700","2596","","","","","","","","","","","","","","","","","","","",""
"2024/3/5","ENP-7356","30013","皮帶2000/Frando(R)1300/水行俠前2550後2400","8250","4300","","","","","","","","","","","","","","","","","","","",""
"2024/3/5","NTM-6652","1","279$7490/GF牌框1000/黑準1880","10370","5337","","","","","","","","","","","","","","","","","","","",""
"2024/3/5","EQB-7826","13128","BPM卡座1800/BPM碟盤2300/煞車油900/PBF(R)1200/中古卡前600","6800","2900","","","","","","","","","","","","","","","","","","","",""
"2024/3/5","EMH-0532","20961","APEXX拉桿$1980/ZOO上移4800/清鍊條450","7230","3250","","","","","","","","","","","","","","","","","","","",""
"2024/3/5","EPF-3133","32889","AFAM$2850/5H850/羅柱1250/EK$2900/Frando(F)(R)2600/SC(R)3300","13750","4670","2490","","","","","","","","","","","","","","","","","","",""
"2024/3/5","EMP-7072","24611","ZR1(F)2600/水行俠2400/糯米腸+內管850","5850","3043","","","","","","","","","","","","","","","","","","","",""
"2024/3/5","MKH-1191","28599","工資300","300","","","","","","","","","","","","","","","","","","","","",""
"2024/3/6","EMM-3702","10019","LMG$9500/BPM(R)850/EXTRA$2500/8*20*2+墊片*2$200/卡黃+插銷400","13700","7965","","","","","","","","","","","","","","","","","","","",""
"2024/3/6","NQP-8195","15566","大保2000/火星塞680/空慮350/煞車油600","3630","370","","","","","","","","","","","","","","","","","","","",""
"2024/3/6","NLB-0211","15505","TT93$2050","2050","1136","","","","","","","","","","","","","","","","","","","",""
"2024/3/7","EPF-0908","29250","代驗+牌照燈蓋3500","3500","160","","","","","","","","","","","","","","","","","","","",""
"2024/3/7","EQB-0088","19919","8*60*4$1080/6*25*2$300","1300","690","","","","","","","","","","","","","","","","","","","",""
"2024/3/8","EMY-8139","10322","黑準1980","1980","1237","","","","","","","","","","","","","","","","","","","",""
"2024/3/8","MCV-8888","4571","SY前卡座2500/長久$3800/TT93$2350/PBF(F)1400/超速拉桿2300/左右煞車開關1200","13550","6851","540","","","","","","","","","","","","","","","","","","",""
"2024/3/8","EWP-6758","19796","279$7990/GF牌框1000/糯米腸500/傑能2200","11690","5400","","","","","","","","","","","","","","","","","","","",""
"2024/3/8","ERF-9905","22617","279$7990/GF牌框1000/糯米腸+內管850/傑能2200","12040","5423","","","","","","","","","","","","","","","","","","","",""
"2024/3/9","EMY-1575","41053","BPM後碟2500/ZOO卡座2500/鈦8*15*2$500","5500","3290","","","","","","","","","","","","","","","","","","","",""
"2024/3/9","EWB-8102","26264","煞車油1500","1500","","","","","","","","","","","","","","","","","","","","",""
"2024/3/9","389-KXC","38855","機油齒輪油550/A2耳機2100/白鐵1800/P800$2000/磁石200/高流量空慮800/白鐵小海綿180/A火星塞680","8300","2813","","","","","","","","","","","","","","","","","","","",""
"2024/3/11","EMW-2318","20474","BPM(R)850","850","375","","","","","","","","","","","","","","","","","","","",""
"2024/3/11","EMY-1821","42017","皮帶調整","","","","","","","","","","","","","","","","","","","","","",""
"2024/3/11","MJQ-1680","","鈦螺絲*2$700","700","350","","","","","","","","","","","","","","","","","","","",""
"2024/3/12","EQB-2209","70027","SKF(F)950","950","220","","","","","","","","","","","","","","","","","","","",""
"2024/3/12","MND-0928","28850","機油850","850","365","","","","","","","","","","","","","","","","","","","",""
"2024/3/13","MKK-6708","74789","機油齒輪油500","500","20","","","","","","","","","","","","","","","","","","","",""
"2024/3/13","509-KHC","51955","B03$3600","3600","2600","","","","","","","","","","","","","","","","","","","",""
"2024/3/13","ERG-7353","5797","3K455/PAKELO680","1135","282","455","","","","","","","","","","","","","","","","","","",""
"2024/3/13","ERL-2011","2658","框代工3000/三角台2500/朱婉2400/油管7800/灰底紅隊四7800/BPM後碟2500/KOSO土除1000/中柱1500/碟盤螺絲1500/灰底紅後卡6800/ZOO後卡座2500/LMG$9500/TT93$2500/BPM前碟2800/SS後避震4500/螺絲2850/後外套管1200/急速火箭8200/前外套管650/後套管修改800/側柱1850*1.05開發票","76965","35186","3720","","","","","","","","","","","","","","","","","","",""
"2024/3/13","EQB-8276","15628","把手2100","2100","","1490","","","","","","","","","","","","","","","","","","",""
"2024/3/14","EPF-9388","43541","糯米腸500/Frando(F)1300","1800","580","","","","","","","","","","","","","","","","","","","",""
"2024/3/14","EPF-8506","55060","LM$450","450","101","","","","","","","","","","","","","","","","","","","",""
"2024/3/14","MUY-5661","58022","握把套1080/端子850","1930","850","","","","","","","","","","","","","","","","","","","",""
"2024/3/14","EMY-6263","106407","皮帶調整","","","","","","","","","","","","","","","","","","","","","",""
"2024/3/14","NTM-8313","337","TT93前2650後2850/LM$750/齒輪油100/APEXX拉桿1980/磁石100","8430","4995","","","","","","","","","","","","","","","","","","","",""
"2024/3/14","EMG-7133","51600","皮帶調整/BPM後碟2100/Frando(R)1300/後CITY2950","6350","1740","2450","","","","","","","","","","","","","","","","","","",""
"2024/3/14","EQB-0088","20035","SC(R)$3300","3300","2250","","","","","","","","","","","","","","","","","","","",""
"2024/3/14","EQC-8000","18267","水行俠前2500/後2350/EPIC側柱1850","6700","2250","","","","","","","","","","","","","","","","","","","",""
"2024/3/15","NLF-9832","12582","機油+齒輪油500/","500","150","","","","","","","","","","","","","","","","","","","",""
"2024/3/15","NLB-0211","15682","SY空慮1000驗車2500","3500","350","","","","","","","","","","","","","","","","","","","",""
"2024/3/15","EQC-8000","18284","鋁合金踏板3490","3490","","3490","","","","","","","","","","","","","","","","","","",""
"2024/3/16","ENP-6652","36756","皮帶調整","","","","","","","","","","","","","","","","","","","","","",""
"2024/3/16","EPE-5972","9554","EPIC握把650/加油管450/9K800/P800$2100/置物袋250","4250","1623","800","","","","","","","","","","","","","","","","","","",""
"2024/3/18","EQD-1792","9264","3K600/APEXX拉桿1980","2580","1250","600","","","","","","","","","","","","","","","","","","",""
"2024/3/18","EMS-8567","139831","SC(R)$3300/LMG9500/襯套1800/鍍鈦中柱工資500","15100","8400","","","","","","","","","","","","","","","","","","","",""
"2024/3/18","ERL-0211","3024","6002$450","450","140","","","","","","","","","","","","","","","","","","","",""
"2024/3/18","EQB-0088","20147","置物箱650/下內650","1300","400","520","","","","","","","","","","","","","","","","","","",""
"2024/3/18","EQB-7753","60654","齒輪油300/TT93$2350","2650","1271","240","","","","","","","","","","","","","","","","","","",""
"2024/3/19","EQB-6262","2379","PB1480/6K+KEY1455/","2935","","2935","","","","","","","","","","","","","","","","","","",""
"2024/3/19","EMQ-2821","40245","皮帶調整","","","","","","","","","","","","","","","","","","","","","",""
"2024/3/19","EQC-5285","20525","羅柱1250/5H850/AFAM2850","4950","1460","","","","","","","","","","","","","","","","","","","",""
"2024/3/19","MPL-2236","36603","P800$2600","2600","1400","","","","","","","","","","","","","","","","","","","",""
"2024/3/20","ENP-9275","42297","P800前後4100","4100","2200","","","","","","","","","","","","","","","","","","","",""
"2024/3/20","ERU-1087","4018","皮帶調整","","","","","","","","","","","","","","","","","","","","","",""
"2024/3/21","ENM-5372","15347","小Y+ 工具包2570","2570","","2570","","","","","","","","","","","","","","","","","","",""
"2024/3/21","EQC-6672","27285","6K455","455","","455","","","","","","","","","","","","","","","","","","",""
"2024/3/22","NTM-8313","913","機油齒輪油","550","20","","","","","","","","","","","","","","","","","","","",""
"2024/3/22","EQD-5360","9767","Z1內管7500","7500","4500","","","","","","","","","","","","","","","","","","","",""
"2024/3/25","NTM-6652","387","機油齒輪油","550","20","","","","","","","","","","","","","","","","","","","",""
"2024/3/25","EMW-9705","57075","皮帶調整/BPM(R)850","850","375","","","","","","","","","","","","","","","","","","","",""
"2024/3/25","EMQ-0022","48328","代工450","450","","","","","","","","","","","","","","","","","","","","",""
"2024/3/25","NQW-8831","4515","代工300","300","","","","","","","","","","","","","","","","","","","","",""
"2024/3/25","NLB-0211","15968","珠子300","300","","","","","","","","","","","","","","","","","","","","",""
"2024/3/26","EMZ-9566","18989","水行俠後2350","2350","1420","","","","","","","","","","","","","","","","","","","",""
"2024/3/26","ERG-7353","6038","EXTRA(R$2500/BPM(R)1600/螺絲500","4600","2550","","","","","","","","","","","","","","","","","","","",""
"2024/3/26","ENT-5952","39620","9K800/SC$3300/DID2900","7000","3690","800","","","","","","","","","","","","","","","","","","",""
"2024/3/26","EMH-7208","46367","PBF(R)1200/中古後碟950/緩衝橡皮150","2300","450","","","","","","","","","","","","","","","","","","","",""
"2024/3/26","EQB-2209","70520","PBF後碟2900/PBF(R)1300/卡黃+插銷650","4850","2575","","","","","","","","","","","","","","","","","","","",""
"2024/3/27","ERF-3259","9367","水行俠$2500/TT93$2400","4900","2920","","","","","","","","","","","","","","","","","","","",""
"2024/3/27","EMR-8906","18531","AFAM2850/羅柱1250/DID2900/SC$3300","10300","4750","","","","","","","","","","","","","","","","","","","",""
"2024/3/28","EMQ-2930","73520","五匹無限1100","1100","680","","","","","","","","","","","","","","","","","","","",""
"2024/3/28","EQC-5358","15054","頭燈蓋","415","","350","","","","","","","","","","","","","","","","","","",""
"2024/3/29","NLF-9832","13407","機油齒輪油500","500","20","","","","","","","","","","","","","","","","","","","",""
"2024/3/30","EQB-6305","21216","米其林(F)2600/EXTRA2500/FASS握把+內管2080/BPM(F)850","8030","4471","","","","","","","","","","","","","","","","","","","",""
"2024/3/30","EPE-5972","9813","APEXX拉桿$1980/AFAM$2850/DID2900/5H850/羅柱1250","9800","4150","","","","","","","","","","","","","","","","","","","",""
"2024/4/1","EPU-3330","18030","6K$455","455","","455","","","","","","","","","","","","","","","","","","",""
"","EMW-2258","117622","左開關","1900","","1700","","","","","","","","","","","","","","","","","","",""
"","ERU-2229","1182","右盲燈","255","","160","","","","","","","","","","","","","","","","","","",""
"","EMQ-7919","49212","BPM前碟3800/FRANDO(F)1400/煞車油500/皮帶2000","7700","","","","","","","","","","","","","","","","","","","","",""
"","EPZ-9706","29162","LM$450/BPM前碟3800/PBF(F)1100/皮帶調整/3K455","5805","","455","","","","","","","","","","","","","","","","","","",""
"","AEL-5513","662","GJMS倒叉46000/後齒+齒輪箱培林6500/前土除1650","54150","","","","","","","","","","","","","","","","","","","","",""
"2024/4/2","ERU-2937","992","黑準1980","1980","1237","","","","","","","","","","","","","","","","","","","",""
"","EMY-3806","51870","FRANDO金屬1600","1600","","","","","","","","","","","","","","","","","","","","",""
"","EQB-0088","20598","黑底紅對二6800/BPM(R)1200/BPM後碟2300/後卡座2500/FASS握把1680/NCY內管750/卡黃100//插銷+回油+洩氣+M8*20*2+墊片","15500","","","","","","","","","","","","","","","","","","","","",""
"2024/4/3","EMY-1575","41545","速系列14800/RX66前後輪5650","20450","","","","","","","","","","","","","","","","","","","","",""
"","MKK-6708","76076","鎖頭1800/水行俠2400/FRANDO(R)1000/中古後碟贈","5200","","","","","","","","","","","","","","","","","","","","",""
"","ERL-2011","3162","SKF(R)1200/GPRO後內套管2000*1.05","3360","","","","","","","","","","","","","","","","","","","","",""
"","MCG-5107","47175","川毆後碟2800/BPM(R)850/手機支架600","4250","2575","","","","","","","","","","","","","","","","","","","",""
"","ERF-2193","18886","AK550卡鉗$7800/BPM前碟3800/BPM後碟2200/FRANDO(R)1300/S98 P$2700/ZR1$2700","20500","","","","","","","","","","","","","","","","","","","","",""
"2024/4/4","NLF-9832","13600","OMG方向燈5450","5450","3675","","","","","","","","","","","","","","","","","","","",""
"","EMQ-0079","89933","BPM前碟2800/FRANDO(F)1400","4200","2230","","","","","","","","","","","","","","","","","","","",""
"","MGH-9239","93345","EXTRA$2500/6162$2200","4700","2790","","","","","","","","","","","","","","","","","","","",""
"2024/4/5","ERH-1620","5868","LM$450","450","101","","","","","","","","","","","","","","","","","","","",""
"","EMQ-5222","24658","BPM後碟1800+BPM(R)550","2200","1645","","","","","","","","","","","","","","","","","","","",""
"2024/4/6","NAU-7108","33072","8*40+墊片150/工資400","550","","","","","","","","","","","","","","","","","","","","",""
"","EMZ-9771","40498","清鍊條450","450","","","","","","","","","","","","","","","","","","","","",""
"2024/4/8","ERF-7335","31210","CITY(R)2950","2950","","2450","","","","","","","","","","","","","","","","","","",""
"","ENP-6573","29746","水行俠(R)2600","2600","1680","","","","","","","","","","","","","","","","","","","",""
"2024/4/9","EPF-6566","43792","BPM前碟3800/PBF(F)1400/PBF(R)1300","6500","","","","","","","","","","","","","","","","","","","","",""
"","NLF-9832","13839","TT93$2500","2500","","","","","","","","","","","","","","","","","","","","",""
"","ERU-1652","1532","MAGAZI端子鏡2200/ZD復古握把1780/工資100","4080","","","","","","","","","","","","","","","","","","","","",""
"","ENP-5959","23549","皮帶調整/APEXX拉感1980","1980","1250","","","","","","","","","","","","","","","","","","","",""
"2024/4/10","NZK-9991","0","APEXX拉桿2180/油管5000/前叉保養5000/辦牌2500/拆裝13000/279$7500/短圓鏡2000/油門線1800/保險3000(六代收38500","38980","","","","","","","","","","","","","","","","","","","","",""
"","EQD-1556","44790","BPM(R)850/LM$450/皮帶調整/DOMINO$1080/NCY加油座750/油門線680/端子贈","3810","","","","","","","","","","","","","","","","","","","","",""
"","ENP-1817","45066","小閃(F)3000/BPM(F)1900/BREMBO來令1800","6700","","","","","","","","","","","","","","","","","","","","",""
"2024/4/11","EPF-6855","32158","SKF(F)950/前內套管450/前外套館650/洗鍊條450/前碟2800/SKF(R)1500/GO鑑1500/BPM(F)1200","9500","","","","","","","","","","","","","","","","","","","","",""
"","EMG-9073","5265","武川後來令900/BPM(F)900/S98 Sport前後4450/3k","6250","","","","","","","","","","","","","","","","","","","","",""
"2024/4/12","MHM-2871","35513","FRANDO(R)1300/後避震代工2000","3300","","","","","","","","","","","","","","","","","","","","",""
"","EMP-0705","22118","BPM(F)900/BPM(R)850/P600$2100","3850","","","","","","","","","","","","","","","","","","","","",""
"","MUY-5661","59579","MTRT椅墊3050","3050","","","","","","","","","","","","","","","","","","","","",""
"","NXZ-8868","1161","M6*35鈦*2","600","300","","","","","","","","","","","","","","","","","","","",""
"","MJQ-1680","20310","S1避震15000/前頸節3350/油管9800/前後煞車油1800","29950","","","","","","","","","","","","","","","","","","","","",""
"","EPF-5305","29810","N20前3800/N23後2100/PBF(F)1200/PBF(R)1100/前叉油封土封3000","11200","","","","","","","","","","","","","","","","","","","","",""
"","MCG-5107","47430","五匹球投450","450","","","","","","","","","","","","","","","","","","","","",""
"2024/4/15","EMQ-1101","20951","P600$2000/EXTRA2500/轉向軸承2400/油門線680","7580","","","","","","","","","","","","","","","","","","","","",""
"","EWM-6127","8254","水行俠10吋2000","2000","","","","","","","","","","","","","","","","","","","","",""
"","MKE-2378","21605","代工2800","2800","","","","","","","","","","","","","","","","","","","","",""
"","EMP-2322","8920","LMG$9500/P800前後4000/轉向2400/BPM(R)850/SKF(F)950/緩衝200","17900","","","","","","","","","","","","","","","","","","","","",""
"2024/4/16","NTM-8313","2227","機油齒輪550","550","","","","","","","","","","","","","","","","","","","","",""
"","EPE-5855","23167","昌泰CBS$4500","4500","","","","","","","","","","","","","","","","","","","","",""
"","EMZ-9979","13185","P800(F)2000/銀色(飛快扣1800","3800","","","","","","","","","","","","","","","","","","","","",""
"","NZK-9991","379","機油齒輪油550/卸油螺絲100","650","","","","","","","","","","","","","","","","","","","","",""
"","ERG-6916","2367","GF牌框1200/3K455","1655","","455","","","","","","","","","","","","","","","","","","",""
"","EPF-5305","29892","GODRIVE$5200","5200","2800","","","","","","","","","","","","","","","","","","","",""
"2024/4/17","EMK-8881","47566","強化皮帶3100/BPM(R)850","3950","","","","","","","","","","","","","","","","","","","","",""
"","EQE-3519","18366","螺絲*2$300/墊片*2$40/代工150","490","","","","","","","","","","","","","","","","","","","","",""
"","EQB-7599","67727","CITY$2600","2600","","","","","","","","","","","","","","","","","","","","",""
"","NLB-0211","16405","5W40$800/齒輪油450/磁石100","1350","","","","","","","","","","","","","","","","","","","","",""
"","EQC-8000","19044","BPM後碟2300/FRANDO(R)1100/3k390+卡片315","4105","","","","","","","","","","","","","","","","","","","","",""
"","EQB-8217","58132","EXTRA$2500/FRANDO(F)1200/18K1700","5400","","1700","","","","","","","","","","","","","","","","","","",""
"","EMQ-8007","25807","皮帶調整/P800(R)2100/BPM後碟2100/BPM(R)850","5050","","","","","","","","","","","","","","","","","","","","",""
"2024/4/18","ENP-2816","36042","BPM(F)900/BPM(R)850/SC(R)3300/DOMINO+內管1480/端子450","6980","","","","","","","","","","","","","","","","","","","","",""
"2024/4/19","ENP-8282","18803","水行俠(R)2600","2600","1680","","","","","","","","","","","","","","","","","","","",""
"","EMQ-0891","113735","SC(R)3300/鍊條保養450/齒輪油200/AFAM$2850/FRANDO(R)1300/SKF(R)1500/後內套管650","10250","","","","","","","","","","","","","","","","","","","","",""
"2024/4/20","EMY-0817","31966","SIXIS後靠背2880/糯米腸+內管850","3730","","","","","","","","","","","","","","","","","","","","",""
"","EQD-0025","4272","BPM(F)850/BPM(R)850/鍊條清潔450/黑準1980","4130","","","","","","","","","","","","","","","","","","","","",""
"","ENE-1636","34063","前煞車皮490/BPM(R)850","1340","","","","","","","","","","","","","","","","","","","","",""
"","NLF-9832","14341","機油齒輪油500","500","20","","","","","","","","","","","","","","","","","","","",""
"","ENU-6110","32519","BPM(F)900","900","","","","","","","","","","","","","","","","","","","","",""
"","EMY-1370","46902","商用LMG$11800/中古椅墊1000/FRANDO(R)1100/18K1700","15600","","1700","","","","","","","","","","","","","","","","","","",""
"","EMR-5993","52118","PBF(F)1100","1100","","","堅強","","","","","","","","","","","","","","","","","",""
"","EQC-1036","10280","PBF(F)1100/CITY$2900/3K600","4600","","2450","","","","","","","","","","","","","","","","","","",""
"2024/4/22","MJQ-1680","20393","GPRO$34000/6162$2200/TT93$2400/侧柱加大塊800","39400","29074","","","","","","","","","","","","","","","","","","","",""
"","EQB-8878","12366","SC(R)3300","3300","2250","","","","","","","","","","","","","","","","","","","",""
"","EQB-6133","36565","9K800/新雅中柱2200","3000","1000","900","","","","","","","","","","","","","","","","","","",""
"","MND-0927","29457","PBF(R)1200","1200","450","","","","","","","","","","","","","","","","","","","",""
"2024/4/23","EPF-2000","33202","EXTRA$2700","2700","1290","","","","","","","","","","","","","","","","","","","",""
"","EQB-0088","21332","橢圓鏡2000","2000","1300","","","","","","","","","","","","","","","","","","","",""
"","EPZ-9706","30117","279前鏡頭","2600","1300","","","","","","","","","","","","","","","","","","","",""
"2024/4/24","EMY-5305","15567","LMG$9500/SC(F)3300/LM$450","13250","","","","","","","","","","","","","","","","","","","","",""
"2024/4/25","ERG-5956","8167","手機架調整","","","","","","","","","","","","","","","","","","","","","",""
"","EMY-1575","42100","APL$7850","7850","5355","","","","","","","","","","","","","","","","","","","",""
"","ERG-7622","5706","TT93 90/90/10$2000","2000","1074","","","","","","","","","","","","","","","","","","","",""
"","MQK-2092","6100","SC(F)3300/SC(R)3300","6600","4500","","","","","","","","","","","","","","","","","","","",""
"","MKN-1573","26321","中古儀表3000","3000","","","","","","","","","","","","","","","","","","","","",""
"2024/4/26","EMY-6263","110250","皮帶調整200","200","","","","","","","","","","","","","","","","","","","","",""
"","EQB-8932","10177","牌照燈蓋150/GF牌框1200","1350","695","","","","","","","","","","","","","","","","","","","",""
"","MNE-6969","27149","SC(F)3300/新雅充電器1900","5200","","","","","","","","","","","","","","","","","","","","",""
"","EMJ-8865","50613","中古倒叉+轉向軸承30000/AK550$7800/黑底紅對二6800/後卡座2500/BPM後碟2300/前後煞車油1000/螺絲700","51100","26150","","","","","","","","","","","","","","","","","","","",""
"2024/4/27","ERF-2193","19253","PAKELO$680","680","","","","","","","","","","","","","","","","","","","","",""
"","EME-6650","7745","長久馬力3800/PBF(F)1400/PBF(R)1200/BPM後碟2300/PB$1450/皮帶2100/皮帶盤墊片600/齒輪油400+3%","13050","","","","","","","","","","","","","","","","","","","","",""
"","EQB-6293","39758","PAKELO$680/皮帶調整","680","","","","","","","","","","","","","","","","","","","","",""
"","ERU-2229","1506","CCD內管組7800","7800","","","","","","","","","","","","","","","","","","","","",""
"2024/4/29","ENM-1595","9170","P600$2000/P800$1800/鎖件600/6K535/手機架工資1000","5935","1850","535","","","","","","","","","","","","","","","","","","",""
"","EMJ-2298","37680","前後煞車皮1000","1000","","","","","","","","","","","","","","","","","","","","",""
"2024/4/30","MKH-1191","29041","機油450","450","","","","","","","","","","","","","","","","","","","","",""
"2024/5/1","EMG-7133","54945","皮帶調整","","","","","","","","","","","","","","","","","","","","","",""
"","EQD-3088","6639","GO鍵1500","1500","","","","","","","","","","","","","","","","","","","","",""
"","EQB-7753","64206","主腳架2200/PB補350/中柱加大塊贈","2550","","","","","","","","","","","","","","","","","","","","",""
"2024/5/2","EPG-8685","36410","皮帶2000/P800(R)2000","4000","2000","","","","","","","","","","","","","","","","","","","",""
"","EQC-6672","28428","CITY(F)2600/EXTRA(R)2400","5000","","","","","","","","","","","","","","","","","","","","",""
"","EMQ-9679","13115","P800(F)(R)3600","3600","1700","","","","","","","","","","","","","","","","","","","",""
"2024/5/3","MCS-0830","133758","6162$2200","2200","1200","","","","","","","","","","","","","","","","","","","",""
"","MKH-1911","29058","黑準1980","1980","1237","","","","","","","","","","","","","","","","","","","",""
"","EMG-9701","22187","皮帶調整","","","","","","","","","","","","","","","","","","","","","",""
"","EQB-8222","30736","GO鍵800/EPIC握把套600/DID$2900/SC(R)3300/EPIC側柱1980","9580","","","","","","","","","","","","","","","","","","","","",""
"","EMY-9783","27627","PBF(F)1100","450","","","","","","","","","","","","","","","","","","","","",""
"2024/5/4","EMG-7136","49938","SC(R)3300/皮帶調整","3300","2200","","","","","","","","","","","","","","","","","","","",""
"","EMY-1575","42458","鈦油杯支架*2$1200","1200","","","","","","","","","","","","","","","","","","","","",""
"","EQB-3378","20868","糯米腸+加油管1000","1000","","","","","","","","","","","","","","","","","","","","",""
"","EQD-6101","17617","TT93(F)2000(R)2100","4100","","","","","","","","","","","","","","","","","","","","",""
"","EPZ-6761","28149","KOSO鍊條蓋","1200","","1100","","","","","","","","","","","","","","","","","","",""
"","ENP-5117","16671","代工1300","1300","","","","","","","","","","","","","","","","","","","","",""
"","EMX-9503","32332","洗車700","700","600","","","","","","","","","","","","","","","","","","","",""
"2024/5/6","EMQ-6715","","橢圓鏡2000","2000","1300","","","","","","","","","","","","","","","","","","","",""
"","EPZ-2312","10365","黑準1980","1980","1237","","","","","","","","","","","","","","","","","","","",""
"","EMY-1575","42624","PAKELO$680/皮帶調整/EPIC握把750","1430","","","","","","","","","","","","","","","","","","","","",""
"","EMY-7129","44693","P800(F)2000/","2000","1100","","","","","","","","","","","","","","","","","","","",""
"","EPG-0787","25946","雙喇叭5000","5000","2300","","","","","","","","","","","","","","","","","","","",""
"2024/5/7","NTM-6652","1480","主機保固/機油齒輪油550/磁石100","650","20","","","","","","","","","","","","","","","","","","","",""
"","EQB-7599","68032","EXTRA(R)2500/PBF(R)1500/BPM(F)1200/前齒800/BPM前碟2800","8850","","","","","","","","","","","","","","","","","","","","",""
"","NLF-9832","14990","Z刃定位燈4000","4000","","","","","","","","","","","","","","","","","","","","",""
"","EMG-6053","32607","Speak400/油門線680/BPM(F)900/水行俠(R)2650","4630","","","","","","","","","","","","","","","","","","","","",""
"2024/5/8","EPZ-1087","26792","CMSR(F)2750/皮帶調整/FAR前碟3050/PBF(F)1100/DCBOX$3755/RM390","11045","","","","","","","","","","","","","","","","","","","","",""
"","EMF-7985","9467","代工300","300","","","","","","","","","","","","","","","","","","","","",""
"","EPF-8181","19367","皮帶調整","","","","","","","","","","","","","","","","","","","","","",""
"","MPN-5696","32260","水行俠(F)2550/EXTRA$2500","5050","","","","","","","","","","","","","","","","","","","","",""
"","EQD-5092","11663","ZR1(F)2500/(R)2600/清鍊條450/齒輪油200","5750","3160","","","","","","","","","","","","","","","","","","","",""
"","MPP-3921","29508","APL$7850/CBS PLUS$4800/橢圓鏡2000/油線680","15330","10650","160","","","","","","","","","","","","","","","","","","",""
"","ENP-1817","45538","煞車油1200/小閃(R)3000/6K600/BPM後碟2500/碟盤螺絲(鈦)1500/羅母*2$500/6*20$500","9800","","","","","","","","","","","","","","","","","","","","",""
"2024/5/9","EPU-3330","19020","惡搞飛炫2100","2100","1502","","","","","","","","","","","","","","","","","","","",""
"","ERF-6135","23699","CITY(F)2900(R)2900/鈦輪心(F)2100/PBF(R)1200/工資+線組1500","10600","1620","4900","","","","","","","","","","","","","","","","","","",""
"","ERH-6602","2346","皮帶調整200","200","","","","","","","","","","","","","","","","","","","","",""
"","EME-8889","","代工300","300","","","","","","","","","","","","","","","","","","","","",""
"2024/5/10","EPG-3599","72151","CITY(F)2600/EXTRA(R)2400/ZOO外齒2000/前齒850/傑能拉桿補/DID$2900/羅柱+TPMS墊片1200","11950","7290","","","","","","","","","","","","","","","","","","","",""
"","NAU-7108","33250","LM$850/齒輪油100/PBF(R)1200","2100","","","","","","","","","","","","","","","","","","","","",""
"","NZK-9991","1496","KRACE腳踏後移3100/五匹1200/螺絲*2$360/工資200/機油+齒輪油200/掛勾1400","6460","","","","","","","","","","","","","","","","","","","","",""
"","EMQ-9951","21487","CITY(F)2600/EXTRA(R)2400/9K800/五匹1200/緩衝橡皮贈/BPM(F)900","7900","4070","800","","","","","","","","","","","","","","","","","","",""
"","NLF-9832","15206","機油齒輪油500","500","20","","","","","","","","","","","","","","","","","","","",""
"","EPD-3001","42951","PBF(F)1100/6K600/EXTRA(R)2500","4200","1740","600","","","","","","","","","","","","","","","","","","",""
"2024/5/11","EPG-0685","7146","P800(R)1900/P600(F)2000","3900","1850","","","","","","","","","","","","","","","","","","","",""
"","EMY-3086","52731","SKF(F)950","950","240","","","","","","","","","","","","","","","","","","","",""
"2024/5/13","EMQ-0079","92549","前SC$3300/","3,300","1900","","","","","","","","","","","","","","","","","","","",""
"2024/5/13","EMY-7129","44808","載車$1000/","1,000","600","","","","","","","","","","","","","","","","","","","",""
"2024/5/13","EPF-5737","46108","皮帶調整","0","","","","","","","","","","","","","","","","","","","","",""
"2024/5/14","AAD-5606","84689","前後輪代工$1200/","1,260","","","","","","","","","","","","","","","","","","","","",""
"2024/5/14","EMS-8567","140922","皮帶調整","0","","","","","","","","","","","","","","","","","","","","",""
"2024/5/14","NXB-7007","29963","辨牌$1500/","1,500","1200","","","","","","","","","","","","","","","","","","","",""
"2024/5/15","NKX-3388","1807","電瓶$2400/","2,400","1900","","","","","","","","","","","","","","","","","","","",""
"2024/5/15","NLF-9832","15434","大牌螺絲+黑墊$380/","380","190","","","","","","","","","","","","","","","","","","","",""
"2024/5/16","EQB-1917","17872","SC(R$3300/皮帶調整PAKELO$680/DOMINO$1080/工資$300/","5,360","2962","","","","","","","","","","","","","","","","","","","",""
"2024/5/16","EMW-8378","9718","上油+鍊條調整","0","","","","","","","","","","","","","","","","","","","","",""
"2024/5/16","EPQ-0555","19813","EK黑金$3700/AFAM前齒$850/S01$3400/CMSR(R$2850/","10,800","6280","","","","","","","","","","","","","","","","","","","",""
"2024/5/16","EMH-0532","22205","絞鍊$680/","680","","617","","","","","","","","","","","","","","","","","","",""
"2024/5/16","EPF-0135","24805","SC(R$3300/FRANDO(FR$2600/PAKELO$680/皮帶調整","6,580","3442","","","","","","","","","","","","","","","","","","","",""
"2024/5/16","EQB-7753","65320","TT93$2350/皮帶調整小圓鏡$2000/","4,481","2488","","","","","","","","","","","","","","","","","","","",""
"2024/5/17","MHQ-6100","60890","派克龍$680/","680","282","","","","","","","","","","","","","","","","","","","",""
"2024/5/17","EMY-1370","48089","皮帶調整","0","","","","","","","","","","","","","","","","","","","","",""
"2024/5/17","MQK-2092","6143","後視鏡$2000/","2,000","1300","","","","","","","","","","","","","","","","","","","",""
"2024/5/18","ENU-6110","33313","五匹+無線充$3200/短圓鏡$2000/","5,200","2610","","","","","","","","","","","","","","","","","","","",""
"2024/5/18","ERH-1889","74121","前叉$8800/工資$1000/卡夢前土除$3200/工資$300/檢查$350/M6套管$200/","13,850","","","","","","","","","","","","","","","","","","","","",""
"2024/5/18","EMQ-0962","43852","前SC$3300/前FRANDO$1300/6K$600/","5,200","2380","600","","","","","","","","","","","","","","","","","","",""
"2024/5/18","EQB-8217","61211","BPM後碟$2300/卡座$2500/後卡$6800/螺絲$1500/煞車油$800/","13,900","6950","","","","","","","","","","","","","","","","","","","",""
"2024/5/20","EQB-7753","65720","齒輪油$400/後上臂蓋X3$360/","760","","360","","","","","","","","","","","","","","","","","","",""
"2024/5/20","NLF-9832","15732","糯米腸$450/","450","100","","","","","","","","","","","","","","","","","","","",""
"2024/5/20","ERG-7768","7122","PBF(R)1100/EXTRA 2500/水行俠2500","6,100","","","","","","","","","","","","","","","","","","","","",""
"2024/5/20","EQC-8976","98224","POSI中柱$2350/強化組$500/SKF(R$1400/內套管$400/","4,650","2000","300","","","","","","","","","","","","","","","","","","",""
"2024/5/22","EQC-7519","6083","水行俠$2650/BPM(F$900/","3,550","2100","","","","","","","","","","","","","","","","","","","",""
"2024/5/22","EQC-8976","98375","油線$680/右煞車拉桿$450/","1,130","","320","","","","","","","","","","","","","","","","","","",""
"2024/5/22","EPG-0787","26768","SC(F$3300/SKF(F+內套管$1150/轉向照地$2600/PBF(R$1200/RPM氣嘴$800/FASS$5050/","14,100","4140","4980","","","","","","","","","","","","","","","","","","",""
"2024/5/22","EMY-1575","42991","FAR SF$2500/","2,500","1900","","","","","","","","","","","","","","","","","","","",""
"2024/5/22","EMY-1821","45078","皮帶調整BPM(R$850/","850","375","","","","","","","","","","","","","","","","","","","",""
"2024/5/23","EWH-1985","","後輪代工$850/","850","","","","","","","","","","","","","","","","","","","","",""
"2024/5/23","ENP-5086","5086","EXTRA(R$2500/","2,500","1290","","","","","","","","","","","","","","","","","","","",""
"2024/5/24","EMV-6595","38492","皮帶調整","0","","","","","","","","","","","","","","","","","","","","",""
"2024/5/24","NLF-9832","16078","機油.齒油$500/空濾$800/","1,300","300","","","","","","","","","","","","","","","","","","","",""
"2024/5/24","EPS-8702","16237","BPM前碟$2800/BPM前來另$1300/","4,100","2450","","","","","","","","","","","","","","","","","","","",""
"2024/5/24","ENY-3858","11239","蓋PRO$14500/拉耳$2900/齒輪油$200/後SC$3300/","20,900","13160","","","","","","","","","","","","","","","","","","","",""
"2024/5/24","EMP-3800","38927","皮帶調整EPIC握把套+加油管$1200/","1,200","550","","","","","","","","","","","","","","","","","","","",""
"2024/5/25","ENV-6110","33601","MTRT座墊$3500/上移$4500/CRMTA檔板$850/GOWORK遮光$150/馬達油封$1050/齒輪油$200/TRONRACER前T$850/PBF(R$1200/","12,300","","","","","","","","","","","","","","","","","","","","",""
"2024/5/27","EPG-9830","13813","LMG$9500/","9,500","6000","","","","","","","","","","","","","","","","","","","",""
"2024/5/27","MJQ-1680","20625","GO1烤漆$22000/保養3k$800/","22,800","3400","800","","","","","","","","","","","","","","","","","","",""
"2024/5/27","ERG-7762","15123","GODRIVE$3300/SC(F$3300/","6,600","1900","","","","","","","","","","","","","","","","","","","",""
"2024/5/27","EQC-7519","6061","卡夢風鏡$2200/風鏡支架$480/BREMBO握把套$1060/加油管$950/鴨尾$2200/中央保險桿組$3800/","10,690","","","","","","","","","","","","","","","","","","","","",""
"2024/5/28","EPT-1206","102335","大牌上移$4800/牌照燈蓋前水行俠$2500/後米其林$2500/大牌背板$1000/BPM後來令$850/後擋泥板$850/","12,500","","","","","","","","","","","","","","","","","","","","",""
"2024/5/28","ENC-6938","32581","皮帶調整6KSC(R$3300/BPM(R$850/FRANDO(F$1300/GOPRO紅氣嘴$1200/","6,650","","","","","","","","","","","","","","","","","","","","",""
"2024/5/28","EMQ-0160","9144","前輪裴琳$550/ZOO內套$200/","750","","","","","","","","","","","","","","","","","","","","",""
"2024/5/29","EQC-8976","99226","LMG$11600/後框$2500/前碟$2800/前來令$600/","17,500","","","","","","","","","","","","","","","","","","","","",""
"2024/5/29","NBB-0280","24474","靠枕$1200/","1,200","","","","","","","","","","","","","","","","","","","","",""
"2024/5/29","NRN-7130","17432","皮帶$1200/機油$850/齒輪油$540/內鍊調整器$2700/","5,555","","","","","","","","","","","","","","","","","","","","",""
"2024/5/29","NAV-7108","33394","後扶手$1650/螺絲+墊片$500/","2,150","","","","","","","","","","","","","","","","","","","","",""
"2024/5/29","MCE-6175","28374","川歐205$3100/中古後避$2000/BPM後碟$2100/","7,200","","","","","","","","","","","","","","","","","","","","",""
"2024/5/30","NXB-7007","30251","黑準$1980/","1,980","","","","","","","","","","","","","","","","","","","","",""
"2024/5/30","EQC-7519","6073","惡搞飛旋$2100/","2,100","","","","","","","","","","","","","","","","","","","","",""
"2024/5/30","AH3-038","8811","4Y$350/齒輪油$50/","400","","","","","","","","","","","","","","","","","","","","",""
"2024/5/31","EMY-1575","43248","大牌上移$4800/RX66(R$2850/滑塊$1000/BK2主腳架$1300/反光片$100/緩衝$200/?頭$1300/特外$540/後輪頭$3500/大牌螺絲$500/車牌框$1200/","17,290","","","","","","","","","","","","","","","","","","","","",""
"2024/5/31","ERG-7762","15274","大燈工資$300/拉桿調整$200/","500","","","","","","","","","","","","","","","","","","","","",""
"2024/5/31","MNG-6633","37856","LMG$11600/CITY EXTRA$2500/水行俠$2600/SKF(R橢圓$2000/","18,700","","","","","","","","","","","","","","","","","","","","",""
"2024/6/1","EMW-3068","36826","SC(F)$3300/SC®$3300/","6,600","","","","","","","","","","","","","","","","","","","","",""
"2024/6/1","MDA-6658","20399","皮帶$1500/普利珠$600/","2,100","","","","","","","","","","","","","","","","","","","","",""
"2024/6/1","NLB-0211","17488","機油$850/","850","","","","","","","","","","","","","","","","","","","","",""
"2024/6/1","EQB-0121","36620","前CITY$5000/後EX","5,000","","","","","","","","","","","","","","","","","","","","",""
"2024/6/1","ERU-2229","1920","煞車油$500/白鐵迴油螺$500/墊片$320/","1,320","","","","","","","","","","","","","","","","","","","","",""
"2024/6/4","EPS-6667","12071","鑰匙$1450/鎖件$1200/","2,650","","","","","","","","","","","","","","","","","","","","",""
"2024/6/4","EMQ-9527","33004","LMG$9500/BPM前碟$2800/PBF(F$1100/PBF(R$1200/糯米腸+內管$950/CITY(F$2850/RM$1600/LM$450/油線$680/左拉桿$350/","21,480","","","","","","","","","","","","","","","","","","","","",""
"2024/6/4","EPR-5313","473","TIONLY搖臂套件$6800/APL$7850/KOSO尾燈$4000/鈦後輪心$3500/POSI中柱$2350/卡夢風鏡$1800/卡夢前土除$3500/卡夢後扶手$3200/鈦皿頭+很多$5430/碟盤螺絲$1500/","39,930","","","","","","","","","","","","","","","","","","","","",""
"2024/6/4","ERG-7762","15407","速系列$14500/拉耳$2900/NCY加油管$1000/","18,400","","","","","","","","","","","","","","","","","","","","",""
"2024/6/4","EMK-0988","32901","側腳架開關$1000/","1,000","","","","","","","","","","","","","","","","","","","","",""
"2024/6/5","NLF-9832","16938","機油.齒輪油$400/","400","","","","","","","","","","","","","","","","","","","","",""
"2024/6/5","MUY-5661","62549","130SC$3400/","3,400","","","","","","","","","","","","","","","","","","","","",""
"2024/6/5","NLB-0211","17542","WF前組$3000/皮帶$1600/","4,600","","","","","","","","","","","","","","","","","","","","",""
"2024/6/5","EMY-1575","43324","M6雪花$920/卡鉗氣嘴$840/M6關節$480/RCS拉桿$950/RCS調整鈕$1100/前輪芯$2200/防爆水管$4500/小蜂鷹$8250/","19,240","","","","","","","","","","","","","","","","","","","","",""
"2024/6/6","MMQ-8888","17759","前6162$2250/前油管$2500/","4,750","","","","","","","","","","","","","","","","","","","","",""
"2024/6/6","EMY-0536","45632","前CITY$2850/三角台$2400/珠碗$2400/中古前叉$5000/bpm前碟$3800/前輪芯$1200/油門線$750/前土除$900/$1200/前BPM來令$1300/","21,800","","","","","","","","","","","","","","","","","","","","",""
"2024/6/6","EMD-1959","42247","前帶輪$1500/皮帶$2000/BPM(F$850/","4,350","","","","","","","","","","","","","","","","","","","","",""
"2024/6/7","EQB-2623","25677","拉耳$2900/水行俠$2600/TT93$2350/","7,850","","","","","","","","","","","","","","","","","","","","",""
"2024/6/7","EQD-5360","10672","水行俠(R 100/90-10$1900/BPM(R$850/","2,750","","","","","","","","","","","","","","","","","","","","",""
"2024/6/7","EPS-6667","12076","加油管$450/","450","","","","","","","","","","","","","","","","","","","","",""
"2024/6/8","EPF-5375","34728","12K皮帶調整","0","","","","","","","","","","","","","","","","","","","","",""
"2024/6/8","MND-0927","30175","LM5W40$850/PAKELO$800/大小空濾$1000/傳動清潔$500/","3,150","","","","","","","","","","","","","","","","","","","","",""
"2024/6/8","EMG-5609","","SC(R$3300/","3,300","","","","","","","","","","","","","","","","","","","","",""
"2024/6/8","EMZ-7506","17307","皮帶$2000/","2,000","","","","","","","","","","","","","","","","","","","","",""
"2024/6/8","NLF-9832","17001","側推$8800/後扶手$1750/","10,550","","","","","","","","","","","","","","","","","","","","",""
"2024/6/10","EMY-1575","43459","派克龍$680/6K$460/","1,140","","","","","","","","","","","","","","","","","","","","",""
"2024/6/10","EMG-6683","121908","皮帶$2500/SC®$3300/PAKELO$680/BPM®$850/水箱精$100/","7,430","","","","","","","","","","","","","","","","","","","","",""
"2024/6/10","EMY-2623","63936","皮帶調整前BPM$1300/齒輪油$200/","1,500","","","","","","","","","","","","","","","","","","","","",""
"2024/6/10","EQC-8976","100391","皮帶調整","0","","","","","","","","","","","","","","","","","","","","",""
"2024/6/10","EQB-0878","95255","GO鍵$1000/後卡代工$500/","1,500","","","","","","","","","","","","","","","","","","","","",""
"2024/6/11","MKW-7611","37569","皮帶調整","0","","","","","","","","","","","","","","","","","","","","",""
"2024/6/11","EQB-7753","67387","皮帶整組$6990/","7,200","","","","","","","","","","","","","","","","","","","","",""
"2024/6/11","EMY-9503","33290","BPM前來令$900/","900","","","","","","","","","","","","","","","","","","","","",""
"2024/6/12","ERF-5658","17529","前波佩$2100/後TT93$2350/","4,450","","","","","","","","","","","","","","","","","","","","",""
"2024/6/12","EMQ-7919","50879","前後F來令$2600/派克龍$680/FASS握把套$1680/","4,960","","","","","","","","","","","","","","","","","","","","",""
"2024/6/13","EMY-1983","22139","CITY前後$5800/EK$2900/AFAM$2850/前BPM來令$900/","12,450","","","","","","","","","","","","","","","","","","","","",""
"2024/6/13","NFN-0926","5949","後SC$3400/","3,400","","","","","","","","","","","","","","","","","","","","",""
"2024/6/13","ERU-6922","18335","辨牌$1500","1,500","","","","","","","","","","","","","","","","","","","","",""
"2024/6/14","EMG-9085","28148","後BPM來令$850/前AFAM$950/EK黃金$2900/BPM後碟$2100/","6,800","","","","","","","","","","","","","","","","","","","","",""
"2024/6/14","EPF-7886","39815","前後水行俠$5300/前BPM來令$900/代工$4000/牌照燈蓋$15/置物箱扣$200/前造型桿$1100/","11,515","","","","","","","","","","","","","","","","","","","","",""
"2024/6/15","EMQ-2930","77256","代工$600/","600","","","","","","","","","","","","","","","","","","","","",""
"2024/6/15","ERU-2016","6419","上移$4800/遮光罩$150/","4,950","","","","","","","","","","","","","","","","","","","","",""
"2024/6/17","EQD-8877","8874","LMG$9500/拉耳$2900/油管$7800/遮光罩$150/F牌後來令$1300/","21,650","","","","","","","","","","","","","","","","","","","","",""
"2024/6/17","EQB-3765","41073","AFAM$2850/DID$2900/5H$850/","6,600","","","","","","","","","","","","","","","","","","","","",""
"2024/6/18","ENM-1595","12011","MTRT椅墊$3500/代工$2000/煞車皮$500/","6,000","","","","","","","","","","","","","","","","","","","","",""
"2024/6/18","EMW-6989","64188","LMG內齒(出保","0","","","","","","","","","","","","","","","","","","","","",""
"2024/6/19","EMG-7136","51078","皮帶調整","0","","","","","","","","","","","","","","","","","","","","",""
"2024/6/19","EMZ-2657","19799","皮帶$2000/FASS擋泥座$1380/工資$200/","3,580","","","","","","","","","","","","","","","","","","","","",""
"2024/6/19","EMG-7133","57963","LMG內齒$7200/齒輪油$200/","7,400","","","","","","","","","","","","","","","","","","","","",""
"2024/6/20","MKD-7512","13086","EK黑金$3700/AFAM前後T$2850/5H+螺柱$1700/","8,250","","","","","","","","","","","","","","","","","","","","",""
"2024/6/20","ERE-6666","38211","狗衣徽標$580/","580","","","","","","","","","","","","","","","","","","","","",""
"2024/6/21","MKD-7512","13105","FASS搖臂中古$10000/POSI主腳架$2350/強化組$650/短圓鏡$2000/齒輪油$300/輪心鍍黑$1800/","17,100","","","","","","","","","","","","","","","","","","","","",""
"2024/6/21","EMK-5555","30777","FAR226$4800/PBF$1200/鍍黑$600/","6,600","","","","","","","","","","","","","","","","","","","","",""
"2024/6/21","MJQ-1680","20954","徽標$290/拉桿$2300/側腳架加大塊$850/","3,440","","","","","","","","","","","","","","","","","","","","",""
"2024/6/21","EPF-0911","35793","FASS輪框$48800/LMG$11600/前後SC$6800/後碟BPM$2300/後卡座$2500/前來令PBF$1400/F8x30x5$1600/B8x25$1400/B8X50$1900/前外套管$1600/M10$550/","82,864","","","","","","","","","","","","","","","","","","","","",""
"2024/6/21","EPZ-9895","8650","SIXXIS後靠背$2980/握把套+加油管$950/","3,930","","","","","","","","","","","","","","","","","","","","",""
"2024/6/22","ENJ-1219","5717","SC(F$3400/BO3$3600/F前$1300/F後$1300/煞車油$900/BPM後碟$2500/後卡座$2500/鋁合金後T$2450/前T$850/EK$3700/5H","22,500","","","","","","","","","","","","","","","","","","","","",""
"2024/6/22","EQD-8877","8895","APEXX拉桿$1980/","1,980","","","","","","","","","","","","","","","","","","","","",""
"2024/6/22","EPG-8315","32135","皮帶$2000/","2,000","","","","","","","","","","","","","","","","","","","","",""
"2024/6/22","NLB-0211","17960","工資$1000/","1,000","","","","","","","","","","","","","","","","","","","","",""
"2024/6/22","EPZ-6802","5539","五匹$1200/","1,200","","","","","","","","","","","","","","","","","","","","",""
"2024/6/22","ENP-2262","19800","皮帶調整","0","","","","","","","","","","","","","","","","","","","","",""
"2024/6/24","EQB-6133","38674","BPM後碟$2100/BPM後來令$850/6K$600/","3,550","","","","","","","","","","","","","","","","","","","","",""
"2024/6/24","EQB-0907","40148","皮帶","0","","","","","","","","","","","","","","","","","","","","",""
"2024/6/24","NTM-6652","2615","機油 齒輪油$650/","650","","","","","","","","","","","","","","","","","","","","",""
"2024/6/24","NAU-7108","33463","BPM來令$1800/","1,800","","","","","","","","","","","","","","","","","","","","",""
"2024/6/25","EQB-7753","68413","$2200/PBF來令$1400/","3,600","","","","","","","","","","","","","","","","","","","","",""
"2024/6/26","EPF-0911","35802","前叉保固","0","","","","","","","","","","","","","","","","","","","","",""
"2024/6/26","EPZ-9706","33033","皮帶$2900/BPM後碟$2100/PBF後來令$1200/PBF前來令$1100/6K$500/","7,800","","","","","","","","","","","","","","","","","","","","",""
"2024/6/26","NFN-0926","6046","大皮帶$3500/","3,500","","","","","","","","","","","","","","","","","","","","",""
"2024/6/28","EPR-2222","35088","BPM後碟$2100/PBF後來令$1100/皮帶$1900/前S01$3500/TT93後$2400/18K$1900/齒輪油$500/","13,400","","","","","","","","","","","","","","","","","","","","",""
"2024/6/28","ERU-3962","1669","FASS搖臂$14800/FASS鍊條蓋支架$1580/M8X35$700/M8X20$550/滑塊$1600/下座$1900/調整螺絲$1000/皿頭$1800/工資$500/滾針$2800/","28,592","","","","","","","","","","","","","","","","","","","","",""
"2024/6/29","ENJ-1219","5789","急速火箭$9800/三角台$2400/珠碗$2400/FASS搖臂$14800/SII$16200/本體螺絲包$2200/KOSO鍊條蓋$1200/FAA鍊條蓋支架$1580/","50,580","","","","","","","","","","","","","","","","","","","","",""
"2024/6/29","EQB-7753","68665","TT93$2350/","2,350","","","","","","","","","","","","","","","","","","","","",""
"2024/6/29","ERF-1231","8481","橢圓鏡$2000/","2,000","","","","","","","","","","","","","","","","","","","","",""
"2024/7/3","ENP-1817","46279","GO35內管更換$9400/","9,400","","","","","","","","","","","","","","","","","","","","",""
"2024/7/3","ERG-7762","16109","皮帶調整BPM前來令$900/","900","","","","","","","","","","","","","","","","","","","","",""
"2024/7/4","EPS-8702","17276","大牌螺絲$360/M12黑墊$60/短圓鏡$2000/FASS握把套$1680/","4,100","","","","","","","","","","","","","","","","","","","","",""
"2024/7/4","MKH-1191","30291","中古後輪$1500/機油齒輪油$500/","2,000","","","","","","","","","","","","","","","","","","","","",""
"2024/7/4","EQC-5210","30803","橢圓鏡$2000/","2,000","","","","","","","","","","","","","","","","","","","","",""
"2024/7/4","EPU-3330","20115","SC 110/70-13$3300/","3,300","","","","","","","","","","","","","","","","","","","","",""
"2024/7/5","EWB-3953","75889","VIVA後貨架$1500/","1,500","","","","","","","","","","","","","","","","","","","","",""
"2024/7/5","EMY-1370","50249","3K$535/SC(F)$3400/皮帶調整","3,935","","","","","","","","","","","","","","","","","","","","",""
"2024/7/5","EMQ-0380","53373","水行俠$2550/水行俠(I)$2650/","5,200","","","","","","","","","","","","","","","","","","","","",""
"2024/7/5","EMQ-2821","43870","BPM260$3800/BPM180$2100/BPM前來令$900/BPM後來令$900/皮帶調整","7,700","","","","","","","","","","","","","","","","","","","","",""
"2024/7/5","MKW-6597","6597","LMG$9500/","9,500","","","","","","","","","","","","","","","","","","","","",""
"2024/7/6","EWM-0088","3009","P800®$1800/S98EV$1750/","3,550","","","","","","","","","","","","","","","","","","","","",""
"2024/7/6","ENW-0888","16246","鍊條清潔$450/BPM(F)$900/","1,350","","","","","","","","","","","","","","","","","","","","",""
"2024/7/6","NAC-8979","191","大牌螺絲NISSIN金屬(F)$1200/8X40杜黑$460/墊片$40/","1,700","","","","","","","","","","","","","","","","","","","","",""
"2024/7/6","EQB-6293","41861","PBF®$1200/","1,200","","","","","","","","","","","","","","","","","","","","",""
"2024/7/6","NHB-7007","30440","線組$500/","500","","","","","","","","","","","","","","","","","","","","",""
"2024/7/8","EQD-8877","9012","內齒$7200/派克龍$700/","7,900","","","","","","","","","","","","","","","","","","","","",""
"2024/7/9","NXB-7007","30454","EPIC座墊彈簧$600/","600","","","","","","","","","","","","","","","","","","","","",""
"2024/7/10","EPG-3599","76913","伸縮快拆貨架$4500/","4,500","","","","","","","","","","","","","","","","","","","","",""
"2024/7/11","EPG-7511","91930","皮帶$2900/前水行俠$2500/米其林EX$2700/","8,100","","","","","","","","","","","","","","","","","","","","",""
"2024/7/11","EQC-8976","103514","後波沛$2100/齒輪油$300/","2,400","","","","","","","","","","","","","","","","","","","","",""
"2024/7/11","MND-51069","44779","皮帶調整","0","","","","","","","","","","","","","","","","","","","","",""
"2024/7/11","NLF-7799","1073","鍍鈦大牌螺$320/鐵板牙$1800/EPIC腳踏塞$1500/M6X30X4鍍鈦$560/M6X30X2+金墊$200/","4,380","","","","","","","","","","","","","","","","","","","","",""
"2024/7/11","MCH-6589","29759","馬達$34740/","34,740","","","","","","","","","","","","","","","","","","","","",""
"2024/7/12","ERU-6922","18657","MTRT$2500/$1750/","4,250","","","","","","","","","","","","","","","","","","","","",""
"2024/7/12","EMQ-0079","97433","前來令$800/$1750/","2,550","","","","","","","","","","","","","","","","","","","","",""
"2024/7/12","EMQ-2821","","MTRT椅墊$3500/中柱橡膠$200/$1750/","5,450","","","","","","","","","","","","","","","","","","","","",""
"2024/7/12","MKD-7512","13470","OHLINS後避震$28600/$1750/","30,350","","","","","","","","","","","","","","","","","","","","",""
"2024/7/12","EPR-5313","4758","卡夢下巴$5800/卡夢後鴨尾$4800/卡夢左開關$3300/右開關$3800/電子油門$7800/防爆水管$4500/LMG$16600/M8X30X5$1750/BM5X10$450/FM8X15X2$600/","49,400","","","","","","","","","","","","","","","","","","","","",""
"2024/7/15","EMR-6191","29189","AFAM前T$850/DID$2900/GO鍵$800/","4,550","","","","","","","","","","","","","","","","","","","","",""
"2024/7/15","NLB-0211","18754","機油$850/齒輪油$50/","900","","","","","","","","","","","","","","","","","","","","",""
"2024/7/15","EQB-8217","64321","中柱彈簧$200/POSI主腳架$2350/$1750/","4,300","","","","","","","","","","","","","","","","","","","","",""
"2024/7/15","ENP-1085","128821","前叉換油.油封.土封$2700/快拆貨架$4500/$1750/","8,950","","","","","","","","","","","","","","","","","","","","",""
"2024/7/16","EPG-9830","14387","皮帶調整","0","","","","","","","","","","","","","","","","","","","","",""
"2024/7/16","MKH-1191","30718","後來令$600/","600","","","","","","","","","","","","","","","","","","","","",""
"2024/7/16","EPF-0911","36357","皮帶調整水行俠$2550/水行俠(R$2650/RPM$800/","6,000","","","","","","","","","","","","","","","","","","","","",""
"2024/7/17","ERU-7235","1","$8250/五匹$1200/","9,923","","","","","","","","","","","","","","","","","","","","",""
"2024/7/18","EQN-0202","1393","代工$500/","500","","","","","","","","","","","","","","","","","","","","",""
"2024/7/18","EMQ-0160","9640","TT93120/70-12$2500/","2,500","","","","","","","","","","","","","","","","","","","","",""
"2024/7/18","EMY-9196","15259","皮帶調整","0","","","","","","","","","","","","","","","","","","","","",""
"2024/7/19","EMR-1200","56984","代工$200/","200","","","","","","","","","","","","","","","","","","","","",""
"2024/7/19","ERG-2026","16369","前水行俠$2500/","2,500","","","","","","","","","","","","","","","","","","","","",""
"2024/7/19","EPF-0005","6659","載車$800/後米其林EX$2500/前波沛樂$2200/DCBOX$4000/","9,500","","","","","","","","","","","","","","","","","","","","",""
"2024/7/19","EMQ-2930","79030","右煞車開關$480/","480","","","","","","","","","","","","","","","","","","","","",""
"2024/7/20","EQB-0088","23533","FRANDO$1300/RX66(F$2850/","4,150","","","","","","","","","","","","","","","","","","","","",""
"2024/7/20","MKD-7512","13576","SC®$3400/","3,400","","","","","","","","","","","","","","","","","","","","",""
"2024/7/22","ERU-7700","10","牌框$1200/大頭螺$360/黑墊40$1600/FASS椅墊$6480/","9,640","","","","","","","","","","","","","","","","","","","","",""
"2024/7/22","EMH-3525","19771","後米其林EX$2500/","2,500","","","","","","","","","","","","","","","","","","","","",""
"2024/7/22","MPP-3921","30191","MTRT椅墊$3500/卡座$2500/後226$2500/代工$2000/回油螺$250/卡簧$150/","10,900","","","","","","","","","","","","","","","","","","","","",""
"2024/7/23","ERH-0779","28850","中柱$2350/主腳架強化組$680/","3,030","","","","","","","","","","","","","","","","","","","","",""
"2024/7/23","EQB-7753","70247","椅墊$4980/","5,129","","","","","","","","","","","","","","","","","","","","",""
"2024/7/26","EPS-8702","17423","二手後扶手$1000/","1,000","","","","","","","","","","","","","","","","","","","","",""
"2024/7/26","ENP-1085","129699","右側下$200/SKF6201$950/前內套管$200/","1,350","","","","","","","","","","","","","","","","","","","","",""
"2024/7/26","ERU-7700","60","絞鍊$850/","850","","","","","","","","","","","","","","","","","","","","",""
"2024/7/26","ERU-1087","8224","珠碗$2400/三角台$2400/前輪代工$300/皮帶調整","5,100","","","","","","","","","","","","","","","","","","","","",""
"2024/7/27","EQB-6293","42438","方向燈$880/PBF前來令$1100/握把套$550/","2,530","","","","","","","","","","","","","","","","","","","","",""
"2024/7/27","EMY-8010","27630","前波沛樂$2100/$850/BPM前來令$900/","3,850","","","","","","","","","","","","","","","","","","","","",""
"2024/7/29","EQH-1216","28126","後米其林EX$2500/","2,500","","","","","","","","","","","","","","","","","","","","",""
"2024/7/29","MPN-5696","33428","齒輪油$200/確認漏水","200","","","","","","","","","","","","","","","","","","","","",""
"2024/7/29","MNZ-8585","15753","左總泵$1900/","1,900","","","","","","","","","","","","","","","","","","","","",""
"2024/7/29","EQC-6707","73207","BPM(F$1300/","1,300","","","","","","","","","","","","","","","","","","","","",""
"2024/7/29","EQB-7753","70702","代工$400/","400","","","","","","","","","","","","","","","","","","","","",""
"2024/7/29","EMY-1821","48474","皮帶調整","0","","","","","","","","","","","","","","","","","","","","",""
"2024/7/29","ERU-1087","8226","加油管$450/油門線$850/","1,300","","","","","","","","","","","","","","","","","","","","",""
"2024/7/30","ERU-1287","6728","POSI白鐵中柱$3380/","3,380","","","","","","","","","","","","","","","","","","","","",""
"2024/7/30","ERU-7888","18","ZD SS上移$10480/ZD 防小人$1180/牌照螺絲$290/擋泥板$800/鍍黑螺絲$600/","13,350","","","","","","","","","","","","","","","","","","","","",""
"2024/7/31","EPG-7511","92854","馬達油封$1000/","1,000","","","","","","","","","","","","","","","","","","","","",""
"2024/7/31","LGL-6691","18220","代工$3500/RK後齒$2900/空濾$2800/LM10W0$1950/機油芯$650/","11,800","","","","","","","","","","","","","","","","","","","","",""
"2024/7/31","EMQ-7919","52439","後BO3$3600/皮帶調整","3,600","","","","","","","","","","","","","","","","","","","","",""
"2024/7/31","EPF-5737","48275","前CITY$2700/","2,700","","","","","","","","","","","","","","","","","","","","",""
"2024/8/1","EMG-8733","6682","水行俠$2650/EXTRA$2500/SKF+內套$1800/NCY$2600/FRANDO(R$1300/EPIC側柱$1950/減音橡皮$450/","13,250","","","","","","","","","","","","","","","","","","","","",""
"2024/8/2","EMJ-0356","44884","皮帶$2000/氣嘴$500/P800$2100/","4,830","","","","","","","","","","","","","","","","","","","","",""
"2024/8/2","EQB-7826","15347","FRANDO來令$1300/","1,300","","","","","","","","","","","","","","","","","","","","",""
"2024/8/2","ENP-1018","19688","皮帶調整","0","","","","","","","","","","","","","","","","","","","","",""
"2024/8/2","EPJ-7018","2346","代工$2000/","2,000","","","","","","","","","","","","","","","","","","","","",""
"2024/8/2","ERH-0658","10573","糯米腸$550/拉桿$1980/BPM前後來令$1800/","4,300","","","","","","","","","","","","","","","","","","","","",""
"2024/8/3","ERG-3776","14153","齒輪油$300/皮帶調整","300","","","","","","","","","","","","","","","","","","","","",""
"2024/8/5","EQD-0572","45218","M10x65$500/前BPM260$3300/三角台$2400/珠碗$2400/急速火箭$12800/前ak$7800/前後SC$6600/","35,800","","","","","","","","","","","","","","","","","","","","",""
"2024/8/5","EMY-1575","44698","HSC後來令$2000/","2,000","","","","","","","","","","","","","","","","","","","","",""
"2024/8/5","EPG-7985","9522","皮帶調整","0","","","","","","","","","","","","","","","","","","","","",""
"2024/8/5","NFF-7799","10546","機油$850/齒輪油卸油螺絲$150/","1,000","","","","","","","","","","","","","","","","","","","","",""
"2024/8/6","NTM-6652","3755","機油 齒輪油$500/","500","","","","","","","","","","","","","","","","","","","","",""
"2024/8/6","EMY-2970","30878","皮帶調整前叉換油$2600/FRANDO來令$1300/","3,900","","","","","","","","","","","","","","","","","","","","",""
"2024/8/6","MPN-5696","33524","中古馬達$6000/","6,000","","","","","","","","","","","","","","","","","","","","",""
"2024/8/6","EMG-5993","27600","BPM(F$850/轉向軸承$2000/","2,850","","","","","","","","","","","","","","","","","","","","",""
"2024/8/6","ENC-1636","10845","轉向$2400/三角台$2400/車手$1800/把手做$2700/APEXX拉桿$1980/上移$4500/卡夢風鏡$2900/擋泥板$950/橢圓鏡$2000/EPIC+內管$1100/鍍鈦前輪心$850/大牌螺絲$360/油線$680/MTRT椅墊$3500/野蠻公牛9800/BPM碟盤2800/二手卡鉗+煞車皮1880","42,600","","","","","","","","","","","","","","","","","","","","",""
"2024/8/6","NLF-9832","19651","機油$550/","550","","","","","","","","","","","","","","","","","","","","",""
"2024/8/7","EMG-6997","46610","LMG$9500/趁套$900/","10,400","","","","","","","","","","","","","","","","","","","","",""
"2024/8/7","EPG-8685","37757","PB$1450/皮帶調整","1,450","","","","","","","","","","","","","","","","","","","","",""
"2024/8/8","EPQ-0555","21221","6K$535/BPM前來令$1800/","2,335","","","","","","","","","","","","","","","","","","","","",""
"2024/8/8","EMY-3531","9886","橢圓鏡$2000/黑隼$1380/","3,380","","","","","","","","","","","","","","","","","","","","",""
"2024/8/8","MNG-6633","38504","三角台$2400/珠碗$2400/AK550$7800/BPM$2500/煞車油$400/中古前叉$2500/子彈袋贈中古主腳架$800/","18,800","","","","","","","","","","","","","","","","","","","","",""
"2024/8/9","EMW-8378","10769","LMG速$16600/BPM226$2800/BPM後來令$1100/","20,500","","","","","","","","","","","","","","","","","","","","",""
"2024/8/10","EWS-9618","147","二手後扶手$1000/","1,000","","","","","","","","","","","","","","","","","","","","",""
"2024/8/10","EMW-8378","10769","糯米腸$550/加油管$450/","1,000","","","","","","","","","","","","","","","","","","","","",""
"2024/8/10","EQB-6293","42943","前水行俠$2600/BPM前來令$900/皮帶調整","3,500","","","","","","","","","","","","","","","","","","","","",""
"2024/8/11","MCS-0830","137148","18K$1700/後S98 SPORT$2250/","3,950","","","","","","","","","","","","","","","","","","","","",""
"2024/8/12","EQB-6293","43054","PAKELO齒輪油$750/補胎","750","","","","","","","","","","","","","","","","","","","","",""
"2024/8/14","EPF-8686","24301","主護蓋+腳踏板蓋$5500/左煞車開關$500/右側後腳踏座$1100/3k$800/中柱加大$800/右總泵$1500/BPM前碟$2800/FRANDO來令$1300/","14,300","","","","","","","","","","","","","","","","","","","","",""
"2024/8/14","EPF-0911","37043","FASS換皮$2400/","2,400","","","","","","","","","","","","","","","","","","","","",""
"2024/8/14","EMG-6191","87267","皮帶$2000/後SC$3300/前後FRANDO來令$2600/BPM後碟$2100/","10,000","","","","","","","","","","","","","","","","","","","","",""
"2024/8/15","MPN-5696","33652","RPMRR$4500/","4,500","","","","","","","","","","","","","","","","","","","","",""
"2024/8/15","EMH-7208","48430","FRANDO(R$1200/EXTRA$2500/","3,700","","","","","","","","","","","","","","","","","","","","",""
"2024/8/15","EPG-8325","32206","皮帶調整BPM後碟$2100/BPM來令$950/","3,050","","","","","","","","","","","","","","","","","","","","",""
"2024/8/15","EQB-2208","95282","皮帶調整喇叭$750/前波沛樂$2100/","2,850","","","","","","","","","","","","","","","","","","","","",""
"2024/8/15","EQC-8976","106817","皮帶調整前波沛$2100/","2,100","","","","","","","","","","","","","","","","","","","","",""
"2024/8/16","EQC-5285","23841","6K$600/","600","","","","","","","","","","","","","","","","","","","","",""
"2024/8/16","ERH-9819","10","後貨架$4680/黑隼$1980/","6,660","","","","","","","","","","","","","","","","","","","","",""
"2024/8/17","EQN-0202","1920","機油$850/","850","","","","","","","","","","","","","","","","","","","","",""
"2024/8/17","ERU-8301","1","前後CMSR$5600/前碟FAR$6200/前M10X75$600/前卡套管$600/EPIC握把套$850/大牌背板$1200/後視鏡$2300/後扶手$2500/選辦牌$4200/胎內$3510/BPM$850/造型套$490/","29,100","","","","","","","","","","","","","","","","","","","","",""
"2024/8/19","EPW-6933","95","AFAM後齒$2000/KOSO前置物$1100/絞鍊$680/PBF$800/","4,580","","","","","","","","","","","","","","","","","","","","",""
"2024/8/19","EQC-8976","107257","齒輪油$300/","300","","","","","","","","","","","","","","","","","","","","",""
"2024/8/19","NLF-9832","20113","大保養$2000/火星塞$850/空濾$500/皮帶$1400/機油$500/清節流閥$600/","5,850","","","","","","","","","","","","","","","","","","","","",""
"2024/8/20","EMG-8031","34382","轉向$2650/水行俠$2500/TT93$2350/FASS+內管$2080/","9,580","","","","","","","","","","","","","","","","","","","","",""
"2024/8/21","MKH-1191","31525","齒輪油$500/","500","","","","","","","","","","","","","","","","","","","","",""
"2024/8/22","MJQ-1680","22080","飛旋+腳踏外掛式+超速拉桿側腳架       扣輪框17500    保養+PB$5100/19900-17500+2700保養+PB=候補5100","25,000","","","","","","","","","","","","","","","","","","","","",""
"2024/8/22","EMQ-2017","143051","前段支架$1050/喇叭組$5800/","6,850","","","","","","","","","","","","","","","","","","","","",""
"2024/8/22","MJM-6991","32590","代工前後輪$900/BPM後來令$850/","1,750","","","","","","","","","","","","","","","","","","","","",""
"2024/8/22","ERU-7700","349","握把套$1680/置物箱燈$980/","2,660","","","","","","","","","","","","","","","","","","","","",""
"2024/8/23","EQN-0202","2020","GP4RX$21500/CNC鍍鎳$21800/油管$9500/煞車油$800/螺絲$1400/卡座$2500/修改後框蓋","57,400","","","","","","","","","","","","","","","","","","","","",""
"2024/8/23","EPZ-0831","11579","水行俠前$2050/水行俠後$2050/SS2.0$4500/USB燈$1050/","9,650","","","","","","","","","","","","","","","","","","","","",""
"2024/8/24","EMY-1575","45055","RX66前$2850/RX66後$2850/HSC前$2000/BPM前$900/","8,600","","","","","","","","","","","","","","","","","","","","",""
"2024/8/24","EMY-0061","38920","皮帶$2000/6K$455/","2,455","","","","","","","","","","","","","","","","","","","","",""
"2024/8/24","MJV-0915","13331","FASS握把$2080/6K$600/$750/","3,430","","","","","","","","","","","","","","","","","","","","",""
"2024/8/24","ERH-9750","233","?98$12990/工具包$1000/牌框$1200/鍍鈦螺絲贈","15,000","","","","","","","","","","","","","","","","","","","","",""
"2024/8/24","EQD-8877","9399","皮帶調整PAKELO$750/SC1$3300/","4,050","","","","","","","","","","","","","","","","","","","","",""
"2024/8/25","ERG-8132","1181","P800後$1800/","1,800","","","","","","","","","","","","","","","","","","","","",""
"2024/8/25","ENJ-1219","6351","後煞車漏油檢查","0","","","","","","","","","","","","","","","","","","","","",""
"2024/8/25","EPZ-1087","30250","皮帶$2000/EXTRA$2400/9K$865/","5,265","","","","","","","","","","","","","","","","","","","","",""
"2024/8/25","ERH-6602","4066","皮帶調整$200/","200","","","","","","","","","","","","","","","","","","","","",""
"2024/8/27","MGD-5251","2551","POSI內管+糯米腸$1200/","1,200","","","","","","","","","","","","","","","","","","","","",""
"2024/8/27","EQB-7753","72503","齒輪油$400/","400","","","","","","","","","","","","","","","","","","","","",""
"2024/8/28","EMQ-7919","53550","前SC$3300/前BPM碟$4500/前FRANDO來令$1300/黑準無線充$1990/","11,090","","","","","","","","","","","","","","","","","","","","",""
"2024/8/28","EPZ-0831","1646","車把$1900/皮帶$2000/握把套內管$950/","4,850","","2690","","","","","","","","","","","","","","","","","","",""
"2024/8/28","MND-5069","45835","水行俠$2650/","2,650","","","","","","","","","","","","","","","","","","","","",""
"2024/8/29","EMQ-0079","99691","BPM前來令$1200/前碟$1000/","2,200","","","","","","","","","","","","","","","","","","","","",""
"2024/8/29","EMS-8567","143093","PBF前來令$1400/","1,400","","","","","","","","","","","","","","","","","","","","",""
"2024/8/30","MCU-7593","36012","後水行俠$2400/前來令$560/","2,960","","","","","","","","","","","","","","","","","","","","",""
"2024/8/30","EMQ-0891","35271","前SC$3400/前BPM碟$2800/FRANDO前來令$1300/LMG$9500/BPM後碟$2100/FRANDO後來令$1300/飛旋代工$200/握把套代工$100/前插代工$800/前後卡鉗煞車油代工$5000/椅墊代工$100/後扶手代工$400/","27,000","","","","","","","","","","","","","","","","","","","","",""
"2024/8/31","EPF-3133","39917","FRANDO總泵$11500/油管$7800/煞車開關$800/前叉$5000/後SC$3400/BPM260$3500/FRANDO來令$1300/橢圓竟$2000/珠碗$2400/","37,700","","","","","","","","","","","","","","","","","","","","",""
"2024/8/31","EMJ-7512","15292","TT93$2400/","2,400","","","","","","","","","","","","","","","","","","","","",""
"2024/9/2","EQB-6133","41085","前來令BPM$900/","900","","","","","","","","","","","","","","","","","","","","",""
"2024/9/2","MND-0927","31088","前後避震保養$10000/曲軸$12000/氣密油封$2800/凸輪$5000/電腦$14500/肥腸$1200/活塞組+墊片$3800/火星塞$850/空濾$850/水箱水$1000/","52,000","","","","","","","","","","","","","","","","","","","","",""
"2024/9/2","EQB-7753","72957","TT93$2400/","2,400","","","","","","","","","","","","","","","","","","","","",""
"2024/9/2","EPF-5737","49080","皮帶調整BPM後來令$900/","900","","","","","","","","","","","","","","","","","","","","",""
"2024/9/3","EMY-3086","54923","15K調整ZR1$2600/9K$655/","3,255","","","","","","","","","","","","","","","","","","","","",""
"2024/9/3","EMN-8657","89665","前BPM來令$950/後BPM來令$900/後米其林$2600/","4,450","","","","","","","","","","","","","","","","","","","","",""
"2024/9/4","EQN-0202","2459","LMG速商$16600/BPM前$1300/套管$400/","18,300","","","","","","","","","","","","","","","","","","","","",""
"2024/9/4","EMY-2151","59150","皮帶$2000/載車$900/","2,900","","","","","","","","","","","","","","","","","","","","",""
"2024/9/4","AH3-038","9717","機油$450/","450","","","","","","","","","","","","","","","","","","","","",""
"2024/9/4","EMQ-2930","82131","BPM前來令$900/","900","","","","","","","","","","","","","","","","","","","","",""
"2024/9/5","EQN-0202","2496","鈦碟盤螺絲$3000/鍍黑$600/MSP前叉+RCS工資$10000/RCS6X25$600/螺母$600/M6x15$560/下珠盤$300/避震調整$1000/鈦10X60$1500/","18,160","","","","","","","","","","","","","","","","","","","","",""
"2024/9/5","EQD-3873","82925","前叉內管+外管$8800/後CCD$8500/黑準$3850/","21,150","","","","","","","","","","","","","","","","","","","","",""
"2024/9/5","EMZ-8116","31712","前601$2800/$950/前內套管$350/","4,100","","","","","","","","","","","","","","","","","","","","",""
"2024/9/6","EMS-3209","13526","EXTRA$2350/$8990/DCBOX","11,340","","","","","","","","","","","","","","","","","","","","",""
"2024/9/6","ERU-8301","269","279+內坎$8990/照地燈$1850/剛化膜$450/","11,290","","","","","","","","","","","","","","","","","","","","",""
"2024/9/6","EQN-0202","2526","油壓式煞車開關$3600/惡搞飛旋$2300/","5,900","","","","","","","","","","","","","","","","","","","","",""
"2024/9/7","NFL-7197","18470","前波沛$2000/","2,000","","","","","","","","","","","","","","","","","","","","",""
"2024/9/7","EMQ-0176","13129","EXTRA(R$2500/BPM(R$850/內套+SKF$1400/","4,750","","","","","","","","","","","","","","","","","","","","",""
"2024/9/7","576-BBS","24891","五匹$1100/","1,100","","","","","","","","","","","","","","","","","","","","",""
"2024/9/7","EPV-0520","11760","皮帶$1900/TT93$2050/","3,950","","","","","","","","","","","","","","","","","","","","",""
"2024/9/9","NXE-8292","357","LM5/4$850/","850","","","","","","","","","","","","","","","","","","","","",""
"2024/9/9","EMQ-0890","35936","皮帶調整拉耳$3200/椅墊$2500/","5,700","","","","","","","","","","","","","","","","","","","","",""
"2024/9/9","ENP-8305","38351","後CITY$2850/後來令$500/洗鍊條$450/","3,800","","","","","","","","","","","","","","","","","","","","",""
"2024/9/9","EMG-8733","17110","工資$800/大牌螺$400/","1,200","","","","","","","","","","","","","","","","","","","","",""
"2024/9/10","NAE-8292","392","R15後移$9500/","9,500","","","","","","","","","","","","","","","","","","","","",""
"2024/9/10","MND-0927","31233","開閉盤$7500/後組$3800/","11,300","","","","","","","","","","","","","","","","","","","","",""
"2024/9/10","ERF-3227","7737","保養$500/前輪波沛$2000/後輪P800$1800/","4,300","","","","","","","","","","","","","","","","","","","","",""
"2024/9/10","EPS-9979","20296","皮帶+傳動帶輪組照地燈+第三煞車燈代工$8500/前PBF$1100/後TT93$2400/M10P1.5$1000/F油內管$680/","13,680","","","","","","","","","","","","","","","","","","","","",""
"2024/9/10","EMQ-2930","82590","P800$2100/","2,100","","","","","","","","","","","","","","","","","","","","",""
"2024/9/10","EMY-1882","16896","KOSO置物箱$1300/","1,300","","","","","","","","","","","","","","","","","","","","",""
"2024/9/10","MJM-2235","93665","加油管+代工$650/端子$850/","1,500","","","","","","","","","","","","","","","","","","","","",""
"2024/9/10","EMK-8612","40272","皮帶調整","0","","","","","","","","","","","","","","","","","","","","",""
"2024/9/11","EQN-0202","2729","B頭8X20$300/999R防導球$3200/M4$250/工資$50/","3,800","","","","","","","","","","","","","","","","","","","","",""
"2024/9/11","EMG-7002","23195","M8X50$720/8X20$280/代工$800/","1,800","","","","","","","","","","","","","","","","","","","","",""
"2024/9/12","MJQ-1680","22504","洗車$800/","800","","","","","","","","","","","","","","","","","","","","",""
"2024/9/12","EMQ-2017","144155","昌泰工除$3580/電子油門$2000/CNC煞車開關$1800/魚目$200/","7,580","","","","","","","","","","","","","","","","","","","","",""
"2024/9/12","EWH-2337","11885","TT93$2000/補胎BPM($850/","2,850","","","","","","","","","","","","","","","","","","","","",""
"2024/9/13","ENP-5117","19067","端子鏡$2100/內管+EPIC握把$1150/","3,250","","","","","","","","","","","","","","","","","","","","",""
"2024/9/14","ERU-8957","1","前後卡清潔$3000/下移卡座$2500/照地燈$130/PULSE後扶手$2500/粉油管$9500/煞車油$1000/BPM前$4500/BPM後$2300/BPM(F$1200/ANCHOR$1100/套筒$400/白鐵螺絲$500/交車款$1199/膜$500/","39,619","","","","","","","","","","","","","","","","","","","","",""
"2024/9/14","EQN-0202","2872","雙喇叭$6800/取電線$500/鈦8X20$250/8X35$290/F8X35$1400/","9,240","","","","","","","","","","","","","","","","","","","","",""
"2024/9/14","EMQ-5877","18277","P800(F$2100/P800(R$2100/LMG$9500/EPIC握把+內管$1150/端子鏡$2000/APEXX拉桿$1950/SKF(F$850/ZOO外內套管$850/","20,500","","","","","","","","","","","","","","","","","","","","",""
"2024/9/16","EPF-5375","36640","皮帶$2000/馬達油封$1750/齒輪油$200/後煞車皮$500/","4,450","","","","","","","","","","","","","","","","","","","","",""
"2024/9/17","EMY-1821","51486","皮帶調整極簡拉桿$885/","885","","","","","","","","","","","","","","","","","","","","",""
"2024/9/17","EPF-8896","21933","前後水行俠$5200/後內套管$650/3K$600/","6,450","","","","","","","","","","","","","","","","","","","","",""
"2024/9/18","EPZ-9706","36289","皮帶調整保養$500/LM齒輪油$500/","1,000","","","","","","","","","","","","","","","","","","","","",""
"2024/9/19","ENP-3525","28217","後EX$2500/前水行俠$2600/保養+輕感$1480/","6,580","","","","","","","","","","","","","","","","","","","","",""
"2024/9/20","ENY-3858","12628","齒輪油$300/M6X40$200/紅墊$40/","540","","","","","","","","","","","","","","","","","","","","",""
"2024/9/20","EQC-8186","30290","維修$16500/","16,500","","","","","","","","","","","","","","","","","","","","",""
"2024/9/20","NFL-7517","27702","機油齒輪油$500/","500","","","","","","","","","","","","","","","","","","","","",""
"2024/9/20","EMG-7002","23469","6K$820/皮帶$2130/皮帶墊片$620/","3,570","","","","","","","","","","","","","","","","","","","","",""
"2024/9/20","EQC-5358","21852","FASS膠$2030/3K$535/DID$2900/AFAM$2850/5H$850/","9,165","","","","","","","","","","","","","","","","","","","","",""
"2024/9/21","ERU-5838","8361","3K$600/DID$2900/","3,500","","","","","","","","","","","","","","","","","","","","",""
"2024/9/23","EQC-8976","110760","皮帶調整","0","","","","","","","","","","","","","","","","","","","","",""
"2024/9/23","EMG-6997","47770","皮帶調整珠碗$2400/油門線$680/","3,080","","","","","","","","","","","","","","","","","","","","",""
"2024/9/24","MHQ-9190","56261","LMG$9500/","9,500","","","","","","","","","","","","","","","","","","","","",""
"2024/9/24","NLF-9832","22152","4R$450/齒輪油$100/","550","","","","","","","","","","","","","","","","","","","","",""
"2024/9/24","EMG-8733","17338","烤漆$11000/後視鏡$2500/DOMINO握把套$1500/後輪芯$1400/KOSO前土除$700/前6201$950/前外套管$650/內裝$1800/上內$3200/Y架$1790/車牌螺$1200/","26,690","","","","","","","","","","","","","","","","","","","","",""
"2024/9/24","ENP-1817","48575","後ZR1$2700/齒輪油$300/","3,000","","","","","","","","","","","","","","","","","","","","",""
"2024/9/24","EMQ-0185","32137","i架$1500/","1,500","","","","","","","","","","","","","","","","","","","","",""
"2024/9/26","ENP-1817","48622","296後鏡頭$3200/","3,200","","","","","","","","","","","","","","","","","","","","",""
"2024/9/26","EPD-6682","50668","皮帶$2000/","2,000","","","","","","","","","","","","","","","","","","","","",""
"2024/9/26","NRN-7130","19109","火箭前叉$10000/握把套$1080/","11,080","","","","","","","","","","","","","","","","","","","","",""
"2024/9/27","EPZ-1170","7724","S98EV$1800/糯米腸$850/橢圓鏡$2000/","4,650","","","","","","","","","","","","","","","","","","","","",""
"2024/9/27","ENP-1085","134698","油壓式煞車開關$1500/","1,500","","","","","","","","","","","","","","","","","","","","",""
"2024/9/27","EQB-7753","74723","皮帶+墊片$2650/PBF前來令$1400/","4,050","","","","","","","","","","","","","","","","","","","","",""
"2024/9/27","NFL-7517","27811","牌照燈$1000/右後方向燈$1800/握把套$650/","3,450","","","","","","","","","","","","","","","","","","","","",""
"2024/9/28","ENP-1712","157158","EPIC握把套$650/","650","","","","","","","","","","","","","","","","","","","","",""
"2024/9/28","EPZ-3609","79446","EPIC握把套$650/查$500/","1,150","","","","","","","","","","","","","","","","","","","","",""
"2024/9/28","EMW-8378","11340","C扣$850/","850","","","","","","","","","","","","","","","","","","","","",""
"2024/9/30","EQC-1538","22940","迷你鷹]$7000","7,000","","","","","","","","","","","","","","","","","","","","",""
"2024/9/30","EMQ-7005","25257","DID$2900/轉向軸承2400","5,300","","","","","","","","","","","","","","","","","","","","",""
"2024/9/30","ERU-7700","","代工500","500","","","","","","","","","","","","","","","","","","","","",""
"2024/10/1","MND-0927","31372","內仁$2800/高壓線圈$980/新雅帽套$850/NCY前叉$6000/對四卡座$1200/機油$450/EPIC前土除$1600/EPIC握把套$850/","14,730","7000","","","","","","","","","","","","","","","","","","","",""
"2024/10/2","ENP-2816","38598","皮帶組$12800/拉耳$2900/座墊絞鍊$880/","16,580","9000","617","","","","","","","","","","","","","","","","","","",""
"2024/10/2","EMW-5658","22138","MTRT椅墊$3500/加大$1380/","4,880","3318","","","","","","","","","","","","","","","","","","","",""
"2024/10/4","EWB-8102","29267","PBF(R$1200/DOMINO$450/煞車油$1500/","3,150","750","","","","","","","","","","","","","","","","","","","",""
"2024/10/4","EMQ-1033","42142","LMG$9500/蓋PRO$14800/拉耳座$1900/中柱$1900/","28,100","16000","800","","","","","","","","","","","","","","","","","","",""
"2024/10/4","EPZ-0360","29366","LMG$9500/拉耳$2900/","12,400","7800","","","","","","","","","","","","","","","","","","","",""
"2024/10/4","ENP-5959","26044","皮帶$2000/","2,000","900","","","","","","","","","","","","","","","","","","","",""
"2024/10/4","EMQ-6157","27224","EPIC側腳架$2000/","2,000","1000","","","","","","","","","","","","","","","","","","","",""
"2024/10/5","ERU-8301","650","BPM$2300/後卡座$890/MTRT椅墊$3500/","6,690","3818","890","","","","","","","","","","","","","","","","","","",""
"2024/10/5","EMY-7628","17615","]LMG$9500/內齒$7200/齒輪油$200/CITY$2700/3K贈馬達油封贈","19,600","6960","455","","","","","","","","","","","","","","","","","","",""
"2024/10/5","EMZ-9771","53596","BPM(R$850/後碟$1000/鍊條清潔$450/","2,300","375","650","","","","","","","","","","","","","","","","","","",""
"2024/10/7","NXE-8292","1184","LM5W40$850/DOMINO$1180/","2,030","907","","","","","","","","","","","","","","","","","","","",""
"2024/10/7","EQD-6707","78369","FRANDO(F$1300/","1,300","480","","","","","","","","","","","","","","","","","","","",""
"2024/10/7","EPG-7259","21562","P800(R$1800/PBF(R$1100/3K$390/保護套$400/","3,690","1300","390","","","","","","","","","","","","","","","","","","",""
"2024/10/8","EQC-8186","30512","DC-BOX$3800/","3,800","","3200","","","","","","","","","","","","","","","","","","",""
"2024/10/8","ENQ-3669","63925","FRANDO後$1300/","1,300","480","","","","","","","","","","","","","","","","","","","",""
"2024/10/8","EQB-7753","75553","齒輪油$400/","400","240","","","","","","","","","","","","","","","","","","","",""
"2024/10/9","EQB-6293","45065","C扣$850/米其林EX後$2600/趁套$1500/","4,950","1470","150","","","","","","","","","","","","","","","","","","",""
"2024/10/9","ENP-0680","21749","前6162$2200/後TT93$2350/","4,550","2437","","","","","","","","","","","","","","","","","","","",""
"2024/10/9","EMG-8733","17518","煞車開關前後$3000/載車$1500/","4,500","2600","","","","","","","","","","","","","","","","","","","",""
"2024/10/9","MKH-1191","32605","機油$500/補胎","500","","","","","","","","","","","","","","","","","","","","",""
"2024/10/9","ENN-2738","19118","水行俠$2650/","2,650","1630","","","","","","","","","","","","","","","","","","","",""
"2024/10/9","EMG-7136","53182","LMG$9500/","9,500","6000","","","","","","","","","","","","","","","","","","","",""
"2024/10/9","NLF-7799","1112","驗車$3000/規費$350/載車$5000/","8,350","350","","","","","","","","","","","","","","","","","","","",""
"2024/10/10","EMR-6352","113147","內齒+外蓋$14800/拉耳座$2000/","16,800","8500","","","","","","","","","","","","","","","","","","","",""
"2024/10/10","NXE-8292","1274","油芯$450/","450","130","","","","","","","","","","","","","","","","","","","",""
"2024/10/11","EMY-7017","41645","皮帶調整","0","","","","","","","","","","","","","","","","","","","","",""
"2024/10/11","EQN-0202","4038","M4x8$240/","240","120","","","","","","","","","","","","","","","","","","","",""
"2024/10/11","EQB-7590","38676","珠碗$2400/前波沛$2100/後P800$1800/前碟$2800/後碟$2300/BPM前$1300/BPM後$1100/AFAM$2850/5H$850/螺柱$1250/","18,000","7720","600","","","","","","","","","","","","","","","","","","",""
"2024/10/11","EMH-7333","41727","3K$600/$8500/右煞車開關$500/珠碗$2400/下擾流$1600/SS大燈$4000/","17,600","4000","4880","","","","","","","","","","","","","","","","","","",""
"2024/10/11","EPF-6566","47851","PBF前來另$1400/皮帶調整","1,400","450","","","","","","","","","","","","","","","","","","","",""
"2024/10/14","NXD-9371","2038","Y-4$450/齒輪油$500/","950","290","","","","","","","","","","","","","","","","","","","",""
"2024/10/14","EPU-3330","22509","6K$455/LM齒輪油$500/BPM前碟$3800/PBF前來另$1400/PBF後來令$1200/","7,355","3451","455","","","","","","","","","","","","","","","","","","",""
"2024/10/14","ERU-8917","1","大牌框$1200/白鐵贈","1,200","600","","","","","","","","","","","","","","","","","","","",""
"2024/10/14","EMH-0558","31969","LMG皮帶$2000/","2,000","900","","","","","","","","","","","","","","","","","","","",""
"2024/10/14","EMH-0597","64119","右煞車開關$1800/","1,800","700","","","","","","","","","","","","","","","","","","","",""
"2024/10/15","EQB-0088","25677","出保 BPM後碟CCD前油土封260mm前碟","0","","","","","","","","","","","","","","","","","","","","",""
"2024/10/15","EMQ-2821","47303","KOSO USB$1800/皮帶調整","1,800","900","","","","","","","","","","","","","","","","","","","",""
"2024/10/15","MCW-3167","80994","Y.4機油$450/","450","120","","","","","","","","","","","","","","","","","","","",""
"2024/10/15","NXB-7007","31010","LM5/40$850/齒輪油$150/","1,000","445","","","","","","","","","","","","","","","","","","","",""
"2024/10/16","EMQ-0079","102484","DID$2900/AFAM$2850/前FRANDO來令$1300/","7,050","2674","","","","","","","","","","","","","","","","","","","",""
"2024/10/16","EMY-9301","18188","蓋PRO$14800/商用穩$11800/米其林$2600/拉耳$2900/後碟$980/後來令$580/","33,660","19290","1010","","","","","","","","","","","","","","","","","","",""
"2024/10/17","ENP-3783","77695","SS 2.0$8000/$650/bpm(f$1200/","9,850","6030","","","","","","","","","","","","","","","","","","","",""
"2024/10/17","EPJ-7018","3552","206$6500/","6,500","2600","","","","","","","","","","","","","","","","","","","",""
"2024/10/17","EMG-2090","27266","皮帶調整","0","","","","","","","","","","","","","","","","","","","","",""
"2024/10/18","ENB-9836","28455","CITY後$2950/BPM後碟$2100/BPM後來令$950/","6,000","1635","2450","","","","","","","","","","","","","","","","","","",""
"2024/10/18","EMG-6969","71168","FRANDO前卡鉗$5000/中古後論$1000/","6,000","2000","","","","","","","","","","","","","","","","","","","",""
"2024/10/18","EQB-8932","13214","DOMINO$1080/","1,080","482","","","","","","","","","","","","","","","","","","","",""
"2024/10/18","EQB-8932","13214","SS後避震$4800/外掛式後擋泥板$3500/","8,300","4700","","","","","","","","","","","","","","","","","","","",""
"2024/10/18","EQD-5295","10953","握把套$950/","950","123","","","","","","","","","","","","","","","","","","","",""
"2024/10/19","EPF-5375","37367","珠碗$2400/皮帶調整//油門$680/","3,080","","660","","","","","","","","","","","","","","","","","","",""
"2024/10/19","ERF-1076","5156","MAGAZI$600/內管$400/工資$400/10X10$300/","1,700","473","","","","","","","","","","","","","","","","","","","",""
"2024/10/19","ENB-3085","23314","短圓鏡$2000/","2,000","1250","","","","","","","","","","","","","","","","","","","",""
"2024/10/21","EPF-0911","39107","BPM前$1300/","1,300","700","","","","","","","","","","","","","","","","","","","",""
"2024/10/21","MGH-9239","102531","EXTRA$2500/","2,500","1290","","","","","","","","","","","","","","","","","","","",""
"2024/10/21","771-KWJ","49316","中古後胎$1000/ACHOR後煞車皮$700/啟動器+大齒輪$2350/皮帶$1200/","5,250","1976","","","","","","","","","","","","","","","","","","","",""
"2024/10/21","EMY-6661","22062","ZR1$2600/BPM前碟$2800/PBF前$1100/PBF後$1200/","7,700","4150","","","","","","","","","","","","","","","","","","","",""
"2024/10/21","MPB-9572","25980","6K$600/CO3$4300/BPM後碟$2100/BPM後$850/水行俠$2550/珠碗$2400/","12,800","5622","1100","","","","","","","","","","","","","","","","","","",""
"2024/10/21","EPG-8315","34344","6K$455/NCYT扣$4900/FRANDO前$1300/EXTRA$2500/","9,155","4470","455","","","","","","","","","","","","","","","","","","",""
"2024/10/22","EMY-1575","46244","3K$455/PakoLO$750/","1,205","272","455","","","","","","","","","","","","","","","","","","",""
"2024/10/22","EQB-7599","76678","CCＤ後避震$4500/","4,500","2407","","","","","","","","","","","","","","","","","","","",""
"2024/10/22","MND-0927","31660","機油$600/","600","","","","","","","","","","","","","","","","","","","","",""
"2024/10/22","ENP-8282","21420","9K$930/前水行$2550/BPM前碟$2800/FRANDO前來令$1300/","7,580","3810","930","","","","","","","","","","","","","","","","","","",""
"2024/10/22","EMQ-6285","37966","皮帶$2000/","2,000","900","","","","","","","","","","","","","","","","","","","",""
"2024/10/23","EMY-5305","16606","皮帶調整","0","","","","","","","","","","","","","","","","","","","","",""
"2024/10/24","EPY-0666","18744","車體護蓋+三塊殼$15500/超速拉桿$2400/DOMIN$1080/加油內管$880/端子鏡$2400/黑準減震$2080/前擋泥板$950/FASS$4980/長久前碟$3800/PBF前後來令$2600/BPM後碟$2100/CL後靠$3780/短風鏡$2100/3K$885/油管$9500/置物箱+大牌背板$2180/小Y$1790/","61,255","15489","18965","","","","","","","","","","","","","","","","","","",""
"2024/10/24","NFN-0926","6792","小皮帶$2500/傳動蓋墊片$400/SCRK開閉盤$4300/SCRK普利盤$4800/","12,000","5170","","","","","","","","","","","","","","","","","","","",""
"2024/10/25","EQB-3375","19160","18K$1700/","1,700","","1700","","","","","","","","","","","","","","","","","","",""
"2024/10/25","EPF-1822","30178","前水行$2500/後米其林$2500/$850/坐墊扣$150/","6,000","3245","","","","","","","","","","","","","","","","","","","",""
"2024/10/26","EMQ-0928","45072","","0","","","","","","","","","","","","","","","","","","","","",""
"2024/10/26","EQD-8877","10088","sc後$3400/ZR1後$2600/","6,000","3700","","","","","","","","","","","","","","","","","","","",""
"2024/10/26","EMW-8378","11842","皮帶調整","0","","","","","","","","","","","","","","","","","","","","",""
"2024/10/28","EMP-2082","26264","SIXIS扶手$2980/","2,980","2079","","","","","","","","","","","","","","","","","","","",""
"2024/10/28","EMQ-0891","38679","SC後$3400/","3,400","","","","","","","","","","","","","","","","","","","","",""
"2024/10/28","EME-8889","50385","p800後$2100/EV(F)2300","4,400","1100","1900","","","","","","","","","","","","","","","","","","",""
"2024/10/29","EMF-8865","58467","G-PRO後$2500/ANCHOR$1050/","3,550","400","","","","","","","","","","","","","","","","","","","",""
"2024/10/29","EQB-6133","43005","SC(前$3300/鍊條保養$450/","3,750","1900","","","","","","","","","","","","","","","","","","","",""
"2024/10/29","EMQ-7133","66812","皮帶$2000/","2,000","900","","","","","","","","","","","","","","","","","","","",""
"2024/10/30","EQD-0872","22452","C03$4500/","4,500","2407","","","","","","","","","","","","","","","","","","","",""
"2024/10/30","EMH-7208","49484","輕感握把套$900/洗鍊條$450/mtrt$3500/","4,850","2418","490","","","","","","","","","","","","","","","","","","",""
"2024/10/30","ENP-1085","135125","油壓式煞車開館$1500/","1,500","800","","","","","","","","","","","","","","","","","","","",""
"2024/11/1","576-BBS","25212","後架$1400/","1,400","700","","","","","","","","","","","","","","","","","","","",""
"2024/11/1","ERF-1076","6395","代工$500/","500","","","","","","","","","","","","","","","","","","","","",""
"2024/11/2","EMQ-0380","56348","水行俠110/70-13$2650/外套管$950/BPM(F$850/220碟$2200/","6,650","","","","","","","","","","","","","","","","","","","","",""
"2024/11/2","EPF-5737","51112","SKF(R$1050/內套管BPM後碟$2100/PBF(R$1200/後輪代工$300/UE2後視鏡$1000/","5,650","","","","","","","","","","","","","","","","","","","","",""
"2024/11/4","ERU-5782","11948","武川前來另$900/水行俠$2500/","3,400","1350","","","","","","","","","","","","","","","","","","","",""
"2024/11/4","P26-990","36694","前波沛$2100/","2,100","1000","","","","","","","","","","","","","","","","","","","",""
"2024/11/4","576-BBS","25216","滑動式平台$2380/","2,380","1692","","","","","","","","","","","","","","","","","","","",""
"2024/11/4","EQB-0878","96108","碟盤螺$550/前BPM$1100/前碟BPM$2800/後來另$1050/後卡簧$250/","5,750","","","","","","","","","","","","","","","","","","","","",""
"2024/11/4","EPF-5737","51184","黑隼$1490/","1,490","793","","","","","","","","","","","","","","","","","","","",""
"2024/11/4","EME-6650","8638","DID$2900/P800$1800/前T$850/","5,550","","","","","","","","","","","","","","","","","","","","",""
"2024/11/5","MJT-8322","38388","代工$1500/","1,500","","","","","","","","","","","","","","","","","","","","",""
"2024/11/5","EMQ-7919","55716","FRANDO後碟$3100/商用穩$11600/FRANDO(R$1300/中古卡座$1000/","17,000","","","","","","","","","","","","","","","","","","","","",""
"2024/11/5","EMJ-8865","58674","FRANDO總泵$11600/前煞車由$400/","12,000","","","","","","","","","","","","","","","","","","","","",""
"2024/11/5","EPZ-0360","30438","皮帶","0","","","","","","","","","","","","","","","","","","","","",""
"2024/11/6","EPE-1918","36188","代工$450/","450","","","","","","","","","","","","","","","","","","","","",""
"2024/11/6","EMY-9301","18388","GO鍵$1000/","1,000","","","","","","","","","","","","","","","","","","","","",""
"2024/11/6","EMG-1275","11856","前.後水行俠$5100/橢圓鏡$2000/五匹$1200/輕感$900/","9,200","","","","","","","","","","","","","","","","","","","","",""
"2024/11/6","ERG-6916","3717","3K$455/","455","","","","","","","","","","","","","","","","","","","","",""
"2024/11/6","EMY-5305","16688","BPM前來令$850/","850","","","","","","","","","","","","","","","","","","","","",""
"2024/11/6","EPG-8685","38938","皮帶調整","0","","","","","","","","","","","","","","","","","","","","",""
"2024/11/6","NTB-2026","3522","紅色閃電$3150/救車$300/","3,450","","","","","","","","","","","","","","","","","","","","",""
"2024/11/7","EQG-6936","24486","LMG$9500/BPM後來令$850/","10,350","","","","","","","","","","","","","","","","","","","","",""
"2024/11/7","EMG-6693","50706","BPM前碟$2800/FRANDO前後$2600/","5,400","","","","","","","","","","","","","","","","","","","","",""
"2024/11/8","EMZ-9717","30018","儀表$2000/","2,000","","","","","","","","","","","","","","","","","","","","",""
"2024/11/9","ERU-2016","11809","水行俠$2550/米其林EX$2400/MS210$11900/支架$300/代工$400/二手S2把+把座$2660/","20,210","","","","","","","","","","","","","","","","","","","","",""
"2024/11/9","EMR-6191","30868","牌框$1200/水行俠$2400/","3,600","","","","","","","","","","","","","","","","","","","","",""
"2024/11/11","ERJ-7919","1022","8X40X4$1600/洗車$800/","2,400","","","","","","","","","","","","","","","","","","","","",""
"2024/11/11","EPD-6682","51545","皮帶調整","0","","","","","","","","","","","","","","","","","","","","",""
"2024/11/11","NXE-3336","2606","後CITY$3300/","3,300","","","","","","","","","","","","","","","","","","","","",""
"2024/11/11","EMG-7002","25152","後避震$5430/","5,430","","","","","","","","","","","","","","","","","","","","",""
"2024/11/12","MJQ-1680","23664","3K$800/","800","","","","","","","","","","","","","","","","","","","","",""
"2024/11/12","MKH-1191","33296","7B電瓶$1200/","1,200","","","","","","","","","","","","","","","","","","","","",""
"2024/11/12","EMQ-2821","48346","野蠻公牛$7810/中古M4螢光$6000/油管螺絲$200/","14,010","","","","","","","","","","","","","","","","","","","","",""
"2024/11/12","EQB-7872","27085","LMG內齒$7400/","7,400","","","","","","","","","","","","","","","","","","","","",""
"2024/11/13","ERU-3330","23183","KOSO尾燈$4400/","4,400","","","","","","","","","","","","","","","","","","","","",""
"2024/11/13","EPG-3599","83143","EXTRA(R$2500/ZOO後輪心$1000/","3,500","","","","","","","","","","","","","","","","","","","","",""
"2024/11/13","NFN-0926","6810","中柱$1700/","1,700","","","","","","","","","","","","","","","","","","","","",""
"2024/11/13","EMW-8378","12153","水行俠(R$2650/","2,650","","","","","","","","","","","","","","","","","","","","",""
"2024/11/13","EPY-0183","5202","阿波羅$7980/APEXX拉桿$2150/SIXIS腳踏$1380/","11,510","","","","","","","","","","","","","","","","","","","","",""
"2024/11/13","NXE-3336","2723","米其林$2900/PBF$1400/","4,300","","","","","","","","","","","","","","","","","","","","",""
"2024/11/14","EPG-8315","34778","皮帶調整","0","","","","","","","","","","","","","","","","","","","","",""
"2024/11/14","EPF-8506","63474","後水行俠$2400/","2,400","","","","","","","","","","","","","","","","","","","","",""
"2024/11/14","EMK-8881","54128","$950/前外套管$550/","1,500","","","","","","","","","","","","","","","","","","","","",""
"2024/11/15","EPZ-1866","8142","後波沛樂$1800/","1,800","","","","","","","","","","","","","","","","","","","","",""
"2024/11/15","EQC-0088","55923","水行俠$2550/EXTRA$2500/SKF$950/中古碟$600/左後視鏡","6,600","","","","","","","","","","","","","","","","","","","","",""
"2024/11/15","EQB-3915","","側柱$700/","700","","","","","","","","","","","","","","","","","","","","",""
"2024/11/15","EQC-6211","15892","BPM前碟$2800/PBF(F$1400/PBF(R$1200/BPM後碟$2300/CITY110/70-12$2850/CITY120/70-12$2900/胎壓$3040/白鐵插銷$250/白鐵羅母$240/","16,980","","","","","","","","","","","","","","","","","","","","",""
"2024/11/16","ERG-8132","1375","代工$600/拉桿$2150/","2,750","","","","","","","","","","","","","","","","","","","","",""
"2024/11/16","EPF-5305","33205","PBF(F)$1100/","1,100","","","","","","","","","","","","","","","","","","","","",""
"2024/11/16","EPF-8506","63491","惡搞飛旋$2200/","2,200","","","","","","","","","","","","","","","","","","","","",""
"2024/11/16","EMY-9653","54192","三角台$4800/BE2油門線$750/SS2.0 中古卡鉗$9000/煞車油$500/FRANDO$1000/BPM前碟$2300/白鐵輪心$550/","18,900","","","","","","","","","","","","","","","","","","","","",""
"2024/11/18","EQB-7753","78548","齒輪油$400/S98 SPORT$2200/S98 SPORT$2250/","4,996","","","","","","","","","","","","","","","","","","","","",""
"2024/11/18","EMY-2152","101952","油門線$750/極簡拉桿$885/擋泥板$850/SIXIS$2980/工資$800/","6,265","","","","","","","","","","","","","","","","","","","","",""
"2024/11/19","EQD-6739","11455","水行俠(F+EXTRA$4600/DID$2900/AFAM$850/$6990/","15,340","","","","","","","","","","","","","","","","","","","","",""
"2024/11/19","ERU-5838","9126","水行俠$2650/極簡拉桿$885/橢圓鏡$2000/","5,535","","","","","","","","","","","","","","","","","","","","",""
"2024/11/20","EMQ-2821","48772","支架工資$600/","600","","","","","","","","","","","","","","","","","","","","",""
"2024/11/21","ERF-2290","10491","雙喇叭$5800/土除$900/加大座$1380/水行俠110-/70-12$2400/","10,480","","","","","","","","","","","","","","","","","","","","",""
"2024/11/21","ERU-3962","3670","NCY前碟$3600/M10X55F$1200/M8卡鉗氣嘴$450/M10迴油$450/前BREMBO ST$12800/","18,500","","","","","","","","","","","","","","","","","","","","",""
"2024/11/21","EQC-5358","24971","後波沛樂$1600/6K$600/","2,200","","","","","","","","","","","","","","","","","","","","",""
"2024/11/22","EMY-1370","56329","皮帶調整6K$535/","535","","","","","","","","","","","","","","","","","","","","",""
"2024/11/22","MCG-5107","52757","前6162$2200/後米其林$2500/6K$820/","5,520","","","","","","","","","","","","","","","","","","","","",""
"2024/11/22","EMV-6595","41997","胎內$2762/水行俠$2600/皮帶$2000/前叉油封$2600/BREMBO煞車皮$2000/6K$600/黑準$1380/","13,942","","","","","","","","","","","","","","","","","","","","",""
"2024/11/22","EMP-2322","10375","皮帶調整","0","","","","","","","","","","","","","","","","","","","","",""
"2024/11/22","ENC-6938","34159","掛勾$351/胎內式$2762/皮帶調整","3,113","","","","","","","","","","","","","","","","","","","","",""
"2024/11/22","ENP-0393","57654","水行俠$2600/EXTRA$2600/PBF(F$1100/SPERFORMANCE$2000/AFAM$2850/6K$600/5H$850/C03$4500/滲透$450/","17,550","","","","","","","","","","","","","","","","","","","","",""
"2024/11/23","ERU-3962","3737","卡夢左開關$3300/卡夢右開關$3800/","7,100","4600","","","","","","","","","","","","","","","","","","","",""
"2024/11/23","ERH-1889","99215","CO3$4500/前叉保固","4,500","","","","","","","","","","","","","","","","","","","","",""
"2024/11/23","EQB-6293","46282","PAKELO$750/皮帶調整","750","","","","","","","","","","","","","","","","","","","","",""
"2024/11/25","EPF-0908","34424","前碟BPM$2800/FRANDO前來令$1100/BPM後來令$900/皮帶調整LM齒輪油$650/","5,450","","","","","","","","","","","","","","","","","","","","",""
"2024/11/25","EPF-0911","40168","SC(R$3400/PAKELO$750/","4,275","","","","","","","","","","","","","","","","","","","","",""
"2024/11/25","EPF-1076","8480","EPIC側柱$1850/襯墊$450/","2,300","","","","","","","","","","","","","","","","","","","","",""
"2024/11/26","EQB-7753","79126","FAR$4500/PBF(F$1400/PBF(R$1200/川歐$2800/SS維修包$2000/側腳架開關$3900/","16,274","","","","","","","","","","","","","","","","","","","","",""
"2024/11/27","EMY-2152","","UE2後視鏡$850/","850","","","","","","","","","","","","","","","","","","","","",""
"2024/11/27","EMQ-0962","45440","左右腳踏座$1290/","1,290","","","","","","","","","","","","","","","","","","","","",""
"2024/11/27","ERG-5599","1","J98+工具包$11490/牌框$1200/白鐵螺絲後扶手$2600/保護貼$600/選牌$4158/","20,048","","","","","","","","","","","","","","","","","","","","",""
"2024/11/28","MKH-1191","33577","空濾$450/機油齒輪油$500/皮帶$1400/火星塞$450/清節流閥$600/煞車油$1000/清噴油嘴$500/前組$1800/後組$2000/","8,700","","","","","","","","","","","","","","","","","","","","",""
"2024/11/28","EMQ-7919","56519","煞車油$600/派克隆$800/","1,400","","","","","","","","","","","","","","","","","","","","",""
"2024/11/29","MKW-7580","30605","惡搞飛旋$2100/","2,100","","","","","","","","","","","","","","","","","","","","",""
"2024/11/29","EQD-8877","10372","油門線$750/工資$100/","850","","","","","","","","","","","","","","","","","","","","",""
"2024/11/29","EME-9989","31923","SS2.0$8800/三角台$2400/轉向$2400/N23T扣$5000/APEXX拉桿$1980/油線$750/AFAM$2850/EXTRA$2500/FRANDO$1300/白鐵彈簧$150/","28,130","","","","","","","","","","","","","","","","","","","","",""
"2024/11/29","LBD-6977","355","$7990/大牌螺絲","7,990","","","","","","","","","","","","","","","","","","","","",""
"2024/11/29","EQS-3121","20857","同心圓$1043/掛勾$351/工資$200/","1,594","","","","","","","","","","","","","","","","","","","","",""
"2024/11/30","EQD-7722","139962","10皮帶調整內齒$7800/原煞車皮$500/","8,300","","","","","","","","","","","","","","","","","","","","",""
"2024/11/30","EMF-9977","13199","FRANDO$1300/EXTRA$2400/","3,700","","","","","","","","","","","","","","","","","","","","",""
"2024/11/30","ERU-2016","12626","EK黑金$3700/前齒$850/螺柱$1250/後擋泥$3500/","9,300","","","","","","","","","","","","","","","","","","","","",""
"2024/11/30","EMY-9653","54651","內齒$7200/EK黑金$3700/前齒$850/外蓋$1000/LM$500/","13,250","","","","","","","","","","","","","","","","","","","","",""
"2024/11/30","EMR-2696","30481","皮帶$2000/6K$600/","2,600","","","","","","","","","","","","","","","","","","","","",""
"2024/11/30","ERH-0929","13005","卡夢下巴$3200/前NCY260$5200/前FRANDO$1300/LMG商用穩$12800/3K$455/","24,103","","","","","","","","","","","","","","","","","","","","",""
"2024/12/2","EMX-2559","20040","齒輪油$500皮帶調整","500","","","","","","","","","","","","","","","","","","","","",""
"2024/12/2","EMG-7133","69841","皮帶調整 齒輪油$500 3k$455","955","","","","","","","","","","","","","","","","","","","","",""
"2024/12/2","EMZ-9217","9170","前CITY$2950 後EX $2600 油門線750","6300","","","","","","","","","","","","","","","","","","","","",""
"2024/12/2","EPP-9891","23018","鍊條$1000 6$%600 儀表$1500 PB $1450","4550","","","","","","","","","","","","","","","","","","","","",""
"2024/12/3","EPD-0911","16368","拉桿$2150 後P600$2100 前P800$2100 LMG皮帶組$9500 小圓鏡$2000 右飛炫491","18300","","","","","","","","","","","","","","","","","","","","",""
"2024/12/3","MPK-6223","16212","離合器片$2800 機油$500 zs1$2300 車殼$3600 後輪培林*3 $1400 4A電瓶$1100","11700","","","","","","","","","","","","","","","","","","","","",""
"2024/12/3","EPG-0213","76675","皮帶組$9500 糯米腸$500","10000","","","","","","","","","","","","","","","","","","","","",""
"2024/12/3","EMY-2623","67278","皮帶調整 前sc$3400","3400","","","","","","","","","","","","","","","","","","","","",""
"2024/12/4","EMY-9191","32715","AFAM$2850 EK黑金$3700 5H ","11600","","","","","","","","","","","","","","","","","","","","",""
"2024/12/4","EMU-6677","36288","皮帶組$11600 派克龍$800 拉耳$2900","16065","","","","","","","","","","","","","","","","","","","","",""
"2024/12/4","ERF-6929","43450","珠碗$2400 三角台$2400 KOSO前土除$1000 煞車油$700 二手前叉、卡鉗、碟盤$4000","10500","","","","","","","","","","","","","","","","","","","","",""
"2024/12/4","EMQ-1033","43196","皮帶調整","0","","","","","","","","","","","","","","","","","","","","",""
"2024/12/4","MCG-1797","62389","二手扶手$800","800","","","","","","","","","","","","","","","","","","","","",""
"2024/12/4","EMF-9977","13321","後EX$2400 工資$100 frando後來令$1300","3800","","","","","","","","","","","","","","","","","","","","",""
"2024/12/5","ENP-2816","40735","皮帶調整","0","","","","","","","","","","","","","","","","","","","","",""
"2024/12/5","ERU-1287","9906","BPM後碟$2100 BPM後來令$850 BPM前來令$900 橡皮$20 ","3986","","","","","","","","","","","","","","","","","","","","",""
"2024/12/6","EMG-7993","41644","皮帶$2000 後EX$2500","4500","","","","","","","","","","","","","","","","","","","","",""
"2024/12/6","EMG-6683","127036","皮帶組$9500 BPM後來令850 輪軸蓋$300 水箱精$200 中古框$1500 內套管$400 SKFˋ1200 fass+加油管$ 2080","16000","","","","","","","","","","","","","","","","","","","","",""
"2024/12/6","MND-0927","32315","BPM後來令$1500 機油$850","2350","","","","","","","","","","","","","","","","","","","","",""
"2024/12/6","EPD-3001","47481","9K$995 工資$1000","1995","","","","","","","","","","","","","","","","","","","","",""
"2024/12/7","EQB-2586","17653","前波沛$2100 後水行俠$2400","4500","","","","","","","","","","","","","","","","","","","","",""
"2024/12/7","MKW-7580","30697","後EX$2600 皮帶調整","2600","","","","","","","","","","","","","","","","","","","","",""
"2024/12/9","EPZ-8877","72656","DID$2900","2900","","","","","","","","","","","","","","","","","","","","",""
"2024/12/9","NFN-0926","7234","機油$850 仕輪後組$3500","4350","","","","","","","","","","","","","","","","","","","","",""
"2024/12/9","NXE-8292","3152","機油$850  ","850","","","","","","","","","","","","","","","","","","","","",""
"2024/12/11","ERF-2290","10800","握把套$1080 端子鏡$2400 M10*35*2$800","4280","","","","","","","","","","","","","","","","","","","","",""
"2024/12/11","ERF-6929","44036","代工$1500 卸油螺絲$450 運費$150","2100","","","","","","","","","","","","","","","","","","","","",""
"2024/12/12","MPB-3733","54387","DID$2900 AFAM$2850 C扣$150 齒盤墊片$500 後輪培林+內套管$1250","7650","","","","","","","","","","","","","","","","","","","","",""
"2024/12/12","EQC-7952","13223","水行俠後$2000 TT93$ 2000 皮帶$1900 前叉$3800 碟盤$1000 frando前後來令$2600 6k$455","13755","","","","","","","","","","","","","","","","","","","","",""
"2024/12/12","EQD-0872","23679","AFAM後齒盤$2200 內套管$400 5h$850 螺柱$850","4300","","","","","","","","","","","","","","","","","","","","",""
"2024/12/13","EQD-3873","90572","黑隼$1980","1980","","","","","","","","","","","","","","","","","","","","",""
"2024/12/13","EPR-5313","4797","RCS左右+水族箱油杯$29200 GPRO前後輪框$43000 黑底紅大螃蟹$6800 金屬油管$9500 M50黑底紅$12800 後視鏡座$1800 後卡座前套管贈 鈦螺絲$11500 赤鬼$2600 卡夢拉桿$4000","120000","","","","","","","","","","","","","","","","","","","","",""
"2024/12/14","EMZ-9353","12955","皮帶組$9500 握把套$450 加油管贈 PBF來令$1100 ","11050","","","","","","","","","","","","","","","","","","","","",""
"2024/12/14","MNG-6633","39825","皮帶調整 c03$4500 6K$600 油門線$750 右開關總成$1700","7550","","","","","","","","","","","","","","","","","","","","",""
"2024/12/14","EPF-3133","44012","DID$3000 AFAM前齒$950 frando後來令$1300 GO鍵$800","6050","","","","","","","","","","","","","","","","","","","","",""
"2024/12/16","EQB-2988","23036","水行俠前後4750","4750","","","","","","","","","","","","","","","","","","","","",""
"2024/12/16","EPF-0911","40463","X2保養$5800 內齒培林$4500 DCBOX$3800 3K$455 ","14971","","","","","","","","","","","","","","","","","","","","",""
"2024/12/16","EMW-3068","41639","frando前來令$1300 水行俠後輪$2500","3800","","","","","","","","","","","","","","","","","","","","",""
"2024/12/18","EQD-0572","51010","車台$28000 側腳架開關$1700 EX後輪$2500 C03後避震$4500","36500","","","","","","","","","","","","","","","","","","","","",""
"2024/12/18","ERU-9953","32","黑隼無線充$4500 鍍鈦大牌螺絲+墊片$400 後鏡增高螺絲$300","5200","","","","","","","","","","","","","","","","","","","","",""
"2024/12/20","EMK-8612","41280","皮帶調整","","","","","","","","","","","","","","","","","","","","","",""
"2024/12/20","ERE-6666","39843","派克龍$800","800","","","","","","","","","","","","","","","","","","","","",""
"2024/12/21","ERH-0929","13193","MTRT$3500 apexx前置物箱800","4515","","","","","","","","","","","","","","","","","","","","",""
"2024/12/21","ERF-2193","22489","皮帶調整  齒輪油500","500","","","","","","","","","","","","","","","","","","","","",""
"2024/12/23","NRN-7130","20004","機油$850","850","","","","","","","","","","","","","","","","","","","","",""
"2024/12/24","ENE-1636","37054","TT93$2400/BPM$850/靠枕$1250/","4,725","","","","","","","","","","","","","","","","","","","","",""
"2024/12/24","EQB-7753","81521","齒輪油$400/","400","","","","","","","","","","","","","","","","","","","","",""
"2024/12/24","EMY-9783","30791","AFAM$2850/3K$600/S800$1850/","5,300","","","","","","","","","","","","","","","","","","","","",""
"2024/12/25","EMH-7208","50345","6K$600/P800(F$2100/BPM(R$850/BPM226$2500/卡座$2000/","8,050","","","","","","","","","","","","","","","","","","","","",""
"2024/12/25","EQB-0855","36869","前ZR1$2600/前陪林$950/","3,550","","","","","","","","","","","","","","","","","","","","",""
"2024/12/25","ENQ-6820","15329","MTRT$3500/","3,500","","","","","","","","","","","","","","","","","","","","",""
"2024/12/26","EMG-7133","72103","代工$2500/","2,500","","","","","","","","","","","","","","","","","","","","",""
"2024/12/26","PAY-9755","0","五匹(贈$/","0","","","","","","","","","","","","","","","","","","","","",""
"2024/12/26","EPZ-1087","34188","CMSR(F$2750/PBF(F$1100/PBF(R$1200/SP碟盤$2400/皮帶調整$/6K+PB$2050/","9,500","","","","","","","","","","","","","","","","","","","","",""
"2024/12/26","EMK-8612","41358","後EV$2300/後來令BPM$850/","3,150","","","","","","","","","","","","","","","","","","","","",""
"2024/12/28","ERU-2016","13591","卡孟風鏡$1800/支架$700/","2,500","","","","","","","","","","","","","","","","","","","","",""
"2024/12/28","EME-6827","61234","代工$400/","400","","","","","","","","","","","","","","","","","","","","",""
"2024/12/28","EQD-8877","10590","FRANDO前碟$4500/FAR226$2500/黑底紅對四$7500/黑底紅對二$6800/卡座$1200/卡座$2500/煞車油$1000/Anchor(R$1000/鍍鈦螺絲$1600/對四+螃蟹$2200/8X2X2+8X15X2$460/洩油迴油$1000/","32,260","","","","","","","","","","","","","","","","","","","","",""
"2024/12/30","EPZ-9706","40019","3K$455/BPM後碟$2100/PBF後來令$1200/","3,755","","","","","","","","","","","","","","","","","","","","",""
"2024/12/30","MKH-1191","34133","大燈總成$1800/H殼$2150/","3,950","1700","","","","","","","","","","","","","","","","","","","",""
"2024/12/31","MQA-0018","27370","LMG$9500/C03$4500/CITY(R$2850/","16,850","","","","","","","","","","","","","","","","","","","","",""
"2024/12/31","EPD-0911","16538","黑準$1980/","1,980","","","","","","","","","","","","","","","","","","","","",""
"2025/1/1","EQB-7599","79699","SS彈簧白鐵$200/PBF後碟$2900/PBF®$1200/白鐵輪心$400/EXTRA$2450/","7,150","","","","","","","","","","","","","","","","","","","","",""
"2025/1/1","EMQ-9093","77130","前碟前煞車皮$1500/前後齒$2850/無油封鍊$1800/","6,150","","","","","","","","","","","","","","","","","","","","",""
"2025/1/1","EMR-6352","118255","主腳架+白鐵彈簧$1400/齒輪油$300/","1,700","","","","","","","","","","","","","","","","","","","","",""
"2025/1/2","MNZ-8585","17504","水行俠(F)®$5050/煞車開關$680/","5,730","","","","","","","","","","","","","","","","","","","","",""
"2025/1/2","MKX-3780","17501","側腳架開關$750/油線$750/前置物$690/BPM(F)$1200/BPM前碟$2800/轉向軸承$2000/前叉油+設定彈簧$2000/牌框$1000/","11,190","","","","","","","","","","","","","","","","","","","","",""
"2025/1/3","NFL-7197","20419","EPIC中柱芯$2000/","2,000","","","","","","","","","","","","","","","","","","","","",""
"2025/1/4","ERG-1097","5115","橢圓鏡$2000/","2,000","","","","","","","","","","","","","","","","","","","","",""
"2025/1/4","EMQ-9093","77189","煞車開關$680/油門線$750/","1,430","","","","","","","","","","","","","","","","","","","","",""
"2025/1/6","MHQ-6100","66473","轉向把手$1650/橢圓鏡$2000/APEXX拉桿$2380/黑隼$1890/車體前護蓋$1350/下擾流$2500/左前方向燈$650/上內$2900/下內$800/左側下$1350/左側車體$1500/左盲燈$350/腳踏板$1600/前SC$3400/C03$4500/中間護蓋$700/","30,520","","","","","","","","","","","","","","","","","","","","",""
"2025/1/6","ENP-1225","18154","左開關總成+喇叭$2200/","2,200","","","","","","","","","","","","","","","","","","","","",""
"2025/1/6","EMV-6595","43004","絞鍊$850/","850","","","","","","","","","","","","","","","","","","","","",""
"2025/1/7","ERU-6677","37358","皮帶調整$/水行俠$2500/","2,500","","","","","","","","","","","","","","","","","","","","",""
"2025/1/7","EPZ-9706","40145","$7990/油線$750/","8,740","","","","","","","","","","","","","","","","","","","","",""
"2025/1/7","ERU-5782","15709","右飛旋$650/","650","","","","","","","","","","","","","","","","","","","","",""
"2025/1/8","MPN-5696","35729","18K$1700/皮帶$2000/側腳架開關$500/","4,200","","","","","","","","","","","","","","","","","","","","",""
"2025/1/8","EQB-7599","79796","MTRT椅$3500/內齒$7200/齒輪油$500/拉耳$6200/油封$1050/","18,450","","","","","","","","","","","","","","","","","","","","",""
"2025/1/8","EPG-0119","38970","皮帶$2000/","2,000","","","","","","","","","","","","","","","","","","","","",""
"2025/1/9","ERU-3962","4437","前FRANDO$1300/","1,300","","","","","","","","","","","","","","","","","","","","",""
"2025/1/9","NTF-7799","11004","FM6X15X2$500/","500","","","","","","","","","","","","","","","","","","","","",""
"2025/1/10","EQD-8877","10761","FASS鍊條蓋$1380/6X10$120/6X35$150/","1,650","","","","","","","","","","","","","","","","","","","","",""
"2025/1/10","EMG-7133","73320","皮帶調整$/後波佩$2100/6K$500/","2,600","","","","","","","","","","","","","","","","","","","","",""
"2025/1/10","EPL-5959","29981","USB$1800/APEXX拉桿$2380/P800$2100/EXTRA$2500/","8,780","","","","","","","","","","","","","","","","","","","","",""
"2025/1/10","EPF-5737","54068","PBF後來另$1200/","1,200","","","","","","","","","","","","","","","","","","","","",""
"2025/1/11","EPN-1109","10277","MTRT椅墊$3000/","3,000","","","","","","","","","","","","","","","","","","","","",""
"2025/1/11","EQD-6027","13060","前波佩$2000/後S800$1850/後來令$600/","4,450","","","","","","","","","","","","","","","","","","","","",""
"2025/1/11","MUZ-1677","43582","五匹$1200/","1,200","","","","","","","","","","","","","","","","","","","","",""
"2025/1/13","ENP-1817","50796","ANCHOR(F)®$2250/BPM前碟$4500/","6,750","","","","","","","","","","","","","","","","","","","","",""
"2025/1/13","EME-8889","52073","代工$600/","600","","","","","","","","","","","","","","","","","","","","",""
"2025/1/13","EQD-8312","1877","Z1內管$7500/火箭2.0$4500/FASS搖臂$14800/鍊條座$1280/上蓋$550/ZOO前輪芯$700/後輪芯$1000/滾針$2880/螺母$200/鈦螺絲$160/","33,570","","","","","","","","","","","","","","","","","","","","",""
"2025/1/14","EMG-6191","91581","皮帶調整$/","0","","","","","","","","","","","","","","","","","","","","",""
"2025/1/14","MHQ-6100","66646","代工$2500/","2,500","","","","","","","","","","","","","","","","","","","","",""
"2025/1/14","AHB-038","11093","啟動馬達$1800/啟動盤+大齒+裴琳$3100/二手胎$900/","5,800","","","","","","","","","","","","","","","","","","","","",""
"2025/1/15","ENP-3301","32437","外掛式土除$3500/上移$4800/後擋泥板$850/","9,150","","","","","","","","","","","","","","","","","","","","",""
"2025/1/15","EMG-7033","25234","長久前碟$3800/BPM前來令$900/","4,700","","","","","","","","","","","","","","","","","","","","",""
"2025/1/17","EQD-8877","10810","GJMS前$14500/前後輪芯$2300/M8X15$300/M16X25$400/","17,500","","","","","","","","","","","","","","","","","","","","",""
"2025/1/17","EPG-0213","78462","牌照燈$950/皮帶調整$/","950","","","","","","","","","","","","","","","","","","","","",""
"2025/1/17","ERU-8917","1016","儀表飾桿$1180/","1,180","","","","","","","","","","","","","","","","","","","","",""
"2025/1/18","EQB-8263","53961","黑隼$1380/","1,380","","","","","","","","","","","","","","","","","","","","",""
"2025/1/18","MPP-1230","53142","P800$2100/黑準$1380/","3,480","","","","","","","","","","","","","","","","","","","","",""
"2025/1/20","EQC-8000","22941","18K 皮帶$3900/PBF後來令$1100/BPM後碟$2100/黑隼$1380/","8,480","","","","","","","","","","","","","","","","","","","","",""
"2025/1/20","EMY-9301","19182","皮帶調整$/","0","","","","","","","","","","","","","","","","","","","","",""
"2025/1/20","EQB-7753","83717","SPORT後輪$2200/","2,266","","","","","","","","","","","","","","","","","","","","",""
"2025/1/21","EWQ-2168","1906","牌框$1200/白鐵螺絲$/","1,200","","","","","","","","","","","","","","","","","","","","",""
"2025/1/21","EMY-3531","10673","鏡桿$850/","850","","","","","","","","","","","","","","","","","","","","",""
"2025/1/23","ERF-2193","22949","擋泥板組$2100/","2,100","","","","","","","","","","","","","","","","","","","","",""
"2025/1/23","EMQ-1033","43777","皮帶調整$/","0","","","","","","","","","","","","","","","","","","","","",""
"2025/1/23","EQC-9990","47793","LMG皮帶組$16600/馬達$25000/水箱$980/MCU$16000/BPM後碟$2300/後水行俠$2500/拉耳下座$2200/","65,580","","","","","","","","","","","","","","","","","","","","",""
"2025/1/23","EQB-7399","16126","P800$4200/惡搞飛旋$2200/BPM®$850/BPM後碟$2100/","9,350","","","","","","","","","","","","","","","","","","","","",""
"2025/1/24","MNP-0927","33035","前後水行俠$5300/","5,300","","","","","","","","","","","","","","","","","","","","",""
"2025/1/24","EQB-6293","48319","皮帶調整$/BPM2600MM$3500/BPM後碟$2300/FRANDO前來令$1300/FRANDO後來令$1300/","8,400","","","","","","","","","","","","","","","","","","","","",""
"2025/1/24","EPZ-9706","40660","BREMBO SY$13800/BPM260MM$3300/FRANDO前來令$1300/煞車油$500/","18,900","","","","","","","","","","","","","","","","","","","","",""
"2025/1/24","NFL-7197","20799","保養$2500/空濾$450/火星塞$450/機油$450/齒輪油送$/皮帶$1200/前來令$450/後來令$1000/普利珠$600/清積碳$/","7,100","","","","","","","","","","","","","","","","","","","","",""
"2025/1/25","ERU-8301","1358","$/集雅h2p27800","","","","","","","","","","","","","","","","","","","","","",""
"2025/1/25","ERU-7883","6348","拉桿$2150/FASS握把套$1680/短圓鏡$2000/","5,830","","","","","","","","","","","","","","","","","","","","",""
"2025/1/25","EMY-2970","33907","C03$4500/SC(F)$3000/","7,500","","","","","","","","","","","","","","","","","","","","",""
"2025/1/27","EWB-8102","30583","8X55$1500/FM羅母$2800/墊片$60/","4,360","","","","","","","","","","","","","","","","","","","","",""
"2025/1/27","EQB-6133","46141","DID$2900/AFAM$2850/EXTRA®$2500/BPM®$850/","9,100","","","","","","","","","","","","","","","","","","","","",""
"2025/1/27","NKH-1191","34640","機油$500/","500","","","","","","","","","","","","","","","","","","","","",""
"2025/1/27","509-KHC","56221","XT2®$2600/齒輪油$300/","2,900","","","","","","","","","","","","","","","","","","","","",""
"2025/1/27","ERU-8301","1384","CMSR$2850/鈦6X20$250/","3,100","","","","","","","","","","","","","","","","","","","","",""
"2025/1/27","EPZ-5262","32253","CITY®$2850/","2,850","","","","","","","","","","","","","","","","","","","","",""
"2025/2/3","EQD-7722","144856","MTR$3500/齒輪油$300/","3,800","","","","","","","","","","","","","","","","","","","","",""
"2025/2/3","EQD-0872","24918","橢圓鏡$2000/極簡拉桿$900/原廠來令$490/糯米腸+內管$1050/","4,440","","","","","","","","","","","","","","","","","","","","",""
"2025/2/4","EQB-6133","46473","BPM(F)$900/BPM前碟$3500/","4,400","","","","","","","","","","","","","","","","","","","","",""
"2025/2/5","EQC-6672","34462","皮帶$2000/齒輪油$500/油門線$680/上內扣$1650/","4,830","","","","","","","","","","","","","","","","","","","","",""
"2025/2/5","EPE-0095","20465","中古鏈條+齒盤$3500/","3,500","","","","","","","","","","","","","","","","","","","","",""
"2025/2/5","ENN-2738","21866","LMG$9500/齒輪油$500/","10,000","","","","","","","","","","","","","","","","","","","","",""
"2025/2/5","EPF-0911","41850","BPM(F)$1300/PAKELO$850/","2,215","","","","","","","","","","","","","","","","","","","","",""
"2025/2/6","ERV-0607","1","五匹牌框$1200/","1,200","","","","","","","","","","","","","","","","","","","","",""
"2025/2/6","EMY-1575","47729","前BPM245mm$2300/三角台$2400/珠碗$2400/二手前叉贈魚目$1000/二手後碟+後卡$1000/總泵+代工$3600/前後卡代工+清潔$2500/","15,200","","","","","","","","","","","","","","","","","","","","",""
"2025/2/6","ERH-6602","7094","S98EV(F$1700/9K$915/","2,615","","","","","","","","","","","","","","","","","","","","",""
"2025/2/7","EQH-1216","31997","前SC$3000/後水行$2500/後碟$2100/BPM後來令$850/AFAM$2850/5H$850/DID$2900/BPM前來令$950/原$5545/","22,622","","","","","","","","","","","","","","","","","","","","",""
"2025/2/8","EPD-5177","68275","P800(F+補胎$2700/中古後框$2000/","4,700","","","","","","","","","","","","","","","","","","","","",""
"2025/2/8","EPN-9579","","$7990/","7,990","","","","","","","","","","","","","","","","","","","","",""
"2025/2/8","EMQ-1572","48967","LMG$11600/水行俠$2500/拉耳$3200/珠碗$2500/二手三角台$3000/","22,800","","","","","","","","","","","","","","","","","","","","",""
"2025/2/8","EMQ-7919","60312","FRANDO$3100/BPM®$1800/PAKELO$850/","5,750","","","","","","","","","","","","","","","","","","","","",""
"2025/2/8","EMQ-2821","51359","LMG$9500/拉耳$3200/","12,700","","","","","","","","","","","","","","","","","","","","",""
"2025/2/8","EQD-0872","25019","POSI牛角$2680/","2,680","","","","","","","","","","","","","","","","","","","","",""
"2025/2/8","EMH-7208","50911","C03$4500/珠碗$2500/","7,000","","","","","","","","","","","","","","","","","","","","",""
"2025/2/8","MKF-1967","26500","PB$1850/","1,850","","","","","","","","","","","","","","","","","","","","",""
"2025/2/11","EMQ-3570","15305","P800$1800/左飛旋$680/","2,604","","","","","","","","","","","","","","","","","","","","",""
"2025/2/12","509-KHC","56404","引擎襯套$4500/珠碗$3000/","7,500","","","","","","","","","","","","","","","","","","","","",""
"2025/2/12","EPR-2222","39867","中柱$2480/LMG$10400/120/70-12 TT93$2600/派克龍$850/","16,330","","","","","","","","","","","","","","","","","","","","",""
"2025/2/13","隔壁老闆","","油線代工$800/","800","","","","","","","","","","","","","","","","","","","","",""
"2025/2/13","MND-0927","33490","機油+齒輪油$900/空濾$850/","1,750","","","","","","","","","","","","","","","","","","","","",""
"2025/2/13","EQT-2528","68675","油門線$800/","800","","","","","","","","","","","","","","","","","","","","",""
"2025/2/13","EMY-3086","58347","皮帶$3100/BPM(R$1800/GO35維修$11200/3K$455/","16,555","","","","","","","","","","","","","","","","","","","","",""
"2025/2/13","EMQ-0891","44561","BPM後碟$2100/FRANDO後來令$1300/齒輪油$500/","3,900","","","","","","","","","","","","","","","","","","","","",""
"2025/2/13","EQD-2857","16545","BPM後碟$2100/BPM後來令$850/","2,950","","","","","","","","","","","","","","","","","","","","",""
"2025/2/13","EQC-8976","116634","齒輪油$500/前BPM$900/中古中柱$1000/","2,400","","","","","","","","","","","","","","","","","","","","",""
"2025/2/15","MJT-8888","24183","6162特$1800/川歐碟$2800/PBF(F$1100/PBF(R$1200/短圓鏡$2000/鈦$280/支架$600/9K$1210/","10,990","","","953997737","","","","","","","","","","","","","","","","","",""
"2025/2/15","EMQ-5880","53316","上移$4800/","4,800","","","","","","","","","","","","","","","","","","","","",""
"2025/2/17","EME-8587","28931","超速拉桿$2400/krace$3100/牌框$1200/","6,700","","","","","","","","","","","","","","","","","","","","",""
"2025/2/17","ENP-2079","8182","皮帶組$9500/拉耳$3200/BPM後$850/","13,550","","","","","","","","","","","","","","","","","","","","",""
"2025/2/17","EQB-7753","85622","齒輪油$500/","500","","","","","","","","","","","","","","","","","","","","",""
"2025/2/18","PAZ-3361","33501","含氧$800/","800","","","","","","","","","","","","","","","","","","","","",""
"2025/2/18","EMQ-0928","48586","BPM前碟$2800/BPM前來令$950/$6990/火箭前叉$8800/轉向$2400/橢圓鏡$2000/","23,940","","","","","","","","","","","","","","","","","","","","",""
"2025/2/19","EMG-7002","27580","工資$2500/GPRO$1350/原$47339/","51,189","","","","","","","","","","","","","","","","","","","","",""
"2025/2/20","EQB-7826","17619","FRANDO後碟$3100/FRANDO(R$1300/","4,400","","","","","","","","","","","","","","","","","","","","",""
"2025/2/22","EMG-5993","29915","SC前$3000/皮帶","3,000","","","","","","","","","","","","","","","","","","","","",""
"2025/2/22","EMG-1973","","FRANDO黑底紅$4000/卡座$1200/BPM碟盤$4500/煞車油$500/","10,200","","","","","","","","","","","","","","","","","","","","",""
"2025/2/22","MJV-9298","20500","前叉油$1600/","1,600","","","","","","","","","","","","","","","","","","","","",""
"2025/2/24","ERV-0715","29079","$1800/TT93$2450/BPM後碟$2100/PBF(R$1200/","7,550","","","","","","","","","","","","","","","","","","","","",""
"2025/2/24","EMQ-2689","30126","SS 2.0$4500/","4,500","","","","","","","","","","","","","","","","","","","","",""
"2025/2/24","EQB-8217","73027","DID$2900/AFAM前T$850/內齒組$19000/MTRT椅墊拉耳齒輪油/CITY(F$2600/煞車開關$650/","26,000","","","","","","","","","","","","","","","","","","","","",""
"2025/2/24","EMQ-1605","34294","LMG$9500/拉耳$3200/BPM後碟$2100/BPM(R$850/","15,650","","","","","","","","","","","","","","","","","","","","",""
"2025/2/25","EMY-2587","29373","皮帶調整","0","","","","","","","","","","","","","","","","","","","","",""
"2025/2/26","ENW-0888","18685","BPM$2100/PBF(R$1200/","3,300","","","","","","","","","","","","","","","","","","","","",""
"2025/2/26","ERF-6788","15362","MTRT$3500/","3,500","","","","","","","","","","","","","","","","","","","","",""
"2025/2/26","EPZ-0360","33455","皮帶調整","0","","","","","","","","","","","","","","","","","","","","",""
"2025/2/26","NTM-6652","6333","機油$450/齒輪油$50/130後水行$2800/","3,300","","","","","","","","","","","","","","","","","","","","",""
"2025/2/27","EWW-3659","1","POSI後架$2380/","2,380","","","","","","","","","","","","","","","","","","","","",""
"2025/2/27","EQB-6293","49389","SS2.0$10500/水行俠前後$5050/後避$5000/LMG$9500/","30,050","","","","","","","","","","","","","","","","","","","","",""
"2025/2/27","MHQ-9190","60141","EXTRA$2400/皮帶調整","2,400","","","","","","","","","","","","","","","","","","","","",""
"2025/2/27","EMQ-2017","154017","電子油門$2000/繼電器$1800/開關外蓋$600/油門線$850/NCY加油管$1000/","6,250","","","","","","","","","","","","","","","","","","","","",""
"2025/2/28","ERH-9750","4262","M50$12800/BPM前碟$4500/卡座$2500/黑底紅$6800/BPM後碟$2300/煞車油$1000/油管$10500/套管$200/鈦螺絲$3900/白鐵$700/","45,200","","","","","","","","","","","","","","","","","","","","",""
"2025/2/28","ENP-3925","15434","LMG$9500/","9,500","","","","","","","","","","","","","","","","","","","","",""
"2025/2/28","ERU-8301","2047","PAKELO$850/","850","","","","","","","","","","","","","","","","","","","","",""
"2025/3/1","EMR-6191","32591","水行俠$2500/","2,500","","","","","","","","","","","","","","","","","","","","",""
"2025/3/1","EMQ-0380","59385","水行俠$2600/AFAM前後$2850/EK黑金$3700/糯米腸$550/","9,700","","","","","","","","","","","","","","","","","","","","",""
"2025/3/1","EQC-8186","32154","X2$25800/惡搞飛旋$2400/","28,200","","","","","","","","","","","","","","","","","","","","",""
"2025/3/3","MJT-8888","24236","S1踏墊$2492/側柱橡皮$1550/TT93$2500/杯架$1200/鈦螺絲$2050/側柱維修$2850/","12,642","","4742","","","","","","","","","","","","","","","","","","",""
"2025/3/3","ENQ-3669","68073","水行俠$2500/","2,500","","","","","","","","","","","","","","","","","","","","",""
"2025/3/3","EQC-9990","48793","皮帶調整","0","","","","","","","","","","","","","","","","","","","","",""
"2025/3/3","EMY-1983","26021","BPM260mm$3600/BPM前來令$900/","4,500","","","","","","","","","","","","","","","","","","","","",""
"2025/3/3","EPZ-5090","30413","前波佩$2000/齒輪油$500/","2,500","","","","","","","","","","","","","","","","","","","","",""
"2025/3/4","ERU-2016","15491","LM齒輪油$650/","650","","","","","","","","","","","","","","","","","","","","",""
"2025/3/4","EQB-9618","3437","代工$1800/","1,800","","","","","","","","","","","","","","","","","","","","",""
"2025/3/5","EMQ-0709","76451","螺柱$1200/5H$850/DID$2900/AFAM$2850/","7,800","","","","","","","","","","","","","","","","","","","","",""
"2025/3/5","MQA-0018","28425","皮帶調整","0","","","","","","","","","","","","","","","","","","","","",""
"2025/3/5","EPX-2762","1066","齒輪油$500/洗鍊$450/手機架$1480/","2,430","","","","","","","","","","","","","","","","","","","","",""
"2025/3/5","EWB-1525","1725","氣嘴$600/載車$800/","1,400","","25","","","","","","","","","","","","","","","","","","",""
"2025/3/5","ERE-6666","40646","螺絲$2000/","2,000","","","","","","","","","","","","","","","","","","","","",""
"2025/3/6","EWB-8102","31464","後水行$2300/地線$500/","2,800","","","","","","","","","","","","","","","","","","","","",""
"2025/3/6","EMY-1882","18348","螺柱$1200/5H$850/AFAM$2850/BPM(F$900/","5,800","","","","","","","","","","","","","","","","","","","","",""
"2025/3/7","MND-0927","33897","內管組$8000/","8,000","","","","","","","","","","","","","","","","","","","","",""
"2025/3/8","MND-0516","72279","補胎$250/","250","","","","","","","","","","","","","","","","","","","","",""
"2025/3/8","EMR-1908","11258","MTRT$3500/","3,500","","","","","","","","","","","","","","","","","","","","",""
"2025/3/8","EPF-0911","42465","前叉保養$12500/","12,875","","","","","","","","","","","","","","","","","","","","",""
"2025/3/8","EMQ-5880","54236","尾$11400/前來令$580/","11,980","","360","","","","","","","","","","","","","","","","","","",""
"2025/3/10","EMY-1370","60539","皮帶調整SC(R$3400/前碟$1000/PBF(F$1100/氣嘴$250/","5,750","","","","","","","","","","","","","","","","","","","","",""
"2025/3/10","EMG-7133","76340","皮帶調整","0","","","","","","","","","","","","","","","","","","","","",""
"2025/3/10","ERF-2972","34489","後CITY$2850/","2,850","","","","","","","","","","","","","","","","","","","","",""
"2025/3/10","ERU-8052","3608","五匹$1200/","1,200","","","","","","","","","","","","","","","","","","","","",""
"2025/3/11","ENP-8305","45581","MTRT椅墊$3500/DID$2900/AFAM$2850/5H$850/齒輪油$500/絞鍊$750/黑準$1380/","12,730","","617","","","","","","","","","","","","","","","","","","",""
"2025/3/11","EPV-0520","15384","前後TT93$4100/BPM後來令$850/","4,950","","","","","","","","","","","","","","","","","","","","",""
"2025/3/11","EQK-3869","4358","DID$2900/齒輪油$300/","3,200","","","","","","","","","","","","","","","","","","","","",""
"2025/3/11","PCY-6205","1","牌框$600/","600","","","","","","","","","","","","","","","","","","","","",""
"2025/3/11","MJQ-1680","26102","三件組工資$2500/$2000/水行俠$2450/","6,950","","","","","","","","","","","","","","","","","","","","",""
"2025/3/11","EMJ-8865","62415","齒輪油$500/檢查$800/","1,300","","","","","","","","","","","","","","","","","","","","",""
"2025/3/12","EPF-0135","28400","PAKELO$850/BPM前碟$3300/FRANDO(F$1300/水行俠$2500/","7,950","","","","","","","","","","","","","","","","","","","","",""
"2025/3/12","ERF-6788","15476","握把套$1060/代工$100/","1,160","","","","","","","","","","","","","","","","","","","","",""
"2025/3/12","MHX-0566","23152","M6237$1700/齒輪油$400/","2,100","","1700","","","","","","","","","","","","","","","","","","",""
"2025/3/12","MNG-6633","40464","9K$930/NCY$4900/BPM前來$1300/","7,130","","930","","","","","","","","","","","","","","","","","","",""
"2025/3/12","EMQ-5880","54419","左右煞車開關$1360/遮光罩$250/","1,610","","","","","","","","","","","","","","","","","","","","",""
"2025/3/13","EMH-9775","15235","五匹$1200/","1,200","","","","","","","","","","","","","","","","","","","","",""
"2025/3/13","EMY-1821","55569","皮帶調整後波沛樂$2100/後碟$1000/BPM後來令$850/","3,950","","","","","","","","","","","","","","","","","","","","",""
"2025/3/14","ERH-9750","4512","MTRT$3800/","3,800","","","","","","","","","","","","","","","","","","","","",""
"2025/3/14","ERF-1076","19214","POSH端子塞$450/握把套$1280/橢圓鏡$2000/黑隼$1380/","5,110","","","","","","","","","","","","","","","","","","","","",""
"2025/3/14","EQD-6767","8806","18K$1800/BPM後碟$2100/BPM後來令$900/","4,800","","1800","","","","","","","","","","","","","","","","","","",""
"2025/3/14","EMY-0061","42487","18K$1885/皮帶調整","1,885","","1885","","","","","","","","","","","","","","","","","","",""
"2025/3/15","EQB-6133","47851","鍊條保養$450/","450","","","","","","","","","","","","","","","","","","","","",""
"2025/3/15","ERV-0578","1306","糯米腸+加油管$950/","950","","","","","","","","","","","","","","","","","","","","",""
"2025/3/15","ERF-1076","19351","黑隼$1380/","1,380","","","","","","","","","","","","","","","","","","","","",""
"2025/3/16","EMJ-8865","62516","拉耳$2000/馬達尾$18000/","20,000","","15000","","","","","","","","","","","","","","","","","","",""
"2025/3/17","EPZ-9706","43224","18K$1540/LM齒輪油$500/","2,040","","1540","","","","","","","","","","","","","","","","","","",""
"2025/3/17","MJQ-1680","26273","CC後靠$4800/","4,800","3200","","","","","","","","","","","","","","","","","","","",""
"2025/3/17","EQB-7753","87834","齒輪油$500/FAR前碟$4500/PBF前來令$1400/","6,592","","","","","","","","","","","","","","","","","","","","",""
"2025/3/17","ERF-6788","16036","左右煞車開關$1360/左開關總成$2300/","3,660","","1700","","","","","","","","","","","","","","","","","","",""
"2025/3/17","ERF-2017","47005","前SC$3200/前BPM$900/","4,100","","","","","","","","","","","","","","","","","","","","",""
"2025/3/19","ERU-8301","2920","FAR SF$2600/","2,600","","","","","","","","","","","","","","","","","","","","",""
"2025/3/19","EMV-6595","44277","SC後$3200/拉桿$2150/後PBF來令$1200/行車紀錄器$7990/珠碗$2400/油門線$680/","17,620","","660","","","","","","","","","","","","","","","","","","",""
"2025/3/19","EMQ-2821","52607","CNC后土除$3500/","3,500","","","","","","","","","","","","","","","","","","","","",""
"2025/3/19","MKW-5838","9805","皮帶調整","0","","","","","","","","","","","","","","","","","","","","",""
"2025/3/20","MKF-6668","14393","代工$2000/","2,000","","","","","","","","","","","","","","","","","","","","",""
"2025/3/20","ERU-9598","558","黑隼$1380/","1,380","","","","","","","","","","","","","","","","","","","","",""
"2025/3/21","EMG-6357","65168","三角台$2400/珠碗$2400/糯米腸+加油管$950/前來令$480/","6,230","","2300","","","","","","","","","","","","","","","","","","",""
"2025/3/21","ERF-9821","78655","油門線$850/BPM後來令$850/後碟$550/","2,250","","160","","","","","","","","","","","","","","","","","","",""
"2025/3/21","EQB-0121","42657","AFAM$2850/5H$850/","3,700","","","","","","","","","","","","","","","","","","","","",""
"2025/3/24","EPS-5508","117990","皮帶$3100/","3,100","","","","","","","","","","","","","","","","","","","","",""
"2025/3/24","ENP-8692","9475","水行俠(F$2500/水行俠(R$2450/鍊條清潔$450/齒輪油$350/","5,750","","","","","","","","","","","","","","","","","","","","",""
"2025/3/24","EMX-2002","7545","5H$850/AFMA前T$850/","1,700","","","","","","","","","","","","","","","","","","","","",""
"2025/3/24","EQC-5358","30956","前TT93$2000/","2,000","","","","","","","","","","","","","","","","","","","","",""
"2025/3/24","EQB-8877","11510","滾針搖臂$2880/5X30$400/SII後避震$16200/FASS調整螺絲$1600/PAKELO$850/","21,930","","","","","","","","","","","","","","","","","","","","",""
"2025/3/24","PBY-777","157","代工$600/","600","","","","","","","","","","","","","","","","","","","","",""
"2025/3/25","MHQ-6100","67868","AFAM$2850/5H$850/LMG螺柱$1250/","4,950","","","","","","","","","","","","","","","","","","","","",""
"2025/3/25","EPQ-0555","24381","保養$535/  訂後靠","535","","535","","","","","","","","","","","","","","","","","","",""
"2025/3/25","EQD-0572","54872","齒輪油$350/","350","","","","","","","","","","","","","","","","","","","","",""
"2025/3/25","EPS-9979","24497","18K$1740/中古FASS椅$3000/6162$1800/TT93$2400/川歐$2900/PBF(R$1200/","13,040","","1740","","","","","","","","","","","","","","","","","","",""
"2025/3/25","MKF-6668","14434","前6162$1800/","1,800","","","","","","","","","","","","","","","","","","","","",""
"2025/3/25","EQC-1036","12700","前SB+ABS座$10300/保養$600/前AFAM$850/EK$2900/","14,650","","600","","","","","","","","","","","","","","","","","","",""
"2025/3/26","ERU-8301","3249","LMG速$17200/CMSR(F$2750/CMSR(R$2850/ZOO後套管$950/B8X30$1800/卡座$2800/","28,350","","","","","","","","","","","","","","","","","","","","",""
"2025/3/26","EMQ-3570","15798","KEY$1455/","1,455","","1455","","","","","","","","","","","","","","","","","","",""
"2025/3/27","EPF-3133","47773","CITY$2900/LM$500/飛旋$2300/DREAM握把$1050/FRANDO拉桿$1500/SC(F$3000/","11,250","","","","","","","","","","","","","","","","","","","","",""
"2025/3/27","ERF-3227","9596","APEXX$1980/FASS握把$2080/","4,060","","","","","","","","","","","","","","","","","","","","",""
"2025/3/27","EPU-3330","26207","SC(F$3000/皮帶$2300/水行俠$2500/","7,800","","","","","","","","","","","","","","","","","","","","",""
"2025/3/28","EMG-6191","93282","FRANDO107$10500/CNC杯蓋$1000/SC(F$3000/BPM前碟$3800/FRANDO(F$1300/煞車油$1000/DREAM握把$1050/POSI主腳架$2480/強化組贈黑隼$3790/KOSO尾燈$4400/","32,320","","","","","","","","","","","","","","","","","","","","",""
"2025/3/28","EPG-8315","38070","水行俠$2550/惡搞飛旋$2300/MTRT椅$3500/6K$600/皮帶調整","8,950","","600","","","","","","","","","","","","","","","","","","",""
"2025/3/28","EMG-8733","19947","鍊條調整/PBF(R)1200","1,200","450","","","","","","","","","","","","","","","","","","","",""
"2025/3/29","MFV-7697","20671","中古後扶手$1000/川歐後碟$2800/GIIzero$9500/FRANDO(R$1300/超速拉桿$2400/","17,000","","","","","","","","","","","","","","","","","","","","",""
"2025/3/29","EMQ-7919","62063","RCS14$12800/FRANDO前來令$1300/","14,100","","","","","","","","","","","","","","","","","","","","",""
"2025/3/29","ERU-5838","10924","9K$930/派克龍$850/","1,780","","930","","","","","","","","","","","","","","","","","","",""
"2025/3/29","EPG-7878","3811","BPM260$3600/PBF前來另$1100/DOMINI$1250/","5,950","","","","","","","","","","","","","","","","","","","","",""
"2025/3/31","EPF-5375","40045","皮帶調整","0","","","","","","","","","","","","","","","","","","","","",""
"2025/4/1","EQD-7351","77614","1. BPM前碟$2800/武川前來令$900/煞車油$500/ - null","4200","1830","","","","","","","","","","","","","","","","","","","",""
"2025/4/1","MND-0927","34324","1. 機油$850/ - null","850","365","","","","","","","","","","","","","","","","","","","",""
"2025/4/1","ERU-7883","8546","1. ZR1(R$2700/ - null","2700","1500","","","","","","","","","","","","","","","","","","","",""
"2025/4/1","ERF-2017","48203","1. 檢查$500/水行俠$2550/齒輪油$500/皮帶$2200/ - null","5750","3151","","","","","","","","","","","","","","","","","","","",""
"2025/4/2","EMG-1572","50163","1. 皮帶調整$/ - null","0","","","","","","","","","","","","","","","","","","","","",""
"2025/4/2","NJR-7683","0","1. BPM(F$1300/驗車$3500/ - null","4800","1200","","","","","","","","","","","","","","","","","","","",""
"2025/4/2","ENP-5959","29424","1. 大保$1800/GO鍵$1000/ - null","2800","","2680","","","","","","","","","","","","","","","","","","",""
"2025/4/2","EQD-5092","15837","1. DID$2900/AFAM前後齒$2850/5H$850/BPM(R$850/BPM後碟$2100/螺柱$1200/ - null","10750","4325","","","","","","","","","","","","","","","","","","","",""
"2025/4/2","EMQ-8680","19550","1. LMG$9500/18K前後來令$2800/PB$1450/ - null","13750","6000","4250","","","","","","","","","","","","","","","","","","",""
"2025/4/3","EPR-5313","4835","1. 把座$8500/碳纖維把(噴精油$4500/螺絲$7680/MTRT$3800/鋁合金掛勾$1500/298行車$12990/線組$800/ - null","39000","15070","4360","","","","","","","","","","","","","","","","","","",""
"2025/4/3","EQB-7753","89329","1. 皮帶+墊片$2650/ - null","2730","","1550","","","","","","","","","","","","","","","","","","",""
"2025/4/3","ERG-3776","17149","1. 皮帶調整$/齒輪油$500/ - null","500","","","","","","","","","","","","","","","","","","","","",""
"2025/4/3","EPG-7878","3946","1. FRANDO幅卡$5300/洩氣螺絲$300/二手前叉$5000/土除$1000/ - null","11600","3550","","","","","","","","","","","","","","","","","","","",""
"2025/4/3","EMZ-9771","58676","1. 建議前後齒鍊條更換$/ - null","0","","","","","","","","","","","","","","","","","","","","",""
"2025/4/4","EQC-9581","10907","1. 煞車油$800/FRANDO前來令$900/ - null","1700","180","","","","","","","","","","","","","","","","","","","",""
"2025/4/4","MND-5069","47987","1. 鈦螺絲$5900/白鐵螺$1260/SB前叉$9800/AK550$7800/BPM前碟$2800/三角台珠碗$4800/FRANDO來令$1300/後卡$6800/卡座$2500/BPM後碟$2800/煞車油+皮帶$3000/FASS調整螺滑塊$2800/RCS$25600/水族油杯+油門線$4250/把+把座$13000/儀表護套$650/ ","104260","46410","5920","","","","","","","","","","","","","","","","","","",""
"2025/4/7","MCS-0830","143324","1. 川歐後碟$2900/BPM$1100/ - null","4000","2060","","","","","","","","","","","","","","","","","","","",""
"2025/4/8","ENP-8282","0","1. 道路救援$1800/中古前叉$1500/ - null","3300","1300","","","","","","","","","","","","","","","","","","","",""
"2025/4/8","NXB-7007","32037","1. 後ZR1$2600/前ZR1$2700/LM機油$850/齒輪油$150/EPIC空濾$750/工資$300/ - null","7350","3615","","","","","","","","","","","","","","","","","","","",""
"2025/4/8","EQD-5360","13831","1. BPM(R$850/ - null","850","375","","","","","","","","","","","","","","","","","","","",""
"2025/4/9","EMR-6352","123151","1. 前水行俠$2600/後波沛樂$2100/齒輪油$500/ - null","5200","2451","","","","","","","","","","","","","","","","","","","",""
"2025/4/9","EMG-5255","25538","1. 珠碗+頸節$8600/2200/後水行$2400/ - null","13200","1200","5400","","","","","","","","","","","","","","","","","","",""
"2025/4/10","ERF-2290","11911","1. CCD後避 - 6900; 2. 6K - 535; 3. 上內 - 1885; 4. FM8x35x2 - 740","10060","5050","2420","","","","","","","","","","","","","","","","","","",""
"2025/4/11","MCG-5107","55103","1. 右邊總泵 - 2100","2100","","990","","","","","","","","","","","","","","","","","","",""
"2025/4/11","EMG-6191","93503","1. MTRT - 3600","3600","2468","","","","","","","","","","","","","","","","","","","",""
"2025/4/11","EQC-1036","12865","1. MTRT - 3500","3500","2468","","","","","","","","","","","","","","","","","","","",""
"2025/4/11","EPF-5737","57030","1. 皮帶調整 - 0","0","","","","","","","","","","","","","","","","","","","","",""
"2025/4/11","NXB-7007","32053","1. 內管組 - 7800; 2. 握把套 - 850","8650","4190","","","","","","","","","","","","","","","","","","","",""
"2025/4/12","NRN-7130","21834","1. EPIC空濾 - 850; 2. LM - 850; 3. PAKELO - 350; 4. 車台強化套管 - 2600; 5. FRANDO(F) - 900; 6. FRANDO(R) - 1300","6850","2415","","","","","","","","","","","","","","","","","","","",""
"2025/4/12","ERH-1889","118308","1. FRANDO(R) - 1100","1100","380","","","","","","","","","","","","","","","","","","","",""
"2025/4/14","861-KHS","45573","1. 前框 維修培林孔 (skf*2-3500","3500","1320","","","","","","","","","","","","","","","","","","","",""
"2025/4/14","EPG-0213","83311","1. 皮帶調整 - 0; 2. 前後BPM碟盤 - 4900; 3. 後SC - 3400; 4. 前後FRANDO - 2600","10900","6270","","","","","","","","","","","","","","","","","","","",""
"2025/4/15","EMW-3068","44624","1. CITY後輪 - 2900","2900","1665","","","","","","","","","","","","","","","","","","","",""
"2025/4/15","MJQ-1680","26775","1. 烤漆 - 21000","21000","10000","","","","","","","","","","","","","","","","","","","",""
"2025/4/15","EMG-6827","58794","1. 內齒+齒輪油 - 8000; 2. AFAM - 2850; 3. RK代工 - 600; 4. 螺柱 - 1250; 5. 5H - 850; 6. 拉耳 - 2900; 7. 中柱 - 1850","18300","7410","950","","","","","","","","","","","","","","","","","","",""
"2025/4/15","EPF-8173","5895","1. P600 - 2100; 2. P800 - 1850; 3. 糯米腸+內管 - 950; 4. - NaN","4900","1973","","","","","","","","","","","","","","","","","","","",""
"2025/4/15","EQB-6183","13294","1. 內齒+齒輪油 - 8000; 2. 拉耳 - 2900; 3. AFAM - 2850; 4. 5H - 850; 5. DID - 2900; 6. 前後水行俠 - 5050; 7. 氣嘴 - 200; 8. 螺柱 - 1250","24000","11225","","","","","","","","","","","","","","","","","","","",""
"2025/4/16","EPF-1959","45380","1. LMG - 9500; 2. 拉耳 - 3200","12700","7800","","","","","","","","","","","","","","","","","","","",""
"2025/4/16","MNA-3739","64078","1. 前後輪p800 - 4100; 2. 齒輪油 - 500; 3. LMG - 9500","14100","7951","","","","","","","","","","","","","","","","","","","",""
"2025/4/17","EQB-7753","90329","1. 後SPORT - 2200","2200","1448","","","","","","","","","","","","","","","","","","","",""
"2025/4/17","EQB-1917","21247","1. SC(F) - 3200; 2. PBF(F) - 1400; 3. PBF(R) - 1200; 4. PAKELO - 850; 5. DOMINO - 550; 6. 皮帶調整 - 0","7200","3182","","","","","","","","","","","","","","","","","","","",""
"2025/4/17","EMJ-8865","36589","1. 齒輪油 - 500","500","101","","","","","","","","","","","","","","","","","","","",""
"2025/4/17","EQD-8877","11671","1. 10X45X2+墊片 - 500","500","250","","","","","","","","","","","","","","","","","","","",""
"2025/4/17","ERF-1076","23351","1. 拉桿 - 1980; 2. FRANDO後來令 - 1300","3280","1980","","","","","","","","","","","","","","","","","","","",""
"2025/4/18","EPQ-0555","24755","1. POSI後靠背 - 2950","2950","1972","","","","","","","","","","","","","","","","","","","",""
"2025/4/18","EMR-6191","33410","1. 珠碗 - 2400","2400","","500","","","","","","","","","","","","","","","","","","",""
"2025/4/19","EQB-2993","9173","1. DC-BOX+PB - 4200; 2. 載車 - 800","5000","600","3690","","","","","","","","","","","","","","","","","","",""
"2025/4/19","EMY-2970","35368","1. CITY後 - 2900; 2. 皮帶調整 - 0","2900","1665","","","","","","","","","","","","","","","","","","","",""
"2025/4/21","MCR-0309","66974","1. 黑準2 - 0","0","893","","","","","","","","","","","","","","","","","","","",""
"2025/4/21","EMG-5993","30694","1. EXTRA - 2500","2500","1390","","","","","","","","","","","","","","","","","","","",""
"2025/4/21","MTS-9970","4588","1. 水泵 - 3300; 2. 大燈 - 16000; 3. 行車紀錄器 - 9990; 4. F6X30X4 - 1200; 5. 後視鏡代工 - 2000; 6. RELAY線組 - 1100; 7. 護弓+握把套 - 900; 8. 機油+油芯代工 - 300; 9. 拉桿 - 1980; 10. 內裝 - 2000","38770","17750","","","","","","","","","","","","","","","","","","","",""
"2025/4/21","MAB-1773","24573","1. 打牙套 - 1000; 2. 短圓鏡 - 2000","3000","1270","","","","","","","","","","","","","","","","","","","",""
"2025/4/21","MHQ-6100","68324","1. 大牌背板 - 1200; 2. 握把套 - 500; 3. 橢圓鏡 - 2000; 4. 派克龍 - 850","4550","2262","","","","","","","","","","","","","","","","","","","",""
"2025/4/22","MKW-7623","24826","1. 前後波沛 - 4200; 2. 前來令 - 850","5050","2585","","","","","","","","","","","","","","","","","","","",""
"2025/4/23","EPF-3133","48639","1. BPM金屬 - 1800","1800","1050","","","","","","","","","","","","","","","","","","","",""
"2025/4/23","EMY-2253","62523","1. 馬路西握把套 - 1380; 2. 五匹 - 1200; 3. 鍍鈦鐵板牙 - 400","2980","1581","","","","","","","","","","","","","","","","","","","",""
"2025/4/23","ENP-8282","23103","1. 右開關總成 - 1950","1950","","1400","","","","","","","","","","","","","","","","","","",""
"2025/4/24","EQB-2207","44839","1. LMG皮帶 - 3400; 2. 後波沛 - 2100; 3. 齒輪油 - 500","6000","2901","","","","","","","","","","","","","","","","","","","",""
"2025/4/24","NFL-8795","30922","1. CCD前叉 - 14900; 2. 油管 - 9800; 3. RCS14.14 - 25600; 4. 後大螃蟹 - 6800; 5. 前M50 - 13800; 6. BPM前後碟盤 - 5600; 7. 傑能後卡座 - 900; 8. 煞車油 - 1200; 9. 承旭油杯 - 3600; 10. 油壓式煞車開關 - 1800; 11. 鈦螺絲 - 23930; 12. BPM前後來令 - 2400; 13. 水泵&水箱精 - 6500; 14. TiOnly RCS洩氣螺絲 - 1000","117830","61240","","","","","","","","","","","","","","","","","","","",""
"2025/4/24","MHQ-6100","68373","1. 把手蓋組 - 2495; 2. EPIC側腳架 - 1900","4395","1100","2495","","","","","","","","","","","","","","","","","","",""
"2025/4/25","EQD-8877","11777","1. Frando前後總泵 - 11500; 2. M6*20*4+M6藍墊片 - 600; 3. 煞車油 - 1000; 4. 魚目 - 600","13700","","","","","","","","","","","","","","","","","","","","",""
"2025/4/25","EPY-1739","37796","1. LM - 500; 2. AFAM - 2850; 3. DID - 2900; 4. 螺柱 - 1200","7450","","","","","","","","","","","","","","","","","","","","",""
"2025/4/25","ENV-1225","15418","1. 左總泵 - 1950","1950","","950","","","","","","","","","","","","","","","","","","",""
"2025/4/26","MPR-1852","44027","1. 承旭握把套 - 1050","1050","500","","","","","","","","","","","","","","","","","","","",""
"2025/4/26","EQC-9990","50718","1. 齒輪油 - 500; 2. 皮帶調整 - 0","500","101","","","","","","","","","","","","","","","","","","","",""
"2025/4/26","EQB-6293","51412","1. 皮帶調整 - NaN; 2. 派克龍 - 850","850","282","","","","","","","","","","","","","","","","","","","",""
"2025/4/28","EMQ-9527","37595","1. 烤漆 - 8500; 2. 把+把座 - 4800; 3. 飛旋 - 2400; 4. 前叉SB - 9800; 5. SIXIX後靠 - 3080; 6. APEXX拉桿 - 1980; 7. 前碟BPM+ PBF(F)- 4300","34860","14549","","","","","","","","","","","","","","","","","","","",""
"2025/4/28","EMG-1726","67208","1. KOSO尾燈 - 5000","5000","3300","","","","","","","","","","","","","","","","","","","",""
"2025/4/28","EQB-8217","76144","1. 安科 - 1050","1050","400","","","","","","","","","","","","","","","","","","","",""
"2025/4/29","ERU-6677","40427","1. 無 - 0","0","","","","","","","","","","","","","","","","","","","","",""
"2025/4/29","MPN-5696","37167","1. 左前避震 - 1900","1900","","1450","","","","","","","","","","","","","","","","","","",""
"2025/4/29","EMG-7133","79333","1. 皮帶調整 - 0; 2. 後來令 - 650","650","","360","","","","","","","","","","","","","","","","","","",""
"2025/4/29","NTF-7799","11253","1. 代工至中 - 800","800","","","","","","","","","","","","","","","","","","","","",""
"2025/5/1","ERV-1591","47876","代驗(換牌)$2500/","2,500","","","","","","","","","","","","","","","","","","","","",""
"2025/5/1","ERU-9953","5115","後ZR1$2600/","2,600","","","","","","","","","","","","","","","","","","","","",""
"2025/5/1","EPG-7259","24919","6K$600/","600","","","","","","","","","","","","","","","","","","","","",""
"2025/5/1","EMY-7017","46178","皮帶調整","0","","","","","","","","","","","","","","","","","","","","",""
"2025/5/2","585-HYA","56487","CCD後避震$2600/","2,600","","","","","","","","","","","","","","","","","","","","",""
"2025/5/2","877-DDA","74256","CCD後避震$2600/","2,600","","","","","","","","","","","","","","","","","","","","",""
"2025/5/2","EWP-3800","42554","皮帶調整S800後輪$1900/","1,900","","","","","","","","","","","","","","","","","","","","",""
"2025/5/2","EMG-0635","47036","皮帶調整","0","","","","","","","","","","","","","","","","","","","","",""
"2025/5/5","EMW-3068","45344","STYLEMA$13500/","13,500","","","","","","","","","","","","","","","","","","","","",""
"2025/5/6","EPS-1925","13749","前S01$3700/後tt93$2500/前PBF$1400/後PBF$1200/代工$800/握把套$1480/","11,080","","","","","","","","","","","","","","","","","","","","",""
"2025/5/6","ENP-3301","33946","MG1883$2000/","2,000","","","","","","","","","","","","","","","","","","","","",""
"2025/5/6","ERG-6916","5999","18K$1040/派克隆$850/","1,890","","","","","","","","","","","","","","","","","","","","",""
"2025/5/6","EQB-6763","21419","前叉換油$2500/","2,500","","","","","","","","","","","","","","","","","","","","",""
"2025/5/7","EMQ-0176","19381","CCD CRS1 $7000/2M(升級紅)$500/CITY 後$2950/","10,450","","","","","","","","","","","","","","","","","","","","",""
"2025/5/7","ERV-1898","185","代工$1200/","1,200","","","","","","","","","","","","","","","","","","","","",""
"2025/5/8","ERG-5599","4657","LM$700/飛炫$2400/","3,100","","","","","","","","","","","","","","","","","","","","",""
"2025/5/8","EPR-2222","41515","皮帶調整PBF前來令$1100/","1,100","","","","","","","","","","","","","","","","","","","","",""
"2025/5/8","ERU-8301","4545","FAR前碟$6300/前CMSR$2800/後CMSR$2900/","12,000","","","","","","","","","","","","","","","","","","","","",""
"2025/5/8","EPF-2238","73030","BPM後碟盤$2300/糯米腸+加油管$950/MTRT椅墊$3500/BPM前來令$1800/","8,978","","","","","","","","","","","","","","","","","","","","",""
"2025/5/9","NXD-9371","4397","前後TT93 110/120$5000/","5,000","","","","","","","","","","","","","","","","","","","","",""
"2025/5/9","EMH-7208","52155","LM齒輪油$500/","500","","","","","","","","","","","","","","","","","","","","",""
"2025/5/10","EQD-6757","20142","P800$1900/P600$2100/加工帶前輪$400/武川(F)$800/","5,200","","","","","","","","","","","","","","","","","","","","",""
"2025/5/10","EQB-7753","92209","8*25$380/","380","","","","","","","","","","","","","","","","","","","","",""
"2025/5/10","EWB-8102","32435","剎車油$1000/","1,000","","","","","","","","","","","","","","","","","","","","",""
"2025/5/12","EWB-8102","32497","10K$260/","260","","","","","","","","","","","","","","","","","","","","",""
"2025/5/13","EQB-7753","92462","前光源控制器$3500/","3,500","","","","","","","","","","","","","","","","","","","","",""
"2025/5/13","EMZ-9979","14718","18K$1800/後輪$1500/","3,300","","","","","","","","","","","","","","","","","","","","",""
"2025/5/13","EMQ-7723","45079","強化皮帶$3300/水行俠®$2400/","5,700","","","","","","","","","","","","","","","","","","","","",""
"2025/5/14","EMQ-2821","54580","查修$2000/Relay$500/BPM(R)$850/油門線$750/CCD CS1$7400/KOSO USB$1800/","13,300","","","","","","","","","","","","","","","","","","","","",""
"2025/5/14","EME-6650","9783","P600$2100/糯米握把$950/煞車皮$800/後齒盤螺柱ZOO$1000/極簡$885/","5,735","","","","","","","","","","","","","","","","","","","","",""
"2025/5/14","ERF-2017","51393","後ZR1$2600/","2,600","","","","","","","","","","","","","","","","","","","","",""
"2025/5/14","EMY-9301","20258","3K$455/皮帶調整前波沛$1900/","2,355","","","","","","","","","","","","","","","","","","","","",""
"2025/5/15","EMQ-1935","31011","拉耳$3200/SKF(F)+內外套$1800/主腳架$1500/","6,500","","","","","","","","","","","","","","","","","","","","",""
"2025/5/15","EQD-6897","14609","ZR1 (F)$2600/ZR1 (R)$2700/","5,300","","","","","","","","","","","","","","","","","","","","",""
"2025/5/16","EQB-7753","92527","PBF(對四)$1400/右煞車總泵$1500/煞車油(藍)$500/","3,400","","","","","","","","","","","","","","","","","","","","",""
"2025/5/17","EMG-5609","48166","Dreambase握把$950/","950","","","","","","","","","","","","","","","","","","","","",""
"2025/5/17","PEJ-8161","301","機油$500/","500","","","","","","","","","","","","","","","","","","","","",""
"2025/5/17","EQB-6293","52150","SKF®$1400/內套管$400/5H$1050/","2,850","","","","","","","","","","","","","","","","","","","","",""
"2025/5/19","EPF-8506","69138","內管組$7800/P600$2100/前碟$1550/SKF(F)$950/武川$900/FRANDO (R)$900/緩衝$150/","14,350","","","","","","","","","","","","","","","","","","","","",""
"2025/5/19","EQD-2857","20821","黑隼無限充$3290/BPM (F)$900/BPM (R)$850/APEXX拉桿$1980/Dreambase握把$1350/","8,370","","","","","","","","","","","","","","","","","","","","",""
"2025/5/19","ERG-7762","21667","皮帶調整$200/","200","","","","","","","","","","","","","","","","","","","","",""
"2025/5/20","ENP-1085","154259","GO鍵$1000/SKF (F)$1150/","2,150","","","","","","","","","","","","","","","","","","","","",""
"2025/5/20","EPV-8263","10037","FAR半浮動$2800/BPM後卡座$2000/PBF ( R )$1200/","6,000","","","","","","","","","","","","","","","","","","","","",""
"2025/5/22","ERG-5599","5129","Farof$2900/卡座$1500/PBF (R)$1200/8*40*4$600/","6,200","","","","","","","","","","","","","","","","","","","","",""
"2025/5/22","ERG-7762","21745","右飛炫$650/","650","","","","","","","","","","","","","","","","","","","","",""
"2025/5/22","EMS-8567","147400","皮帶調整後SC$3400/前FAR$3200/Frando前來令$1300/LM齒輪油$650/","8,550","","","","","","","","","","","","","","","","","","","","",""
"2025/5/22","EMG-7136","58786","SC (F)$3100/SC (R)$3300/","6,400","","","","","","","","","","","","","","","","","","","","",""
"2025/5/22","EMH-0597","64782","齒輪油$500/","500","","","","","","","","","","","","","","","","","","","","",""
"2025/5/22","EMQ-3570","16602","黑隼$1500/","1,500","","","","","","","","","","","","","","","","","","","","",""
"2025/5/23","EMQ-0380","61919","前水行俠$2550/","2,550","","","","","","","","","","","","","","","","","","","","",""
"2025/5/23","EMH-0558","34994","皮帶調整","0","","","","","","","","","","","","","","","","","","","","",""
"2025/5/26","NZV-2982","5222","GPR300$3500/Frando (R)$900/左踏桿$1900/前下擾流$2500/Relay$1050/KOSO方向燈+轉接$5900/","15,750","","","","","","","","","","","","","","","","","","","","",""
"2025/5/27","EMG-6827","59799","齒輪油$500/","500","","","","","","","","","","","","","","","","","","","","",""
"2025/5/27","EQB-7753","93457","齒輪油$500/前98 Sport$2250/","2,750","","","","","","","","","","","","","","","","","","","","",""
"2025/5/28","EQC-5285","31435","C03$4600/油門線$850/Dreambase握把套$950/","6,400","","","","","","","","","","","","","","","","","","","","",""
"2025/5/29","PEJ-8161","426","206$6990/空濾蓋+行車紀錄器飾蓋$1850/","8,840","","","","","","","","","","","","","","","","","","","","",""
"2025/5/29","EPF-5305","36968","PBF前來令$1100/","1,100","","","","","","","","","","","","","","","","","","","","",""
"2025/5/30","EPY-1728","5","油壓式開關$1000/黑隼$1380/端子鏡$2500/後卡座$2500/BPM$2500/","9,880","","","","","","","","","","","","","","","","","","","","",""
"2025/5/30","EPY-1728","5","方向燈支架*2$800/白鐵螺絲$1480/儀表飾桿$1280/POSH靠背$2680/三角台+珠碗$4800/頭燈飾框$650/煞車油$1000/SIXIS延伸踏板$1480/後踏板$1480/土除$1000/Frando (F R)$2600/SII後避震$16500/Dreambase+內管$1350/AK550$7800/ss2$9300/油管*4$8500/對二$6800/Frando 總泵$10500/儀表貼+子彈袋贈","80,000","","","","","","","","","","","","","","","","","","","","",""
"2025/5/30","EPW-7007","5786","Dreambase+內管$1350/R1 90/90-10$2100/apexx拉桿$2050/","5,500","","","","","","","","","","","","","","","","","","","","",""
"2025/5/30","EPF-5722","33872","SS2.0$8800/C03$4600/APEXX拉桿$2050/","15,450","9360","","","","","","","","","","","","","","","","","","","",""
"2025/5/31","EMQ-0928","51671","LMG$9500/拉耳3200/SC(F)3000","15,700","","","","","","","","","","","","","","","","","","","","",""
"2025/5/31","PAY-5519","1","小蜂鷹7990 選牌1500 大牌背板(贈) 前開孔面板800 後側掛架4500 前造型架2000 前側造型桿3000 APEXX後扶手2300 前S01 3500 後ZR1 2600 排氣管8500 RCS左右27000 油管加3通10000 T35島叉+輪框+碟盤56000 前雙大螃蟹16000 後視鏡座1600 CNC後卡+卡座12000 BPM後碟3100 RPM後避震16500 63/660引擎套件73000 999R內鏈調整器2500 下座後移4500 電腦+ACDC線組+內仁36000 尾燈總成 3600 狗骨頭 11000 車台加固套件2000 傳動組13000 燈匠大燈5000 aracer電池9000 koso方向燈1500 AF2+1:5線組12500 排氣管認證10000 全車鈦螺絲25000 T10*2 800 橢圓鏡2000","300,000","","","","","","","","","","","","","","","","","","","","",""
"2025/5/31","EPU-8000","22557","BPM(R)850","850","375","","","","","","","","","","","","","","","","","","","",""
"2025/6/2","EPG-3599","96820","後米其林EX$2500/","2,500","1251","","","","","","","","","","","","","","","","","","","",""
"2025/6/2","EQW-2537","1647","C03後避震$4600/","4,600","","","","","","","","","","","","","","","","","","","","",""
"2025/6/2","MCT-3607","34849","皮帶+前墊片$2100/後來令$650/","2,750","","","","","","","","","","","","","","","","","","","","",""
"2025/6/2","EMV-6595","48365","後視鏡檢查異常9K$930/","930","","","","","","","","","","","","","","","","","","","","",""
"2025/6/2","EMH-0597","64890","279行車$7500/","7,500","","","","","","","","","","","","","","","","","","","","",""
"2025/6/2","EPF-6571","42381","皮帶$2000/3K$455/後CITY$2950/","5,405","","","","","","","","","","","","","","","","","","","","",""
"2025/6/3","MKH-1191","35938","內相$1800/油門線$1600/","3,400","","","","","","","","","","","","","","","","","","","","",""
"2025/6/4","ENC-6938","37450","BPM前碟$2800/FRANDO(f$1300/SC(F$2900/","7,000","","","","","","","","","","","","","","","","","","","","",""
"2025/6/4","EMQ-5765","89657","齒輪油$350/LMG$9500/P800R$2100/THNOS(F$2150/後碟$1000/煞車皮$550/前輪培林$650/內套管$200/","16,500","","","","","","","","","","","","","","","","","","","","",""
"2025/6/4","EPY-0895","1165","PAKELO$850/","850","","","","","","","","","","","","","","","","","","","","",""
"2025/6/4","MPR-0307","25214","AFAM$2850/Regina$2900/P800FR$4200/齒輪油$300/","10,250","","","","","","","","","","","","","","","","","","","","",""
"2025/6/5","EMQ-7919","63888","NCY前碟$5200/油封$350/FRANDO(F$1300/BPM$1600/SKF(F$1200/PAKELO$850/","10,500","","","","","","","","","","","","","","","","","","","","",""
"2025/6/5","ENP-8280","22914","商用穩$11600/二手框+外蓋+內齒$6500/","18,100","","","","","","","","","","","","","","","","","","","","",""
"2025/6/5","EPZ-1087","38180","BPM(F$850/EXTRA$2400/皮帶調整","3,250","","","","","","","","","","","","","","","","","","","","",""
"2025/6/6","EMY-1575","48580","3K+KEY$1910/後齒輪油$500/後輪ZR1$2600/","5,010","","","","","","","","","","","","","","","","","","","","",""
"2025/6/6","ERF-1129","26297","電子油門$7800/APL$7950/279_$8490/飛旋$2400/DREAMBASE握把$950/橢圓鏡$2000/坐墊絞鍊$750/","30,340","","","","","","","","","","","","","","","","","","","","",""
"2025/6/7","EPU-6606","9050","齒輪油$350/鍊條清潔$450/","800","","","","","","","","","","","","","","","","","","","","",""
"2025/6/7","MKF-6668","14750","ZD後擋泥$6850/KRACE飛旋$2400/","9,250","","","","","","","","","","","","","","","","","","","","",""
"2025/6/9","EQB-1917","21814","側柱$300/","300","","","","","","","","","","","","","","","","","","","","",""
"2025/6/9","EPF-0911","45572","MCU BOX$12552/前BPM$2800/前來令片$1300/6301_$1050/","18,233","","","","","","","","","","","","","","","","","","","","",""
"2025/6/9","MHM-2871","41087","前6162$1800/","1,800","","","","","","","","","","","","","","","","","","","","",""
"2025/6/10","EMG-9073","61706","KRACE翹排$2500/POSI內管$650/載車$1500/TT93(R$2450/","7,100","","","","","","","","","","","","","","","","","","","","",""
"2025/6/10","EPX-0970","2046","CCD內管$7800/NCY前碟$5300/10X75X2$500/FRANDO(F$1300/套筒$400/","15,300","","","","","","","","","","","","","","","","","","","","",""
"2025/6/10","ERF-5788","43686","LMG皮帶組$9500/","9,500","","","","","","","","","","","","","","","","","","","","",""
"2025/6/10","EQD-7722","156421","LMG皮帶$2200/","2,200","","","","","","","","","","","","","","","","","","","","",""
"2025/6/11","ERU-7883","10980","前方向燈$850/CITY(F$2850/APEXX拉桿$2150/","5,850","","","","","","","","","","","","","","","","","","","","",""
"2025/6/12","EMQ-0890","50047","SC(R$3400/皮帶$2000/FRANDO(r$1300/齒輪油$500/","7,200","","","","","","","","","","","","","","","","","","","","",""
"2025/6/12","EMP-2322","12381","LMG內齒$8500/DREAMBASE$900/BPM(R$850/EXTRA$2450/","12,700","","","","","","","","","","","","","","","","","","","","",""
"2025/6/13","MND-0927","35450","LM850","0","","","","","","","","","","","","","","","","","","","","",""
"2025/6/13","EMG-1973","43529","C23$8000/","8,000","","","","","","","","","","","","","","","","","","","","",""
"2025/6/14","EMY-2623","70919","皮帶$3100/齒輪油$350/BPM前碟$2800/FRANDO(F$1300/左煞車開關$680/","8,230","","","","","","","","","","","","","","","","","","","","",""
"2025/6/14","EMY-3086","61630","水行俠(F$2500/EXTRA(R)2500/皮帶2000/中古框1500/6K600(刷卡5%","9,100","","","","","","","","","","","","","","","","","","","","",""
"2025/6/14","ERF-1129","26666","FASS搖臂$14800/前水行俠$2550/手機架帽子$265/掛勾$390/","18,005","","","","","","","","","","","","","","","","","","","","",""
"2025/6/16","EMY-3109","26484","SIXIS踏板$1480/","1,480","","","","","","","","","","","","","","","","","","","","",""
"2025/6/16","EQB-7753","94920","S98SPORT前後$4450/魚目+煞車油$1000/GPRO氣嘴$1200/","6,650","","","","","","","","","","","","","","","","","","","","",""
"2025/6/17","EQB-8276","21040","LMG皮帶$2200/前CMSR$2850/Frando前來令$1300/6K$600/","6,950","","","","","","","","","","","","","","","","","","","","",""
"2025/6/17","EPF-5722","34271","右前叉贈工資$1000/","1,000","","","","","","","","","","","","","","","","","","","","",""
"2025/6/17","EMK-8881","59411","皮帶調整","0","","","","","","","","","","","","","","","","","","","","",""
"2025/6/18","EQB-8581","93390","後sc$3400/bpm後來令$850/","4,250","","","","","","","","","","","","","","","","","","","","",""
"2025/6/18","MKV-8588","21842","6162$1800/","1,800","750","","","","","","","","","","","","","","","","","","","",""
"2025/6/18","ENP-0680","25782","超速拉桿$2600/","2,600","","","","","","","","","","","","","","","","","","","","",""
"2025/6/18","EMG-5670","28752","載車$600/二手儀表$1800/龍頭上蓋$800/","3,200","","","","","","","","","","","","","","","","","","","","",""
"2025/6/19","EMY-1370","64309","BPM後碟$2100/PBF後來令$1100/皮帶調整","3,200","","","","","","","","","","","","","","","","","","","","",""
"2025/6/19","NFL-8795","32003","前TT93 120/70-13$2700/後XR1$3000/","5,700","","","","","","","","","","","","","","","","","","","","",""
"2025/6/19","EPD-7081","28313","後CITY$2950/","2,950","","","","","","","","","","","","","","","","","","","","",""
"2025/6/20","EMQ-2821","55600","皮帶調整","0","","","","","","","","","","","","","","","","","","","","",""
"2025/6/20","EQC-5285","32372","後貨架(代工)$300/","300","","","","","","","","","","","","","","","","","","","","",""
"2025/6/20","EQC-9581","11193","FASS椅墊$5150/","5,150","","","","","","","","","","","","","","","","","","","","",""
"2025/6/20","EMG-6191","95068","油管$8500/煞車油$1000/XT2 (R) $2750/齒輪油$500/煞車開關$2500/","15,250","","","","","","","","","","","","","","","","","","","","",""
"2025/6/20","797-KNG","25661","右方向燈組$1200/","1,200","","","","","","","","","","","","","","","","","","","","",""
"2025/6/21","EMY-9653","60871","C03$4500/P600 (F)$2100/P600 (R)$1850/PBF (R)$1200/","9,650","","","","","","","","","","","","","","","","","","","","",""
"2025/6/23","AEU-5513","673","機油$850/","850","","","","","","","","","","","","","","","","","","","","",""
"2025/6/23","EMV-6595","45590","後鏡頭保固","0","","","","","","","","","","","","","","","","","","","","",""
"2025/6/23","ENP-0393","63889","PBF (F)$1100/PBF (R)$1100/BPM後碟$2300/","4,500","","","","","","","","","","","","","","","","","","","","",""
"2025/6/24","MKK-1133","73375","LMG螺柱$1500/","1,500","","","","","","","","","","","","","","","","","","","","",""
"2025/6/24","EPY-1728","185","飾桿$1280/","1,280","","","","","","","","","","","","","","","","","","","","",""
"2025/6/24","EMY-7628","20846","13K$455/大牌背板$1200/代工$300/齒輪油$500/","2,455","","","","","","","","","","","","","","","","","","","","",""
"2025/6/24","EMZ-9353","14564","皮帶調整","0","","","","","","","","","","","","","","","","","","","","",""
"2025/6/25","EMG-0928","52067","皮帶調整","0","","","","","","","","","","","","","","","","","","","","",""
"2025/6/25","EPZ-9706","46672","皮帶調整3K$455/FAR後碟$2500/BPM後卡座$2500/Brembo後卡$6800/PBF後來令$1200/插銷+卡簧$800/","14,255","","","","","","","","","","","","","","","","","","","","",""
"2025/6/25","MNG-6633","41173","皮帶調整APEXX拉桿$2050/","2,050","","","","","","","","","","","","","","","","","","","","",""
"2025/6/26","EMG-8810","38419","載車$1000/後來令$600/CITY後輪$2950/皮帶$2500/後視鏡$800/握把套$950/","8,800","","","","","","","","","","","","","","","","","","","","",""
"2025/6/27","EQC-5285","32542","SB SS前$7800/ABS座$500/BPM前碟$2800/BPM前來令$900/煞車油$1000/","13,000","","","","","","","","","","","","","","","","","","","","",""
"2025/6/27","EMQ-2821","55847","CITY後輪$2950/","2,950","","","","","","","","","","","","","","","","","","","","",""
"2025/6/28","EPZ-0360","36743","皮帶調整","0","","","","","","","","","","","","","","","","","","","","",""
"2025/6/28","ERH-5756","13989","代工$800/PBF$1200/","2,000","","","","","","","","","","","","","","","","","","","","",""
"2025/6/30","EMP-2082","30057","USB (Pernis)$2290/magazi 橢圓鏡$2000/sixis後扶手$3080/工資$250/油線$750/","8,370","","","","","","","","","","","","","","","","","","","","",""
"2025/6/30","979-CTG","19342","空濾$350/機油齒輪油$500/火星塞$450/清節流閥$650/煞車油$500/FRANDO對四$4500/珠碗$2400/救援$1200/普利珠$350/卡座$1000/清噴油嘴$500/","12,400","","","","","","","","","","","","","","","","","","","","",""
"2025/7/1","EQD-1597","16789","饅頭$1500/","1,500","600","","","","","","","","","","","","","","","","","","","",""
"2025/7/1","NLH-1183","1362","R15腳踏後移$3725/","3,725","1121","","","","","","","","","","","","","","","","","","","",""
"2025/7/1","ENP-0680","26019","TT93(R$2450/","2,450","1271","","","","","","","","","","","","","","","","","","","",""
"2025/7/2","EMQ-0928","52906","喇吧$450/","450","","250","","","","","","","","","","","","","","","","","","",""
"2025/7/2","EMK-8612","43442","皮帶調整","0","","","","","","","","","","","","","","","","","","","","",""
"2025/7/2","ERF-1076","29545","MTRT椅墊$3600/","3,600","2450","","","","","","","","","","","","","","","","","","","",""
"2025/7/3","EMG-7133","82573","前波沛$2100/","2,100","1100","","","","","","","","","","","","","","","","","","","",""
"2025/7/3","mcu-7593","40444","前後來令$1160/","1,160","","720","","","","","","","","","","","","","","","","","","",""
"2025/7/4","EMY-1575","48893","6020-6002$950/","950","260","","","","","","","","","","","","","","","","","","","",""
"2025/7/4","EMH-0597","66767","SKF$1050/PBF(R$1200/","2,250","700","","","","","","","","","","","","","","","","","","","",""
"2025/7/4","EQB-7590","42939","下擾流$2200/","2,200","","2200","","","","","","","","","","","","","","","","","","",""
"2025/7/4","EPF-0908","38876","APEXX拉桿$1980/左右煞車開關$1600/","3,580","1250","","","","","","","","","","","","","","","","","","","",""
"2025/7/4","NLF-1122","2528","CCD前叉$14000/前輪芯$1200/前對四$4500/後大螃蟹$5000/APEXX霧燈$5500/煞車油$800/BPM前碟$3500/FRANDO後碟$3100/FRANDO總泵$10500/油壓式$3000/碟盤螺$2000/M8x40$400/魚目","54,000","","","","","","","","","","","","","","","","","","","","",""
"2025/7/5","ERF-6122","33205","SKF(F$1050/內套管$200/油門線$750/DREAMBASE握把套$950/加油管$650/","3,600","","","","","","","","","","","","","","","","","","","","",""
"2025/7/5","EPG-9259","26182","GINA CHAIN$2900/水行俠$2500/前T$850/後T(贈","6,250","","","","","","","","","","","","","","","","","","","","",""
"2025/7/5","EMQ-0380","63172","水行俠(R$2600/","2,600","","","","","","","","","","","","","","","","","","","","",""
"2025/7/7","MHQ-9190","63192","水行俠$2500/皮帶調整煞車開關$650/","3,150","","","","","","","","","","","","","","","","","","","","",""
"2025/7/7","ERU-3962","6930","M8x25$1040/M6x25$1000/5x25x1$170/6x20$550/M6羅母$1040/鐵板牙$160/把$4500/6X30X2$600/風鏡$1800/風鏡支架$850/5x25x1$450/","12,160","","","","","","","","","","","","","","","","","","","","",""
"2025/7/7","ERU-2637","7075","前TT93$2100/後P800$1800/","3,900","","","","","","","","","","","","","","","","","","","","",""
"2025/7/7","EQD-8877","12565","皮帶調整","0","","","","","","","","","","","","","","","","","","","","",""
"2025/7/7","PEJ-8161","1005","機油$500/","500","","","","","","","","","","","","","","","","","","","","",""
"2025/7/7","EMQ-1327","45008","MTRT椅$3600/","3,600","","","","","","","","","","","","","","","","","","","","",""
"2025/7/7","ERF-2193","24680","皮帶$2000/齒輪油$500/","2,500","","","","","","","","","","","","","","","","","","","","",""
"2025/7/9","EMH-7208","53103","regina$2900/前T$850/29SHAD$2800/","6,550","","","","","","","","","","","","","","","","","","","","",""
"2025/7/9","EPF-6601","22585","LMG$9800/FRANDO(R$900/齒輪油$500/P600$2100/","13,300","","","","","","","","","","","","","","","","","","","","",""
"2025/7/9","EQC-6118","10966","五匹$1200/","1,200","","","","","","","","","","","","","","","","","","","","",""
"2025/7/10","EMW-9699","44203","MTRT$3600/","3,600","2450","","","","","","","","","","","","","","","","","","","",""
"2025/7/10","","31843","ZR1$2700/HRC廢油管$350/油還$450/皮帶JSP$1300/","4,800","","","","","","","","","","","","","","","","","","","","",""
"2025/7/10","EQK-3869","7000","前水行$2000/前PBF$1200/齒輪油$500/鍊條保養$450/","4,150","","","","","","","","","","","","","","","","","","","","",""
"2025/7/10","PAS-0113","5028","繼電器$580/橢圓鏡$2000/黑隼$1980/普利朱$350/","4,910","","","","","","","","","","","","","","","","","","","","",""
"2025/7/10","EPS-9979","26824","後貨架$3800/F6X20$200/煞車開關$2000/中柱加大塊$500/","6,500","","","","","","","","","","","","","","","","","","","","",""
"2025/7/10","ERG-2567","24242","代工$600/","600","","","","","","","","","","","","","","","","","","","","",""
"2025/7/10","NZN-6205","310","Y4$300/齒輪油$50/卸油螺絲$50/車牌框$1200/","1,600","","","","","","","","","","","","","","","","","","","","",""
"2025/7/11","EQB-7753","96886","菜籃組$6650/齒輪油$500/","7,150","","","","","","","","","","","","","","","","","","","","",""
"2025/7/12","ERF-6122","33262","珠碗$2400/","2,400","","450","","","","","","","","","","","","","","","","","","",""
"2025/7/12","EQB-7599","87926","握把套+加油管$1100/","1,100","","","","","","","","","","","","","","","","","","","","",""
"2025/7/12","EQD-2770","18848","內齒組$8500/齒輪油$500/前齒$850/","9,850","","","","","","","","","","","","","","","","","","","","",""
"2025/7/14","MKW-7580","32063","皮帶調整齒輪油$500/","500","","","","","","","","","","","","","","","","","","","","",""
"2025/7/14","NLF-1122","2543","前CODO普利組$13000/後仕輪+開閉盤皮帶","13,000","","","","","","","","","","","","","","","","","","","","",""
"2025/7/15","EQB-6133","52515","BPM前來令$1750/","1,750","","","","","","","","","","","","","","","","","","","","",""
"2025/7/15","EMG-8868","18896","MTRT$3600/","3,600","","","","","","","","","","","","","","","","","","","","",""
"2025/7/15","ERG-6158","24273","握把套+加油管$1350/","1,350","","","","","","","","","","","","","","","","","","","","",""
"2025/7/15","EQD-0983","10023","前水行俠$2600/後波配$2100/齒輪油$500/煞車油$450/左總泵$2200/","7,850","","","","","","","","","","","","","","","","","","","","",""
"2025/7/17","MKV-8588","22082","前SPORT$2250/BPM後來令$850/前來令$900/","4,000","","","","","","","","","","","","","","","","","","","","",""
"2025/7/17","EMS-3592","67217","18K$2195/轉向$2400/油門線$680/","5,275","","","","","","","","","","","","","","","","","","","","",""
"2025/7/18","EMH-0597","","8X50X2$800/","800","","","","","","","","","","","","","","","","","","","","",""
"2025/7/18","EMG-8031","40555","LMG$9500/椅墊$3400/武川$600/水行俠$2500/TT93$2400/","18,400","","","","","","","","","","","","","","","","","","","","",""
"2025/7/18","EQB-0088","31646","前BPM$1400/後ANCHOR$1200/","2,600","","","","","","","","","","","","","","","","","","","","",""
"2025/7/18","MHQ-6100","69822","FAR前碟$3200/PBF$1400/煞車油$650/","5,250","","","","","","","","","","","","","","","","","","","","",""
"2025/7/21","ERU-8301","6290","CMSR後$2850/","2,850","","","","","","","","","","","","","","","","","","","","",""
"2025/7/21","ERG-8123","4160","9K$915/$7990/記憶卡$450/","9,355","3500","915","","","","","","","","","","","","","","","","","","",""
"2025/7/21","EQC-6707","95","BPM(F$1300/","1,300","","","","","","","","","","","","","","","","","","","","",""
"2025/7/22","ENP-8282","24192","齒輪油$500/","500","","","","","","","","","","","","","","","","","","","","",""
"2025/7/22","ERF-2017","55132","前FAR260MM$3300/後FAR220MM$2500/BPM前來令$2000/M8X20$160/M10X60$440/","8,400","","","","","","","","","","","","","","","","","","","","",""
"2025/7/22","ERU-8597","2305","9K$915/$7990/","8,905","3500","915","","","","","","","","","","","","","","","","","","",""
"2025/7/23","NTK-1833","19107","大牌螺絲$400/","400","","","","","","","","","","","","","","","","","","","","",""
"2025/7/24","ERF-2017","55291","LMG$9500/","9,500","","","","","","","","","","","","","","","","","","","","",""
"2025/7/24","EMQ-1033","45918","前水行俠+米其林$5000/前BPM$950/皮帶調整","5,950","","","","","","","","","","","","","","","","","","","","",""
"2025/7/24","EQD-0572","60136","後輪米其林$2500/","2,500","","","","","","","","","","","","","","","","","","","","",""
"2025/7/24","EMW-2258","155555","拉桿$1986/","1,986","","","","","","","","","","","","","","","","","","","","",""
"2025/7/25","EQB-6293","54548","後水行俠$2500/齒輪油$500/","3,000","","","","","","","","","","","","","","","","","","","","",""
"2025/7/25","EQC-8593","37185","前後碟BPM$4900/前後BPM$1700/AFAM$2850/DiD$2900/LMG螺柱$1250/珠碗$2400/","16,000","","","","","","","","","","","","","","","","","","","","",""
"2025/7/26","EMR-5993","62771","LMG皮帶$9500/拉耳$3200/後city$2950/FAR前跌$3500/FRANDO$1300/煞車油$900/齒輪油$500/","21,850","","","","","","","","","","","","","","","","","","","","",""
"2025/7/26","EPG-8315","40979","18K$1885/後XT2$2600/皮帶調整","4,485","","1885","","","","","","","","","","","","","","","","","","",""
"2025/7/26","EQC-9990","53820","後CITY$2950/齒輪油$500/皮帶調整","3,450","","","","","","","","","","","","","","","","","","","","",""
"2025/7/28","EMY-9301","20940","前6201$950/","950","250","","","","","","","","","","","","","","","","","","","",""
"2025/7/29","NTK-1833","19318","機油$450/齒輪油$50/","500","","","","","","","","","","","","","","","","","","","","",""
"2025/7/29","EMV-6595","46173","皮帶調整","0","","","","","","","","","","","","","","","","","","","","",""
"2025/7/29","EMY-0287","66500","FRANDO左總蹦$6800/","6,800","","","","","","","","","","","","","","","","","","","","",""
"2025/7/30","EMY-2970","37062","皮帶調整","0","","","","","","","","","","","","","","","","","","","","",""
"2025/7/31","EMG-5907","69628","LMG$9500/拉耳$2900/後CITY$2950/DREAMBASE握把套+加油管$1300/二手後避震$2500/31芯彈簧由土封$3440/前水行$2550/齒輪油$500/","25,400","","","","","","","","","","","","","","","","","","","","",""
"2025/7/31","EMQ-2821","56941","牛角鏡$2000/","2,000","1500","","","","","","","","","","","","","","","","","","","",""
"2025/8/1","EMG-8733","21258","赤鬼3200/BPM(F)1300/車廂燈850","5350","2080","850","","","","","","","","","","","","","","","","","","",""
"2025/8/1","EMY-6078","35294","前碟1000/前煞車皮500/刷卡+5%","1575","","960","","","","","","","","","","","","","","","","","","",""
"2025/8/2","EMJ-8655","67052","齒輪油500/BPM(F)1300/BPM前碟2800/P800(R)2100/SKF(F)950","7650","","","","","","","","","","","","","","","","","","","","",""
"2025/8/2","EMQ-9527","39244","儀表1800/載車800","2600","","","","","","","","","","","","","","","","","","","","",""
"2025/8/2","EPF-5737","60023","皮帶調整","","","","","","","","","","","","","","","","","","","","","",""
"2025/8/2","EQB-6132","21366","ZR1(F)2600/加油管750/FASS握把1680/CITY(R)2950/洗鍊條450","8430","","","","","","","","","","","","","","","","","","","","",""
"2025/8/4","MKD-7512","18106","FRANDO前碟盤4800/PBF(F)1400","6200","","","","","","","","","","","","","","","","","","","","",""
"2025/8/4","ERU-7883","12673","APEXX拉桿$1980/CCD內管組7800/赤鬼3400/AK550$8600/MTRT$3800/FASS握把2080/FRANDO(F)1300/手續費2000/洗車贈","36883","","","","","","","","","","","","","","","","","","","","",""
"2025/8/6","MNG-6633","41418","APEXX拉桿$1980/橢圓鏡2000//水泥灰8500/卡夢粗把烤漆4500/鍍黑螺絲680/粗把座3380/油線680/內裝三件2000/SIXIS靠背未收","23800","","","","","","","","","","","","","","","","","","","","",""
"2025/8/7","ENN-2738","26774","朱婉2400/白鐵輪心1000","3400","","","","","","","","","","","","","","","","","","","","",""
"","ERV-1591(原ENP-8305","50310","BPM(F)1050/DREAM握把850","1900","","","","","","","","","","","","","","","","","","","","",""
"","EQB-6133","53527","FASS握把1830","1830","","","","","","","","","","","","","","","","","","","","",""
"2025/8/9","EPR-5393","6721","糯米腸+內管950/代工後架500","1450","","","","","","","","","","","","","","","","","","","","",""
"","EMY-3737","29088","CITY後輪$2950+50","3000","","","","","","","","","","","","","","","","","","","","",""
"2025/8/9","ERF-1129","28680","蓋PRO16300/BPM後碟+卡座4300/PBF(R)1200/ABS SENSOR座750/XT2$2750/美容贈/刷卡+5%","25300","","","","","","","","","","","","","","","","","","","","",""
"2025/8/11","ERU-8301","6620","倒叉三角台置中，修改朱婉位置，擋點重車20000/鈦輪心2800/鈦螺絲*4$2500/HSC(R)2000/彈簧450(訂金20000","27750","","","","","","","","","","","","","","","","","","","","",""
"","EWB-5871","15943","中古馬達8500","8500","","","","","","","","","","","","","","","","","","","","",""
"","EMP-1973","45565","BPM前碟$2800/FRANDO(f$1300/BPM(R)1100/插銷卡黃450","5650","","","","","","","","","","","","","","","","","","","","",""
"","EPG-7259","","GO3後架","2000","1100","","","","","","","","","","","","","","","","","","","",""
"2025/8/12","ENP-3525","31507","油杯保護套500/滲透450","950","","","","","","","","","","","","","","","","","","","","",""
"2025/8/13","EMG-0835","27124","GO建850","850","","","","","","","","","","","","","","","","","","","","",""
"2025/8/14","EPF-9607","23100","前後CITY5200","5200","","","","","","","","","","","","","","","","","","","","",""
"","EPF-3133","53078","FRANDO(R)1300","1300","","","","","","","","","","","","","","","","","","","","",""
"2025/8/15","NFN-0926","8595","TT93(F)2650/機油850","3500","","","","","","","","","","","","","","","","","","","","",""
"2025/8/16","EPS-1925","17789","後輪培林1050/赤鬼3200/BPM 226碟盤2500/FASS搖臂+土除支架16100/後TT93$2700","25550","","","","","","","","","","","","","","","","","","","","",""
"","EMW-8378","15243","XT2$2750/SC(F)3400/BPM(R)1100/Frando(F)1300","8550","","","","","","","","","","","","","","","","","","","","",""
"","EPZ-9936","35970","代工450","450","","","","","","","","","","","","","","","","","","","","",""
"","EMG-8733","21336","握把套850/黑準1980","2830","","","","","","","","","","","","","","","","","","","","",""
"","EMQ-1935","31857","BPM(F)950","950","","","","","","","","","","","","","","","","","","","","",""
"2025/8/18","ENP-2262","23852","皮帶調整","","","","","","","","","","","","","","","","","","","","","",""
"","ERU-9953","8619","ZS1前後輪5100/LM650","5750","","","","","","","","","","","","","","","","","","","","",""
"","EMQ-0962","46823","橢圓鏡2000","2000","","","","","","","","","","","","","","","","","","","","",""
"2025/8/19","EMY-9783","33585","BPM前碟2400/FRANDO(F)1300/P800(R)1850/9K900","6450","","","","","","","","","","","","","","","","","","","","",""
"","NLF-1122","2625","CCD後避震9500","9500","","","","","","","","","","","","","","","","","","","","",""
"","EPR-2222","44432","左開關總成1980","1980","","","","","","","","","","","","","","","","","","","","",""
"","ERU-8301","6867","3K400","400","","","","","","","","","","","","","","","","","","","","",""
"","EMR-2696","33867","中古馬達+控制器8000/椅墊加厚1800/前煞車皮500/P800(R)2100/GO建900/9K1000","14300","","","","","","","","","","","","","","","","","","","","",""
"2025/8/20","ERU-5838","12507","前後輪4200/後PBF 1200/PB 1455 ","6855","","","","","","","","","","","","","","","","","","","","",""
"2025/8/21","ERL-2011","8673","前後輪心2650/前601 3200/後TT93 2400 *1.05 ","8663","","","","","","","","","","","","","","","","","","","","",""
"","EQB-1917","22577","XT2 2750/Dreambase 950","3700","","","","","","","","","","","","","","","","","","","","",""
"2025/8/22","NWE-6081","15200","牌框1200/大牌螺絲360/防水塞30/10W50 450/磁石100","2140","","","","","","","","","","","","","","","","","","","","",""
"","ERU-8325","2905","206 6990","6990","","","","","","","","","","","","","","","","","","","","",""
"2025/8/23","EQB-8932","17447","S98EV 4400/BPM(R) 900/加油管 400","5700","","","","","","","","","","","","","","","","","","","","",""
"","EPG-8325","38825","皮帶2000/S98EV 2300/BPM 900 /齒輪油650","5850","","","","","","","","","","","","","","","","","","","","",""
"","EPF-1959","47425","武川","1000","","","","","","","","","","","","","","","","","","","","",""
"2025/8/25","EPF-5737","60594","City grip saver 2700","2700","","","","","","","","","","","","","","","","","","","","",""
"","EQ 1216","39177","水行俠 2500","2500","","","","","","","","","","","","","","","","","","","","",""
"","EPG-7985","11735","皮帶調整/齒輪油 500/PBF(R)1200","1700","","","","","","","","","","","","","","","","","","","","",""
"","EPS-1925","18054","工資1300/Frando (R) 1300 /8*55 210 /8*35 *2  340","3150","","","","","","","","","","","","","","","","","","","","",""
"","EMY-3531","12103","武川(F) 600/水行俠(F) 2550/Dreambase 950 ","4100","","","","","","","","","","","","","","","","","","","","",""
"","EMG-6683","134732","皮帶調整200/BPM(R)950/PBF(F)1300 /氣嘴500","3050","","","","","","","","","","","","","","","","","","","","",""
"2025/8/26","ERF-1129","29252","皮帶調整/倒角處理/MTRT坐墊3600","3600","","","","","","","","","","","","","","","","","","","","",""
"","EQC-1036","14237","BPM前碟2800 / PBF 1200","4000","","","","","","","","","","","","","","","","","","","","",""
"","EMP-8692","12221","前t 850/後t 1000/REGINA 2900/珠碗2400/油門線750 /齒輪油500","8400","","","","","","","","","","","","","","","","","","","","",""
"2025/8/27","EQC-5358","38839","P800(R)1650/BPM(R)850","2500","","","","","","","","","","","","","","","","","","","","",""
"","ENS-6630","52060","P800(R)2100/P800(F)2100/前後碟2000/前後煞車皮1000/C03 4600/齒輪油500/後座加大片1350","13650","","","","","","","","","","","","","","","","","","","","",""
"","EMQ-8916","52936","SKF(F)950/內套管200/前煞車皮550","1700","","","","","","","","","","","","","","","","","","","","",""
"","ERG-7768","17659","ZR1 2600/EXTRA 2400/PBF (F)1000/PBF (R)1100 /BPM後碟1800(特)","9000","","","","","","","","","","","","","","","","","","","","",""
"2025/8/28","NFN-0926","8596","機油850/TT93 2650","3500","","","","","","","","","","","","","","","","","","","","",""
"","EPZ-1087","40174","CMSR(F) 2750","2750","","","","","","","","","","","","","","","","","","","","",""
"","EMQ-0891","53233","皮帶調整","0","","","","","","","","","","","","","","","","","","","","",""
"2025/8/29","EPF-5390","24306","鍊條清潔450/齒輪油500/BPM(R)850","1800","","","","","","","","","","","","","","","","","","","","",""
"","EPS-7788","12116","蓋PRO 16800 /齒輪油500","17300","","","","","","","","","","","","","","","","","","","","",""
"2025/8/30","EMG-9085","31627","PB 2400","2400","","","","","","","","","","","","","","","","","","","","",""
"","ERU-9908","2606","後CITY 2700 +3%","2781","","","","","","","","","","","","","","","","","","","","",""
"","ENP-5959","32508","皮帶調整/握把套850/保養3K 500","1350","","","","","","","","","","","","","","","","","","","","",""
"","EMY-0735","43886","BPM(F) 900 / BPM前碟2800","3700","","","","","","","","","","","","","","","","","","","","",""
"","ENP-5500","21489","水行俠2500/BPM(F)900/椅墊1000","4400","","","","","","","","","","","","","","","","","","","","",""
"","ERU-8610","25491","ZOO卡座2500","2500","","","","","","","","","","","","","","","","","","","","",""
"2025/8/31","EQD-2857","25150","BPM(R)850 ","850","","","","","","","","","","","","","","","","","","","","",""
"2025/9/1","NRN-7130","22527","7B$1400/2M機油$850/派克龍$350","2,600","","","","","","","","","","","","","","","","","","","","",""
"2025/9/1","EMQ-2689","32290","赤鬼$3200/BPM(F)$490(特)","3,690","","","","","","","","","","","","","","","","","","","","",""
"2025/9/1","861-KHS","48517","安科對四$1100/後水行俠$2300","3,400","","","","","","","","","","","","","","","","","","","","",""
"2025/9/1","EMU-3989","25331","前2R1 $2600/前FAR $3200/前PBF $1400","7,200","","","","","","","","","","","","","","","","","","","","",""
"2025/9/2","EQB-7753","99841","保養皮帶前後皮帶輪$8000/前FAR$4500/PBF前-後$2600  +3%","15,553","","","","","","","","","","","","","","","","","","","","",""
"2025/9/2","EQC-7682","15547","3K $500/左煞車開關$650/皮帶$1900/前水行俠$2500","5,550","","","","","","","","","","","","","","","","","","","","",""
"2025/9/3","EQD-0572","62102","BPM後來令$850","850","","","","","","","","","","","","","","","","","","","","",""
"2025/9/3","EQB-0121","45785","米其林後EX $2400","2,400","","","","","","","","","","","","","","","","","","","","",""
"2025/9/3","EMG-1985","18634","黑隼$1980 /機車小U $1800","3,780","","","","","","","","","","","","","","","","","","","","",""
"2025/9/4","EMV-6595","46781","驗車拆裝$6000/皮帶調整/左開關總成$2100","8,100","","","","","","","","","","","","","","","","","","","","",""
"2025/9/4","ERU-8610","25811","安科後來令$1050","1,050","","","","","","","","","","","","","","","","","","","","",""
"2025/9/4","EQB-8997","12226","POSI後靠背$1200  +5%","1,260","","","","","","","","","","","","","","","","","","","","",""
"2025/9/4","ERF-2017","59497","皮帶調整/XT2 $2600/FASS原廠防滑塊$800","3,400","","","","","","","","","","","","","","","","","","","","",""
"2025/9/4","EMR-5993","63769","皮帶調整","","","","","","","","","","","","","","","","","","","","","",""
"2025/9/6","ERG-0175","20424","後波沛$2100","2,100","","","","","","","","","","","","","","","","","","","","",""
"2025/9/6","EMY-0737","4484","MTRT $3500","3,500","","","","","","","","","","","","","","","","","","","","",""
"2025/9/6","EMY-9327","35359","MTRT $3600","3,600","","","","","","","","","","","","","","","","","","","","",""
"2025/9/6","PEJ-8161","2012","機油$500","500","","","","","","","","","","","","","","","","","","","","",""
"2025/9/8","AAD-9823","27692","後6162 $1800 /代工$500","2,300","","","","","","","","","","","","","","","","","","","","",""
"2025/9/8","EMH-0597","70091","前SC$3400/後XT2$2700/齒輪油$500/皮帶調整","6,600","","","","","","","","","","","","","","","","","","","","",""
"2025/9/8","ERU-8005","9381","GPRO後框$23000","23,000","","","","","","","","","","","","","","","","","","","","",""
"2025/9/9","ENP-8280","23944","皮帶調整","","","","","","","","","","","","","","","","","","","","","",""
"2025/9/9","NLF-9832","23880","2萬尾款","20,000","","","","","","","","","","","","","","","","","","","","",""
"2025/9/9","EMG-7133","85967","前煞皮$500 /前碟盤$1000/齒輪油$500/皮帶$2000","4,000","","","","","","","","","","","","","","","","","","","","",""
"2025/9/9","EQC-9990","55472","皮帶$2000","2,000","","","","","","","","","","","","","","","","","","","","",""
"2025/9/9","EQC-0171","14899","P800(F) $2000/P800 ( R) $1850/強化組 $500 /武川煞車$900  /鍊條CLEAN $450/齒輪油$450","6,150","","","","","","","","","","","","","","","","","","","","",""
"2025/9/11","EMH-7687","23269","APEXX 置物箱$700/代工$450","1,150","","","","","","","","","","","","","","","","","","","","",""
"2025/9/11","EMJ-8823","45446","黑隼$1980","1,980","","","","","","","","","","","","","","","","","","","","",""
"2025/9/12","MNG-6633","41833","野蠻公牛$8800 /黑底銀(中古)$4500 /FAR $2900 /後卡座$2500 /EXTRA $2500 /煞車油$500/後輪培林$1200 /卡簧$150","23,200","","","","","","","","","","","","","","","","","","","","",""
"2025/9/12","ENC-6938","39689","野蠻公牛$8800/土除贈送/珠碗$2500/三角台$2400/EXTRA $2450","16,150","","","","","","","","","","","","","","","","","","","","",""
"2025/9/12","EQD-5360","15447","後CITY $2150 / 前TT93 $2100","4,200","","","","","","","","","","","","","","","","","","","","",""
"2025/9/12","EMQ-0928","55072","前後煞車皮$1000","1,000","","","","","","","","","","","","","","","","","","","","",""
"2025/9/12","EQF-2531","33800","二手前叉 三角台 搖臂$57200 /前輪框$22500/前水行$2600/後XT2$2700/尾燈$4400/車殼$8000/LMG螺柱$1250 /AFAM$2850/5H$850/上移$4800/後擋泥$500/Frando總泵$15600/鍊條$2900/油管$7800/代工$2000/Brembo $7800/前碟NCY $5000/前PBF$1400/油線$150/-4000加班費","146,000","","","","","","","","","","","","","","","","","","","","",""
"2025/9/13","ERV-3162","14926","黑隼$1380/工資$300/鍍黑$200","1,880","","","","","","","","","","","","","","","","","","","","",""
"2025/9/13","ERV-8301","7334","土除$3400 /套管$1000","4,400","","","","","","","","","","","","","","","","","","","","",""
"2025/9/15","ERF-1076","38364","絞鏈$850","850","","","","","","","","","","","","","","","","","","","","",""
"2025/9/15","EMG-1985","19018","APEXX 置物箱$700/小U出保","700","","","","","","","","","","","","","","","","","","","","",""
"2025/9/16","EMG-5907","70644","皮帶調整","","","","","","","","","","","","","","","","","","","","","",""
"2025/9/16","NXE-8292","9922","機油$850","850","","","","","","","","","","","","","","","","","","","","",""
"2025/9/16","EQB-6133","54998","EXTRA ( R)$2500/中古後框$3000","5,500","","","","","","","","","","","","","","","","","","","","",""
"2025/9/16","MND-0927","36725","HSC後來令$1900/川歐後碟$2700/前水行$2600/後ZS1 $2700/暴力威機油$850/齒輪油$1000","10,850","","","","","","","","","","","","","","","","","","","","",""
"2025/9/17","LAZ-2963","18895","FRANDO 680S$6200/金屬燒結$1800/FAR訂製$7500/機油LM 10W40$750 750/油芯$550/PK7握把$400 /鈦螺絲*11 $3600","21,000","","","","","","","","","","","","","","","","","","","","",""
"2025/9/17","EMQ-2821","58708","皮帶調整/SC $2900/金屬燒結$2200/ 18K $1900","7,000","","","","","","","","","","","","","","","","","","","","",""
"2025/9/18","EMY-8275","14279","代工$250","250","","","","","","","","","","","","","","","","","","","","",""
"2025/9/18","ERV-3666","33","FASS搖臂$24800/皮帶蓋支架$2590/後土除支架$1880/ZD黑化支架$15800/牌框$1200/螺絲*22 $4000/黑隼$1980/BPM後碟$2500/Frando (R )$1300/Stylema$ 13800/BPM前碟$4500/套筒$400/煞車油 贈/後卡座$1500/BPM金屬$1900","78,100","","","","","","","","","","","","","","","","","","","","",""
"2025/9/18","NXB-7007","33225","機油&齒輪油 $1100","1,100","","","","","","","","","","","","","","","","","","","","",""
"2025/9/19","EMG-5670","29884","載車$1200/KEY $1500","2,700","","","","","","","","","","","","","","","","","","","","",""
"2025/9/19","EQB-6522","26718","PB $1600/MTRT$3600/齒輪油$500","6,550","","","","","","","","","","","","","","","","","","","","",""
"2025/9/20","ERU-7775","13426","赤鬼$3500 / Frando (F)$1300 /SC (F)$3000","7,800","","","","","","","","","","","","","","","","","","","","",""
"2025/9/20","EQB-1917","22925","皮帶$2000/風嘴頭$500","2,500","","","","","","","","","","","","","","","","","","","","",""
"2025/9/20","NXE-8292","10003","空濾$1500/Aracer火星塞$800/Frando (R )$1800/油芯$550","4,650","","","","","","","","","","","","","","","","","","","","",""
"2025/9/22","CNU-999","66299","中古前後輪$2200/安科後煞車皮$700","2,900","","","","","","","","","","","","","","","","","","","","",""
"2025/9/22","EQB-8098","9868","P600 $2100/P800 $1850/Dreambase握把 $1350/後碟盤$1000 /3945 /BPM(F) $900/BPM(R )$850/黑隼$1980","13,600","","","","","","","","","","","","","","","","","","","","",""
"2025/9/22","ERH-0929","15390","3K$500/SC $3400/後XT2 $2700/RPM氣嘴","7,600","","","","","","","","","","","","","","","","","","","","",""
"2025/9/22","EPS-9979","28504","3K $900","900","","","","","","","","","","","","","","","","","","","","",""
"2025/9/24","EMG-1161","38860","BPM前來令$1200","1,200","","","","","","","","","","","","","","","","","","","","",""
"2025/9/24","EMR-6191","35761","後靠背$2480 +5%","2,604","","","","","","","","","","","","","","","","","","","","",""
"2025/9/24","ERF-1076","39336","AK550$7800/BPM (F) $1400/赤鬼 $3500/煞車油$500/ABS SS2.0$9800 /Dreambase $1050","24,000","","","","","","","","","","","","","","","","","","","","",""
"2025/9/24","EPG-8656","49968","後碟盤$1000/Dreambase握把套$1350","2,350","","","","","","","","","","","","","","","","","","","","",""
"2025/9/24","EPP-5177","71142","後碟盤$1000/後煞車皮$500/前T $850/後齒$1500","3,850","","","","","","","","","","","","","","","","","","","","",""
"2025/9/24","EMZ-1190","24101","鍊條$2900/AFAM $2850/5H $850/後輪中古 $1500/螺柱$1250 /手機架$500","9,850","","","","","","","","","","","","","","","","","","","","",""
"2025/9/24","ERF-3227","11204","手機架$1000/3K+GO鍵 $1200","2,200","","","","","","","","","","","","","","","","","","","","",""
"2025/9/25","EMY-3531","12211","上內護蓋$3200/後CITY EXTRA$2450","5,650","","","","","","","","","","","","","","","","","","","","",""
"2025/9/25","ERV-3692","8045","NCY 260$3900/Frando(F)$1300/8*25*5碟盤螺絲$1500","6,700","","","","","","","","","","","","","","","","","","","","",""
"2025/9/25","EMH-0597","70701","前叉保養$8500/中柱$500/安科前來令$1200","10,200","","","","","","","","","","","","","","","","","","","","",""
"2025/9/25","EQG-1071","51291","BPM前後來令$1750","1,750","","","","","","","","","","","","","","","","","","","","",""
"2025/9/25","EMD-9831","22310","前煞車皮贈/諾斯(F) $2150/轉向$2400/18K $2000/P800 (R )$2000 (特)","8,500","","","","","","","","","","","","","","","","","","","","",""
"2025/9/26","ERU-7883","14419","3K $790/皮帶$2600/ZR1 後$2600","5,990","","","","","","","","","","","","","","","","","","","","",""
"2025/9/26","EPF-0908","40671","LMG商用穩$12800/後CITY$2950/齒輪油$500/Frando後來令$1300","17,550","","","","","","","","","","","","","","","","","","","","",""
"2025/9/26","EMZ-8868","41183","BPM前碟$2800/前煞車皮$900/3K $785 /輕感$750","5,235","","","","","","","","","","","","","","","","","","","","",""
"2025/9/26","ENP-2816","45683","皮帶調整XT2 $2750/ BPM後碟$2100/黑隼$1980","6,830","","","","","","","","","","","","","","","","","","","","",""
"2025/9/26","EQF-3333","","TTX保養","12,000","8143","","","","","","","","","","","","","","","","","","","",""
"2025/9/26","EQD-9567","8878","P800(R )$1600/BPM(F) $850/BPM(R )$850/糯米腸$950","4,250","","","","","","","","","","","","","","","","","","","","",""
"2025/9/27","MNZ-8585","20782","前T $850/水行俠(F) $2500/PBF(R )$1200","4,550","","","","","","","","","","","","","","","","","","","","",""
"2025/9/27","EPG-7259","28003","3K $390/EXTRA $2200(特)/PBF $1600","3,690","","","","","","","","","","","","","","","","","","","","",""
"2025/9/27","MPR-1853","43409","黑底紅$6800/Frando後碟$3100/中古後總泵$1000/鍍鈦輪芯$1300/螺絲*2 $650(插銷)/後輪培林$1050/Frando (F) $1300","15,200","","","","","","","","","","","","","","","","","","","","",""
"2025/9/29","MPP-3921","32551","小螃蟹煞車皮$950/水行俠$2550/Extra (R )$2500/後剎車油 $500","6,500","","","","","","","","","","","","","","","","","","","","",""
"2025/9/29","EMG-0835","27480","CS1-IS$7400","7,400","2610","","","","","","","","","","","","","","","","","","","",""
"2025/10/1","MHQ-6100","71143","後XT2 $2700/6302+6002*2+內套管$1850/","4,550","","","","","","","","","","","","","","","","","","","","",""
"2025/10/1","ERU-7883","14560","ZD上移$11700/","11,700","","","","","","","","","","","","","","","","","","","","",""
"2025/10/2","EPR-2222","45786","前S01$3700/前來令$650/","4,350","","","","","","","","","","","","","","","","","","","","",""
"2025/10/2","EMY-3086","64816","Frando$14600/油管$7500/18K$2000/","24,100","","","","","","","","","","","","","","","","","","","","",""
"2025/10/2","MJQ-1680","29993","保養傳動組-三相線$13000/行車紀錄器+取電線$14490/PBF(F)&(R )$2600/後川歐$3000/後水行$2450/後羊角總成$4500/","40,000","","","","","","","","","","","","","","","","","","","","",""
"2025/10/3","MPR-0307","26124","改方向燈線組$2000/","2,000","","","","","","","","","","","","","","","","","","","","",""
"2025/10/3","EQD-1029","14207","Frando(F)$1300/","1,300","","","","","","","","","","","","","","","","","","","","",""
"2025/10/3","ERV-8301","7855","CMSR (F)$2850/CMSR(R )$2850/Pakelo$850/","6,550","","","","","","","","","","","","","","","","","","","","",""
"2025/10/3","EQB-7826","20384","水行俠$2500/PBF(R )$1200/","3,700","","","","","","","","","","","","","","","","","","","","",""
"2025/10/3","EMG-1572","52171","BPM(F)$850/BPM(R )$850/","1,700","","","","","","","","","","","","","","","","","","","","",""
"2025/10/4","EPF-6601","23951","皮帶調整齒輪油$500/UR1前碟","500","","","","","","","","","","","","","","","","","","","","",""
"2025/10/4","EQB-7753","102036","S98 Sport$2250/","2,250","","","","","","","","","","","","","","","","","","","","",""
"2025/10/4","LAZ-2963","19373","Q5A$12400/墊片$400/","12,800","","","","","","","","","","","","","","","","","","","","",""
"2025/10/4","EQD-8877","13664","ONES土除$3000/墊片*4$120/","3,120","","","","","","","","","","","","","","","","","","","","",""
"2025/10/6","EQB-8932","17721","CNC後擋泥$3900/chain clean$450/黑隼$1380/","5,730","","","","","","","","","","","","","","","","","","","","",""
"2025/10/6","ENE-3788","27271","糯米腸+內管$850/","850","","","","","","","","","","","","","","","","","","","","",""
"2025/10/6","EPY-1385","8813","ZD黑化土除$11400/KOSO方向燈$1600/","13,000","","","","","","","","","","","","","","","","","","","","",""
"2025/10/7","MPR-1852","43681","BPM(F)$1200/BPM(R )$1100/中古後碟後卡座$2500/中古儀表$1500/米皮帶$2500/煞車油$500/","9,300","","","","","","","","","","","","","","","","","","","","",""
"2025/10/7","ERE-6666","42133","米皮帶$2900/FSX維修保養$13000/","15,900","","","","","","","","","","","","","","","","","","","","",""
"2025/10/7","MNA-3739","65430","皮帶調整水泵$2100/","2,100","","","","","","","","","","","","","","","","","","","","",""
"2025/10/8","NFL-8795","33740","暴力威$950/齒輪油贈送brembo煞車油$1600/BPM (F)$1300/BPM(R )$1100/空濾$850/皮帶$1600/工資$700/","8,100","","","","","","","","","","","","","","","","","","","","",""
"2025/10/8","EPX-9706","50100","3K$455/LM$500/Frando(F)$1300/KOSO土除$1100/皮帶調整","3,355","","","","","","","","","","","","","","","","","","","","",""
"2025/10/8","MJT-8888","25063","Key$1455/3K$485/皮帶$3600/易格斯$2800/$1000/螺$300/","9,640","","","","","","","","","","","","","","","","","","","","",""
"2025/10/9","EQB-6293","57669","Frando來令(F) +(R )$2600/FAR後碟$2900/齒輪油$650/前水行$2700/","8,850","","","","","","","","","","","","","","","","","","","","",""
"2025/10/9","EPY-1385","8957","前S01$3700/後ZR1$2700/惡搞飛旋$2300/3K$390/","9,090","","","","","","","","","","","","","","","","","","","","",""
"2025/10/9","EMZ-9886","10818","前水行俠$+後米其林EX$5000/BPM後來令(R )$850/","5,850","","","","","","","","","","","","","","","","","","","","",""
"2025/10/9","ERF-1076","41023","黑底紅$6800/BPM卡座$2500/BPM後碟$2500/煞車油$800/插銷+彈簧$550/","13,150","","","","","","","","","","","","","","","","","","","","",""
"2025/10/10","EPY-1385","9042","遮光罩$300/6*20鈦 *2$500/","800","","","","","","","","","","","","","","","","","","","","",""
"2025/10/11","EQC-9581","11749","前叉油+套管$1800/P600$2150/SKF(F)+內套$1150/","5,100","","","","","","","","","","","","","","","","","","","","",""
"2025/10/11","EQB-7599","89610","二手PBF (R )$600/","600","","","","","","","","","","","","","","","","","","","","",""
"2025/10/11","EMQ-9093","86457","齒輪油$450/","450","","","","","","","","","","","","","","","","","","","","",""
"2025/10/14","ERH-7005","4814","喇叭+開關$6800/","6,800","","","","","","","","","","","","","","","","","","","","",""
"2025/10/14","EQB-6183","14335","調整鏈條","0","","","","","","","","","","","","","","","","","","","","",""
"2025/10/15","EMG-8810","40655","6201*2$1150/代步車$400/擋泥板$950/右飛旋$710/左側下$1550/齒輪油$500/","5,260","","","","","","","","","","","","","","","","","","","","",""
"2025/10/15","EMY-3086","65175","X2後避震保養$6000/","6,000","","","","","","","","","","","","","","","","","","","","",""
"2025/10/16","EMG-1572","52324","烤漆$7000/油線$850/鋁合金後視鏡$2000/中古APEXX$1000/","10,850","","","","","","","","","","","","","","","","","","","","",""
"2025/10/16","ENP8280","24417","P800(F) $2150/P800( R)$2100/SKF(F)+內套$1150/18K$1740/","7,140","","","","","","","","","","","","","","","","","","","","",""
"2025/10/17","NFL-8795","34670","汽油管$1650/機油$950/","2,600","","","","","","","","","","","","","","","","","","","","",""
"2025/10/17","PAV-5099","4692","CMSR(F)$2750/","2,750","","","","","","","","","","","","","","","","","","","","",""
"2025/10/17","MGC-3893","53817","儀表$3500/道路救援$1000/","4,500","","","","","","","","","","","","","","","","","","","","",""
"2025/10/18","EQC-9990","56337","Frando來令(F)$1700/Frando前碟$5800/煞車油$500/","8,000","","","","","","","","","","","","","","","","","","","","",""
"2025/10/20","EMQ-0160","10289","緩衝橡皮$220/$11/","231","","","","","","","","","","","","","","","","","","","","",""
"2025/10/20","EQB-7753","102915","齒輪油$500/","500","","","","","","","","","","","","","","","","","","","","",""
"2025/10/21","ENP-2791","15067","M皮帶$2200/","2,200","","","","","","","","","","","","","","","","","","","","",""
"2025/10/21","EMQ-0928","56114","救援$1500/","1,500","","","","","","","","","","","","","","","","","","","","",""
"2025/10/21","ERU-1203","18006","代工$1500/BPM(F)$850/","2,350","","","","","","","","","","","","","","","","","","","","",""
"2025/10/21","EMR-2388","65158","APEXX拉桿$2080/","2,080","","","","","","","","","","","","","","","","","","","","",""
"2025/10/22","ERE-6666","42204","左油杯清潔$300/","300","","","","","","","","","","","","","","","","","","","","",""
"2025/10/22","EQB-5710","3262","代工$1500/","1,500","","","","","","","","","","","","","","","","","","","","",""
"2025/10/23","EMY-2970","38495","儀表$1500/","1,500","","","","","","","","","","","","","","","","","","","","",""
"2025/10/24","ERU-2016'","24886","chain clean $450/LM$650/","1,100","","","","","","","","","","","","","","","","","","","","",""
"2025/10/27","MCT-9597","7586","中古胎(F)中古胎(R )$1600/機油$450/bon125前卡鉗碟盤$3200/","5,000","","","","","","","","","","","","","","","","","","","","",""
"2025/10/27","ERH-5756","16276","GP901$2300/","2,300","","","","","","","","","","","","","","","","","","","","",""
"2025/10/27","ERV-3697","243","代工$1500/","1,500","","","","","","","","","","","","","","","","","","","","",""
"2025/10/27","EQD-2199","39821","左開關總成$2150/","2,150","","","","","","","","","","","","","","","","","","","","",""
"2025/10/28","NFN-0926","8772","電腦+查修$12000/電瓶$1700/已付4700","13,700","","","","","","","","","","","","","","","","","","","","",""
"2025/10/29","EPF-0198","35556","MASA後碟$2100/BPM(R )$850/9K $930/","3,880","","","","","","","","","","","","","","","","","","","","",""
"2025/10/30","MJK-7007","26085","後波沛$2100/","2,100","","","","","","","","","","","","","","","","","","","","",""
"2025/10/30","EPF-0911","49790","XT2(特)$2500/Anchor(R )$1050/PBF(F)$1400/啟動鍵$850/Pake $850/街口","6,650","","","","","","","","","","","","","","","","","","","","",""
"2025/10/30","ENQ-3669","75712","601$3200/Regina$2900/前T後T$2850/前煞車皮$490/調鏈器$200/","9,640","","","","","","","","","","","","","","","","","","","","",""
"2025/10/30","MPR-0307","26498","SKF(F )+外內套管$1700/","1,700","","","","","","","","","","","","","","","","","","","","",""
"2025/10/30","EPU-3330","31424","18K$2950/後碟盤$2500/後XT2$2750/Frando後來令$1300/前PBF來令$1400/握把套$950/鈦螺絲13$3650/M6*20F$230/","15,730","","","","","","","","","","","","","","","","","","","","",""
"2025/10/30","EMQ-9093","88000","前輪薩諾斯$2150/前齒$850/鏈條$2900/","5,900","","","","","","","","","","","","","","","","","","","","",""
"2025/10/30","EPQ-0555","27499","內管組$3000/9K$995/ZR1$2500/","6,495","","","","","","","","","","","","","","","","","","","","",""
"2025/10/31","PAU-5099","5249","代工$2600/機油+齒輪油$1000/AK550$7800/M10x55p1.25*2$1200/Far前碟$6300/","18,900","","","","","","","","","","","","","","","","","","","","",""
"2025/10/31","NEW-6081","16371","機油齒輪油$400/","400","","","","","","","","","","","","","","","","","","","","",""
"2025/10/31","ERG-3776","19904","後XT2$2750/齒輪油$500/中柱彈簧$280/皮帶$2000/拉耳$3200/圓場後來令$650/","9,380","","","","","","","","","","","","","","","","","","","","",""
"2025/11/1","EME-8587","32886","左側腳踏座$1800/右側腳踏座$1800/TT93 (R )$2450/牌照燈$1400/","7,450","","1200","","","","","","","","","","","","","","","","","","",""
"2025/11/1","EMG-7162","","LMG$9800/後培林+內套管$1450/","11,250","","","","","","","","","","","","","","","","","","","","",""
"2025/11/1","EMQ-0160","10305","黑隼$1980/油門線$850/","2,830","","","","","","","","","","","","","","","","","","","","",""
"2025/11/1","EMQ-7919","68142","後XT2$2850/FAR後碟$2500/Brembo後來令$1600/前PBF來令$1400/齒輪油$850/握把套$950/999R油杯+油$4600/M10卡鉗氣嘴*2$900/M8*15*F*2$500/M6*25*F*2$500/","16,650","","","","","","","","","","","","","","","","","","","","",""
"2025/11/1","EQC-9100","18615","TT93 $2100/SKF (R )$1400/內套管400$400/$195/","4,095","","","","","","","","","","","","","","","","","","","","",""
"2025/11/1","EQD-8877","13932","Pakelo$850/","850","","","","","","","","","","","","","","","","","","","","",""
"2025/11/1","ERU-2229","7877","BPM(F) $1300/LM$300/","1,600","","","","","","","","","","","","","","","","","","","","",""
"2025/11/3","EMW-3068","49569","SKF(F)+內套管$1150/油門線$850/SC(F )$3300/赤鬼$3400/B剎車皮$2200/代工$400/","11,300","","","","","","","","","","","","","","","","","","","","",""
"2025/11/3","EPG-7259","28802","油門線$850/Dreambase+內管$1350/","2,200","","","","","","","","","","","","","","","","","","","","",""
"2025/11/3","MND-5069","51053","皮帶調整MOLOSSI$1350/儀表GO$1800/","3,150","","","","","","","","","","","","","","","","","","","","",""
"2025/11/4","ERF-1129","31946","FAR後碟$2600/PBF後來令$1200/3K$455/派克龍$850/","5,105","","","","","","","","","","","","","","","","","","","","",""
"2025/11/5","EMQ-2689","30","中古馬達$8000/Regina$2900/AFAM$2850/","13,750","","","","","","","","","","","","","","","","","","","","",""
"2025/11/5","EMR-2696","34064","把手三角台前下擾流前土除把手上蓋把手下蓋把手後蓋前碟盤前輪芯$6100/轉向軸承$2500/右煞車總泵$2100/","10,700","","","","","","","","","","","","","","","","","","","","",""
"2025/11/5","EMZ-0199","12763","珠碗$2400/6201*2$1200/BPM前來令$950/前輪SN$2150/","6,700","","500","","","","","","","","","","","","","","","","","","",""
"2025/11/5","EQP-2593","20199","EXTRA(R )$2400/","2,400","","","","","","","","","","","","","","","","","","","","",""
"2025/11/5","EWB-8102","35887","前EV後EV後碟前來令後來令Domino握把套煞車油$11400/","11,400","","","","","","","","","","","","","","","","","","","","",""
"2025/11/6","ENP-1817","56838","油管$6800/BPM前來令$1300/AFAM$2850/RG鏈條$2980/特工$250/總泵清潔$1000/Dreambase握把套$1050/","16,230","","","","","","","","","","","","","","","","","","","","",""
"2025/11/6","ERV-1251","7266","ZR1高胎$2700/$135/","2,835","","","","","","","","","","","","","","","","","","","","",""
"2025/11/7","EMG-5609","","SC (F)$3300/","3,300","","","","","","","","","","","","","","","","","","","","",""
"2025/11/7","ERU-2016","25282","Frando 130S$15800/油管(上)*2$4500/水行俠(F)$2550/City(R ) $2950/AK550$7800/赤鬼$3800/SKF(R )+內套管$1800/刷5%$1960/","41,160","","","","","","","","","","","","","","","","","","","","",""
"2025/11/8","EMG-7133","89594","皮帶調整後波沛$2100/","2,100","","","","","","","","","","","","","","","","","","","","",""
"2025/11/8","ERG-8092","5252","Dreambase握把+內管$1350/","1,350","","","","","","","","","","","","","","","","","","","","",""
"2025/11/8","MPR-1853","43749","珠碗$2500/油門線$850/","3,350","","500","","","","","","","","","","","","","","","","","","",""
"2025/11/10","EMV-3989","28641","油管$7800/右總泵+煞車油$6500/","14,300","","","","","","","","","","","","","","","","","","","","",""
"2025/11/10","ENR-2337","62297","油門線$850/","850","","","","","","","","","","","","","","","","","","","","",""
"2025/11/10","EPE-5688","10844","Frando (F )$1300/Frando (R )$1300/","2,600","","","","","","","","","","","","","","","","","","","","",""
"2025/11/11","ERG-0302","205229","齒輪油$400/","400","","","","","","","","","","","","","","","","","","","","",""
"2025/11/11","ERU-0878","19338","珠碗$2500/油門線$850/POSI後靠背$2680/前輪$2150/Dreambase握把套$1350/","9,530","","","","","","","","","","","","","","","","","","","","",""
"2025/11/11","ERU-1117","6613","前TT93$2000/後代工$600/","2,600","","","","","","","","","","","","","","","","","","","","",""
"2025/11/12","NFL-8795","35236","握把套$1100/端子鏡$2200/承旭卡夢拉桿$2700/","6,000","","","","","","","","","","","","","","","","","","","","",""
"2025/11/12","NKW-6926","15000","Minxx$16500/含氧調校孔$1000/PBF(F )$1400/PBF(R )$1200/訂金-$2100/$900/","18,900","","","","","","","","","","","","","","","","","","","","",""
"2025/11/12","PEJ-8161","3082","油力特15W40$400/","400","","","","","","","","","","","","","","","","","","","","",""
"2025/11/13","EMG-6191","98100","蓋PRO$16800/Frando(R )$1300/LMG$9800/耳座$2000/齒輪油$500/右側下$1500/","31,900","","","","","","","","","","","","","","","","","","","","",""
"2025/11/13","ENP-0393","67002","水行俠(F)$2550/XT2 $2750/","5,300","","","","","","","","","","","","","","","","","","","","",""
"2025/11/13","EPE-0360","39956","皮帶調整","0","","","","","","","","","","","","","","","","","","","","",""
"2025/11/14","EMG-9160","17435","前波沛後S800$4000/","4,000","","","","","","","","","","","","","","","","","","","","",""
"2025/11/14","EMR-8111","25641","後波沛$2500/前齒$800/","3,300","","","","","","","","","","","","","","","","","","","","",""
"2025/11/14","EMY-8653","24732","馬達油封$1000/","1,000","","","","","","","","","","","","","","","","","","","","",""
"2025/11/14","EPS-6667","12756","儀表$1500/救援$1000/","2,500","","","","","","","","","","","","","","","","","","","","",""
"2025/11/14","EPX-0970","4662","RPM後避震$11300/","11,300","","","","","","","","","","","","","","","","","","","","",""
"2025/11/14","ERF-2017","62775","油管$9500/Frando總泵$15800/BPM後來令$1100/M10*10*2 -大牌螺黑*4$1000/16000+5%$800/","28,200","","","","","","","","","","","","","","","","","","","","",""
"2025/11/14","LAZ-2963","20296","大保$3500/LM10/40$1500/火星塞$1200/代工$800/","7,000","","","","","","","","","","","","","","","","","","","","",""
"2025/11/14","MJW-8388","23213","G2ZERO+前叉$24500/風鏡$2000/PBF(F)$1200/線束$1000/哈姆培林$1500/節流管$500/","30,700","","","","","","","","","","","","","","","","","","","","",""
"2025/11/15","EMP-8378","12233","橢圓鏡$2000/","2,000","","","","","","","","","","","","","","","","","","","","",""
"2025/11/15","EMW-3068","49930","照地燈(右)$1250/","1,250","","1100","","","","","","","","","","","","","","","","","","",""
"2025/11/15","EMY-7107","50576","LMG皮帶組$9800/齒輪油$500/","10,300","","","","","","","","","","","","","","","","","","","","",""
"2025/11/15","EQC-9990","57319","皮帶調整齒輪油$500/","500","","","","","","","","","","","","","","","","","","","","",""
"2025/11/15","MJT-8888","25593","後避震保養$13000/KEY1455$1455/","14,455","","1455","","","","","","","","","","","","","","","","","","",""
"2025/11/17","EMG-6205","26299","皮帶調整珠碗$2400/6201*2$950/","3,350","","","","","","","","","","","","","","","","","","","","",""
"2025/11/17","EQK-3869","9705","後天使$2500/齒輪油$500/握把套+加油管$1000/","4,000","","","","","","","","","","","","","","","","","","","","",""
"2025/11/18","ENN-2738","29327","皮帶調整齒輪油$500/後XT2$2650/水行俠(F)$2650/","5,800","","","","","","","","","","","","","","","","","","","","",""
"2025/11/19","EMQ-6030","28823","皮帶$2000/Dreambase+內管$1450/5%$173/","3,623","","","","","","","","","","","","","","","","","","","","",""
"2025/11/19","ENP-3525","32577","9KGO鍵左煞車開關右煞車開關$3700/油門線$1000/","4,700","","","","","","","","","","","","","","","","","","","","",""
"2025/11/19","MAB-1773","25606","載車$1000/傳動組+JZ惰齒$8000/$450/","9,450","","","","","","","","","","","","","","","","","","","","",""
"2025/11/19","NKR-6369","52943","五匹$1200/","1,200","","","","","","","","","","","","","","","","","","","","",""
"2025/11/20","EMR-1870","20040","水行俠(F)$2500/","2,500","","","","","","","","","","","","","","","","","","","","",""
"2025/11/20","EPF-5390","25355","AFAM$2850/5H$850/DID$2980/P800$2100/","8,780","","","","","","","","","","","","","","","","","","","","",""
"2025/11/20","EPY-1385","10251","代工$250/","250","","","","","","","","","","","","","","","","","","","","",""
"2025/11/20","EQD-6739","15478","保養$450/惡搞飛旋$2400/齒輪油$350/","3,200","","","","","","","","","","","","","","","","","","","","",""
"2025/11/20","PAU-5099","6269","暴力威機油+齒輪油$1000/","1,000","","","","","","","","","","","","","","","","","","","","",""
"2025/11/21","EMY-9783","35574","BPM(R )$850/","850","","","","","","","","","","","","","","","","","","","","",""
"2025/11/21","ENS-1736","2","皮帶組$9800/MTRT椅墊$3700/橢圓鏡$2000/後輪$2100/","17,600","","","","","","","","","","","","","","","","","","","","",""
"2025/11/21","EPD-5177","71762","珠碗中古右總泵中古側腳架$3800/","3,800","","","","","","","","","","","","","","","","","","","","",""
"2025/11/22","EMG-8733","22470","Frando130S總泵$15800/油管$7800/Brembo後卡$7800/Frando後碟$3200/卡座$2500/BPM後來令$900/M8*40*2插銷M8*20*2","38,000","","","","","","","","","","","","","","","","","","","","",""
"2025/11/22","ENP-1085","170945","油門線(含除鏽)$1200/糯米腸$450/","1,650","","","","","","","","","","","","","","","","","","","","",""
"2025/11/22","EQB-7753","104859","哈姆培林$1500/齒輪油$500/","2,000","","","","","","","","","","","","","","","","","","","","",""
"2025/11/22","ERE-6789","7256","後視鏡$910/APEXX拉桿$1980/","2,890","","","","","","","","","","","","","","","","","","","","",""
"2025/11/24","EMQ-0160","10736","C03$4500/","4,500","","","","","","","","","","","","","","","","","","","","",""
"2025/11/24","EMY-0061","47321","MASA後碟$2500/PB$1455/BPM後來令$950/前波沛後XT2$4450/3K$455/","9,810","","","","","","","","","","","","","","","","","","","","",""
"2025/11/24","EQD-5092","17787","齒輪油(特)$500/Chain clean$450/","950","","","","","","","","","","","","","","","","","","","","",""
"2025/11/24","ERU-2016","26514","PBF前來令$1400/","1,400","","","","","","","","","","","","","","","","","","","","",""
"2025/11/24","ERU-7700","5487","後ZR1$2850/","2,850","","","","","","","","","","","","","","","","","","","","",""
"2025/11/25","ENP-3301","36946","牌照遮光板$200/","200","","","","","","","","","","","","","","","","","","","","",""
"2025/11/25","PAU-5099","6701","CMSR後$2850/","2,850","","","","","","","","","","","","","","","","","","","","",""
"2025/11/27","EMY-2151","77610","BPM前後來令$2400/18K$1900/皮帶$2000/MASA後碟$2100/後XT2$2750/","11,150","","","","","","","","","","","","","","","","","","","","",""
"2025/11/27","EPF-6566","51804","BPM前來令$1300/PBF後來令$1200/握把套$950/","3,450","","","","","","","","","","","","","","","","","","","","",""
"2025/11/27","ERU-8301","10008","3K$390/齒輪油$850/","1,240","","390","","","","","","","","","","","","","","","","","","",""
"2025/11/27","MCD-1167","48707","機油$250/","250","","","","","","","","","","","","","","","","","","","","",""
"2025/11/27","PAU-5099","6766","MTRT椅墊$6700/","6,700","","","","","","","","","","","","","","","","","","","","",""
"2025/11/28","EMH-3068","8729","PB+道救$2500/","2,500","","","","","","","","","","","","","","","","","","","","",""
"2025/11/28","EMQ-2821","61808","3K$600/皮帶調整","600","","","","","","","","","","","","","","","","","","","","",""
"2025/11/28","EMY-2623","75108","後XT2$2750/皮帶調整齒輪油$500/","3,250","","","","","","","","","","","","","","","","","","","","",""
"2025/11/28","EPF-0908","41785","前SC$3400/皮帶調整","3,400","","","","","","","","","","","","","","","","","","","","",""
"2025/11/28","EQB-6133","57529","SKF(F)+內外套管$1700/油門線$1200/剎車Switch(L)$680/","3,580","","","","","","","","","","","","","","","","","","","","",""
"2025/11/28","ERQ-1856","214","MTRT椅墊$4000/","4,000","2350","","","","","","","","","","","","","","","","","","","",""
"2025/11/28","PAU-5099","6919","短圓鏡$2000/","2,000","","","","","","","","","","","","","","","","","","","","",""
"2025/11/28","PCV-1883","3043","代工$200/","200","","","","","","","","","","","","","","","","","","","","",""
"2025/11/29","EMH-0597","74585","皮帶調整(下次換整套)齒輪油$650/調整前後","650","","","","","","","","","","","","","","","","","","","","",""
"2025/11/29","EMJ-8865","70233","水行俠(F)$2550/Frando(F)$1300/清潔$300/","4,150","","","","","","","","","","","","","","","","","","","","",""
"2025/11/29","EMQ-5970","45151","AFAM$2850/螺柱$1250/","4,100","","","","","","","","","","","","","","","","","","","","",""
"2025/11/29","EPG-8315","44092","6K$455/Frando(F)$1300/Frando(R )$1300/皮帶調整","3,055","","","","","","","","","","","","","","","","","","","","",""
"2025/11/29","ERF-5658","33440","TT93(特)$2350/","2,350","","","","","","","","","","","","","","","","","","","","",""
"2025/11/29","MJK-6327","28984","6162(F)$3600/","3,600","","","","","","","","","","","","","","","","","","","","",""
"2025/11/29","NFL-8975","35656","機油+齒輪油$950/磁石$150/","1,100","","","","","","","","","","","","","","","","","","","","",""
"2025/12/1","ERU-8005","11324","右煞車開關$1800/","1,800","250","","","","","","","","","","","","","","","","","","","",""
"2025/12/1","EMG-6357","72357","AFAM前後$2850/","2,850","760","","","","","","","","","","","","","","","","","","","",""
"2025/12/1","EMR-6191","36694","後XT2$2400/","2,520","","","","","","","","","","","","","","","","","","","","",""
"2025/12/2","PEP-1780","1247","APEXX拉桿$2100/","2,100","1250","","","","","","","","","","","","","","","","","","","",""
"2025/12/2","NFL-8795","35817","珠碗$3000/","3,000","","","","","","","","","","","","","","","","","","","","",""
"2025/12/2","ERE-6789","7326","代工後卡座BPM前碟$10000/","10,000","","","","","","","","","","","","","","","","","","","","",""
"2025/12/3","PAU-5099","7313","機油/齒輪油$1000/","1,000","","","","","","","","","","","","","","","","","","","","",""
"2025/12/3","EPF-3133","56965","珠碗$28001050/右把手開關$2250/NCY260$5200/BPM前來令$1800/","13,100","","","","","","","","","","","","","","","","","","","","",""
"2025/12/4","PES-6857","324","EPIC掛勾$1500/機油$450/磁鐵螺絲$50/","2,000","","","","","","","","","","","","","","","","","","","","",""
"2025/12/4","EPD-3052","33182","前水行俠$2400/後XT2$23001050/","5,750","","","","","","","","","","","","","","","","","","","","",""
"2025/12/5","EMQ-6285","40934","皮帶調整$/","0","","","","","","","","","","","","","","","","","","","","",""
"2025/12/6","NRN-7130","24636","暴力虎$950/齒輪油$350/","1,300","","","","","","","","","","","","","","","","","","","","",""
"2025/12/6","EPC-1523","","烤漆$8500/代工$300/","8,800","","","","","","","","","","","","","","","","","","","","",""
"2025/12/6","EMH-9233","54525","CITY$2700/皮帶調整$/","2,700","","","","","","","","","","","","","","","","","","","","",""
"2025/12/6","NZN-6205","1201","Y4300齒輪油$350/","350","","","","","","","","","","","","","","","","","","","","",""
"2025/12/8","EQD-0572","67014","二手後擋泥版$1000/","1,000","","","","","","","","","","","","","","","","","","","","",""
"2025/12/9","ERU-8005","11584","C5327$16000/鈦輪心$3000/","19,000","","","","","","","","","","","","","","","","","","","","",""
"2025/12/9","EPT-9990","12659","SB2.0$9500/ZR1$2750/APEXX拉桿$1980/油管$7800/中古車$29000/工資$10000/BPM贈","60,000","","","","","","","","","","","","","","","","","","","","",""
"2025/12/10","EPQ-0555","28151","ZR1$2700/赤鬼$3400/BPM(F$1800/插銷$850/","8,750","","","","","","","","","","","","","","","","","","","","",""
"2025/12/10","ERG-1097","7340","XT2$2750/","2,750","","","","","","","","","","","","","","","","","","","","",""
"2025/12/10","EMY-9301","22286","6K$455/齒輪油$500/左拉桿$300/","1,255","","","","","","","","","","","","","","","","","","","","",""
"2025/12/11","EMY-2970","39396","油線$680/左煞車SENSOR$680/DB握把$1050/","2,410","","","","","","","","","","","","","","","","","","","","",""
"2025/12/11","NFN-0926","9756","機油$950/暴力威?$/","950","","","","","","","","","","","","","","","","","","","","",""
"2025/12/11","EQB-7599","91996","MASR$2100/EXTRA$2400/PBF(R$1200/","5,700","","","","","","","","","","","","","","","","","","","","",""
"2025/12/11","EPG-8685","43314","前輪$2150/MTRT$3600/黑隼$1980/6201+輪心$1850/外套館$850/","10,430","","","","","","","","","","","","","","","","","","","","",""
"2025/12/11","EPD-5961","25569","LMG皮帶$2000/","2,000","","","","","","","","","","","","","","","","","","","","",""
"2025/12/12","PES-6859","529","寶麗萊$8500/原廠空套$15700/","24,200","","","","","","","","","","","","","","","","","","","","",""
"2025/12/13","EQB-6293","60022","GO鍵$1500/靠背$1200/","2,700","","","","","","","","","","","","","","","","","","","","",""
"2025/12/13","ENQ-8528","57184","BPM前來令$900/PBF後$1200/後碟$1100/握把套$950/後輪P600$1900/前CMSR二省$1900/珠碗$2500/","10,450","","","","","","","","","","","","","","","","","","","","",""
"2025/12/13","EMH-9233","54899","MASA(F$1850/CITY$27002825/","7,375","","","","","","","","","","","","","","","","","","","","",""
"2025/12/13","EMY-1370","69190","FAR前碟$3400/卡座$1500/前對四$7500/插銷油管螺絲$600/煞車油$1000/油管$1200/後XT2$2750/皮帶$3100/前來令$1400/","22,450","","","","","","","","","","","","","","","","","","","","",""
"2025/12/15","ERH-9750","10813","後牌版$1745/PBF(R )$1200/","2,945","","","","","","","","","","","","","","","","","","","","",""
"2025/12/15","ERH-5756","17315","PBF( R)$1200/PBF後碟$3000/BPM後卡座$2000/","6,200","","","","","","","","","","","","","","","","","","","","",""
"2025/12/16","MNE-9975","45751","中古後輪$1600/後碟$1550/武川(R$600/拉桿$200/","3,950","","","","","","","","","","","","","","","","","","","","",""
"2025/12/16","ERU-5673","14719","中古總泵$1400/","1,400","","","","","","","","","","","","","","","","","","","","",""
"2025/12/16","ERG-6885","9700","水行俠$2500/","2,500","","","","","","","","","","","","","","","","","","","","",""
"2025/12/16","ERF-2290","14801","XT2後$2450/PBF後來令$1100/原廠3550$8261/","11,811","","","","","","","","","","","","","","","","","","","","",""
"2025/12/16","MKH-1191","36671","機油齒輪油$350/前P800$1850/Frando前來令$700/","2,900","","","","","","","","","","","","","","","","","","","","",""
"2025/12/16","MJM-3538","51330","啟動馬達$2950/皮帶$1800/","4,750","","","","","","","","","","","","","","","","","","","","",""
"2025/12/16","PES-6859","1062","機油$500/齒輪油(贈)$/","500","","","","","","","","","","","","","","","","","","","","",""
"2025/12/17","ERU-7700","5730","S01$3700/","3,700","","","","","","","","","","","","","","","","","","","","",""
"2025/12/17","ERG-6885","9723","後波沛$2100/","2,100","","","","","","","","","","","","","","","","","","","","",""
"2025/12/18","MJQ-1680","31297","RPM上搖臂$9000/陽極$5000/","14,000","","","","","","","","","","","","","","","","","","","","",""
"2025/12/18","EMZ-0199","14621","二手鍊條$1000/AFAM前齒$850/鍊條油$300/","2,150","","","","","","","","","","","","","","","","","","","","",""
"2025/12/18","ERF-1076","49473","後碟MASA$2900/PBF後來令$1200/PBF前來令$1400/卡簧$100/","5,600","","","","","","","","","","","","","","","","","","","","",""
"2025/12/18","EQD-8312","2731","BPM(F$850/BPM(R$850/","1,700","","","","","","","","","","","","","","","","","","","","",""
"2025/12/18","EQC-6211","21354","PBF(R$1200/","1,200","","","","","","","","","","","","","","","","","","","","",""
"2025/12/19","ERE-6666","42712","後XT2$2750/","2,750","","","","","","","","","","","","","","","","","","","","",""
"2025/12/19","ERG-5586","24452","前水行俠P800$4600/","4,600","","","","","","","","","","","","","","","","","","","","",""
"2025/12/19","EMH-9233","55347","LMG皮帶$2000/","2,000","","","","","","","","","","","","","","","","","","","","",""
"2025/12/19","ERU-8301","10641","LMSR$2850/HSC後來令$2000/FAR後碟$2600/","7,450","","","","","","","","","","","","","","","","","","","","",""
"2025/12/19","ERU-8005","11902","X2後避震(尾款$12800/M12$900/","13,700","","","","","","","","","","","","","","","","","","","","",""
"2025/12/19","EPE-2052","23739","前波沛$2000/原廠3365+325$3690/","5,690","","","","","","","","","","","","","","","","","","","","",""
"2025/12/19","EMQ-9093","92102","後波沛$2100/","2,100","","","","","","","","","","","","","","","","","","","","",""
"2025/12/19","MND-0927","38020","機油齒輪油$1000/前碟$3500/HSC前來令$2100/空濾$850/","7,450","","","","","","","","","","","","","","","","","","","","",""
"2025/12/19","NRN-7130","","APEXX前/后土除$3600/代工$800/BOSH電瓶$1800/載車$1500/","8,085","","","","","","","","","","","","","","","","","","","","",""
"2025/12/22","PES-6859","1563","DOMINO$1380/APEXX加重端子$890/","2,270","","","","","","","","","","","","","","","","","","","","",""
"2025/12/22","EMH-0597","76487","SKF(R$1400/","1,400","","","","","","","","","","","","","","","","","","","","",""
"2025/12/22","EPF-8566","76284","左煞車SENSOR$850/鍊條清潔$450/EXTRA$2450/","3,750","","","","","","","","","","","","","","","","","","","","",""
"2025/12/23","PEL-0901","4870","代工$1000/","1,000","","","","","","","","","","","","","","","","","","","","",""
"2025/12/23","LAZ-2963","20518","流量感知$6600/","6,600","","","","","","","","","","","","","","","","","","","","",""
"2025/12/23","EQD-5360","17564","握把套$450/","450","","","","","","","","","","","","","","","","","","","","",""
"2025/12/24","ERU-2229","8377","卡夢下巴$4800/卡夢土除$3200/DREAMBASE$1350/M6X35X2$180/M6X20X2$120/M6黑墊$80/","9,730","","","","","","","","","","","","","","","","","","","","",""
"2025/12/24","EQB-8217","86970","油門線$1000/DREAMBASE$1350/107左油管$9250/","11,600","","","","","","","","","","","","","","","","","","","","",""
"2025/12/24","NQL-5827","21753","PBF(F$1400/排氣管$1000/剛頭螺絲$250250/","2,900","","","","","","","","","","","","","","","","","","","","",""
"2025/12/24","EMH-7333","50953","中古前叉$3500/中古把手座$3500/中古前碟$500/AFAM+鍊條$3838/中古車殼$1200/轉向$2500/油門線$680/前來令$555/車輛檢查$400/","16,673","","","","","","","","","","","","","","","","","","","","",""
"2025/12/26","MCH-5082","53197","K&S前組$2000/CODO街道$3200/機油齒輪油$300/皮帶$1400/啟動馬達$2500/","9,400","","","","","","","","","","","","","","","","","","","","",""
"2025/12/26","MKK-0169","41228","6162(R$1800/","1,800","","","","","","","","","","","","","","","","","","","","",""
"2025/12/26","ERU-8005","12315","GP901(R$2850/鋁管$450/","3,300","","","","","","","","","","","","","","","","","","","","",""
"2025/12/26","ENP-1225","21372","P800(F$2150/EXTRA$2300/AK後高效$1850/SKF(F$1050/","7,350","","","","","","","","","","","","","","","","","","","","",""
"2025/12/27","EQD-7722","173855","皮帶$2300/","2,300","","","","","","","","","","","","","","","","","","","","",""
"2025/12/29","EMG-7133","92628","皮帶調整$/齒輪油$500/","500","","","","","","","","","","","","","","","","","","","","",""
"2025/12/29","EMP-3251","33796","後CITY$2550/","2,550","","","","","","","","","","","","","","","","","","","","",""
"2025/12/29","EMQ-0180","15342","中柱+強化組$1500/","1,500","","","","","","","","","","","","","","","","","","","","",""
"2025/12/30","ERG-0027","5513","黑隼$1380/","1,380","","","","","","","","","","","","","","","","","","","","",""
"2025/12/30","EMQ-3073","102358","LMG皮帶組$11800/拉耳$2900/珠碗$2800/MTRT椅墊$3700/3K$600/油門線$850/水箱$1200/","23,850","","","","","","","","","","","","","","","","","","","","",""
"2025/12/31","EPJ-7018","12028","DC-BOX$2950/","2,950","","","","","","","","","","","","","","","","","","","","",""
"2025/12/31","ENS-6630","56152","LMG皮帶組$9800/輪框$2000/","11,800","","","","","","","","","","","","","","","","","","","","",""
"2025/12/31","EQB-1620","8670","5A-TOKYO$2100/","2,100","","","","","","","","","","","","","","","","","","","","",""
"2026/1/1","EQD-3891","14186","商用穩11800/水行俠(F)2550/ZS1$2500/油壓開關1500/代工800/MASA畫線2480/後煞車(高效900/Brembo前煞車皮1200/煞車油(F)(R)1000/鈦8*35*5$1750","26480","","","","","","","","","","","","","","","","","","","","",""
"","EMZ-9353","16230","EXTRA(R )$2500/油管3500/煞車油500/BPM(R)1000/卡鉗+卡座4500/FAR後碟2000/高效(F)900","14900","","","","","","","","","","","","","","","","","","","","",""
"","ERG-0175","23065","水行俠(F)2550/BPM前碟3800/PBF(F)1100/刷卡+5%","7823","","","","","","","","","","","","","","","","","","","","",""
"2026/1/2","EMH-7208","55315","EXTRA(R)$2500/PBF(R)1200","3700","","","","","","","","","","","","","","","","","","","","",""
"2026/1/3","EMH-0597","77540","MFZ總棒)特價17000/BPM$1200/刷卡","18200","","","","","","","","","","","","","","","","","","","","",""
"","EPR-2222","48239","皮帶調整/後XT2$2450","2450","","","","","","","","","","","","","","","","","","","","",""
"","EMY-0928","58237","SKF(R)1600/XT2$2750","4350","","","","","","","","","","","","","","","","","","","","",""
"","PES-6859","1945","機油齒輪油500","500","","","","","","","","","","","","","","","","","","","","",""
"2026/1/5","ERF-1076","52009","橢圓鏡$2000/五匹$1600/18K$1740/","5340","","","","","","","","","","","","","","","","","","","","",""
"","ENT-5952","44200","MASA後碟2500/BPM(R)850/XT2$2750/18K1900/","8000","","","","","","","","","","","","","","","","","","","","",""
"","EMQ-0891","58870","皮帶調整/MASA後碟2250/FRANDO(R)1350/","3600","","","","","","","","","","","","","","","","","","","","",""
"2026/1/6","LGQ-3566","30373","煞車開關1850","1850","","","","","","","","","","","","","","","","","","","","",""
"","EMY-7017","51887","皮帶調整","","","","","","","","","","","","","","","","","","","","","",""
"","ERV-6191","10","嬰兒座椅5500/C03$4500","10000","","","","","","","","","","","","","","","","","","","","",""
"","MJM-3538","51553","SKF(F)1050","1050","","","","","","","","","","","","","","","","","","","","",""
"","ERB-2225","8553","Dreambase握把+內管$1350/","1350","","","","","","","","","","","","","","","","","","","","",""
"2026/1/7","EQC-5358","45399","BPM(F)950/前齒950","1900","","","","","","","","","","","","","","","","","","","","",""
"","EPV-0520","21310","BPM(F)850/BPM(R)850/TT93(R)2100","3800","","","","","","","","","","","","","","","","","","","","",""
"","EQB-6133","58970","MASA畫線2500/BPM(F)900/BPM(R)850","4250","","","","","","","","","","","","","","","","","","","","",""
"2026/1/8","ERF-2017","65908","APL$8050/SC(F)3400","11450","","","","","","","","","","","","","","","","","","","","",""
"","ERU-8301","11275","CMSR(F)$2850/","2850","1750","","","","","","","","","","","","","","","","","","","",""
"","EWW-3659","6491","R1$2050/P800$1900/後箱2285/","6118","","","","","","","","","","","","","","","","","","","","",""
"2026/1/9","EPG-8656","52964","五匹$1200/","1200","680","","","","","","","","","","","","","","","","","","","",""
"","ENP-6920","15324","後S800$1850/LM齒輪油750/BPM(F)1000","3600","","","","","","","","","","","","","","","","","","","","",""
"2026/1/10","ERU-5673","15396","後XT2$2750","2750","","","","","","","","","","","","","","","","","","","","",""
"","ERG-3776","20885","皮帶調整","","","","","","","","","","","","","","","","","","","","","",""
"","NFL-8795","36669","機油齒輪油950","95","","","","","","","","","","","","","","","","","","","","",""
"","ENP-1085","175713","SS2.0$8800/三角台珠晚$4800/BPM260mm(F)3400","17000","","","","","","","","","","","","","","","","","","","","",""
"","ERG-8656","53057","P800(R)2100","2100","1100","","","","","","","","","","","","","","","","","","","",""
"2026/1/12","MNZ-8585","21384","EXTRA(R)$2500","2500","","","","","","","","","","","","","","","","","","","","",""
"2026/1/13","EQD-1828","24477","霧燈3850/EPIC貨架1850/SHAD29$2800","8500","","","","","","","","","","","","","","","","","","","","",""
"2026/1/14","EMV-6595","48008","3K590/齒輪油500/皮帶調整","1090","","","","","","","","","","","","","","","","","","","","",""
"","PEJ-8161","4120","機油500","500","","","","","","","","","","","","","","","","","","","","",""
"","ERG-0027","5994","MTRT椅墊3800/香氛包贈","","","","","","","","","","","","","","","","","","","","","",""
"","EPY-1385","11861","鈦6*15*2$600/ARX PRO$23000/ONES土除5100","28700","","","","","","","","","","","","","","","","","","","","",""
"2026/1/15","ERF-1129","33845","LMG速14800/FRANDO(F)1300/FRANDO(R)1300","","","","","","","","","","","","","","","","","","","","","",""
"","ERG-7768","21197","PBF(F)1100/KD碟盤$1000","2100","","","","","","","","","","","","","","","","","","","","",""
"2026/1/16","EMY-3086","68074","3K$260/FRANDO(R)1300/皮帶調整","1560","","","","","","","","","","","","","","","","","","","","",""
"","EMY-7017","52167","左煞車開關680/中古尾燈500","1180","","","","","","","","","","","","","","","","","","","","",""
"","EQC-0088","67332","水行俠(F)2600/XT2$2750","4350","","","","","","","","","","","","","","","","","","","","",""
"","PES-6859","2990","機油500","500","","","","","","","","","","","","","","","","","","","","",""
"","ENP-8282","27134","XT2$2750/","2750","","","","","","","","","","","","","","","","","","","","",""
"2026/1/17","EQB-1886","23017","LMG$9800/BPM後碟2100/BPM(R)950","12850","","","","","","","","","","","","","","","","","","","","",""
"","ERU-2016","29231","PBF(R)1200/3K450/齒輪油500","2150","","","","","","","","","","","","","","","","","","","","",""
"","EMY-6868","6156","AFAM鍊條2980/前齒850","3830","","","","","","","","","","","","","","","","","","","","",""
"","EMF-0069","43330","左飛旋650","650","","","","","","","","","","","","","","","","","","","","",""
"2026/1/19","EQB-8217","88390","CITY$2700/EXTRA(R)2500/側住彈簧250","5450","","","","","","","","","","","","","","","","","","","","",""
"","ERG-6696","4605","ZD車牌上移(PRO)11880/油壓開關4000/LMG速系列14800/APL$8350/外掛式後土除3500/FASS土除支架1280/DREAMBASE油杯4500/卡夢土除3600/前後鈦輪心6500/鈦紅利*10+避震下座+滑塊$7450/卡夢鴨尾1600/PBF(F)1300(R)1200/GJMS卡座2000/STYLEMA$13800/卡夢把4500/KRACE把手座8500/EPIC側住+支架2350/鈦螺絲*63$19890","121000","","","","","","","","","","","","","","","","","","","","",""
"2026/1/20","ENP-1712","171216","DCBOX.DCDC.ECU.龍頭線束15360/APL$8350","23710","","","","","","","","","","","","","","","","","","","","",""
"","ERU-8301","11661","卡鉗分解清潔.煞車油/2500.總棒氣嘴鈦*2$1200","3700","","","","","","","","","","","","","","","","","","","","",""
"2026/1/21","NFL-9832","30400","機油齒輪油500","500","","","","","","","","","","","","","","","","","","","","",""
"","EQB-3036","73201","銀白鍊1900/AFAM前後齒$2850/落地後煞車皮450","5200","","","","","","","","","","","","","","","","","","","","",""
"2026/1/23","ENP-6920","15574","MTRT椅墊3600","3600","","","","","","","","","","","","","","","","","","","","",""
"","EPY-0183","44674","大燈+加速器代工2500油門線850","3350","","","","","","","","","","","","","","","","","","","","",""
"","EPS-9979","31155","中古集雅後避震10000/TT93(R)2450/卡鉗訂金10000","22450","","","","","","","","","","","","","","","","","","","","",""
"2026/1/24","EQB-6293","61503","LM$550/XT2$2750","3300","","","","","","","","","","","","","","","","","","","","",""
"","ERV-0096","9948","水行俠(F)2500/糯米腸600","3100","","","","","","","","","","","","","","","","","","","","",""
"","EMM-1512","54355","BH2後視鏡1600/JZ加油管+糯米腸(含加工2400","4000","","","","","","","","","","","","","","","","","","","","",""
"","ENP-1085","177305","C03$4600/中古總棒1000/煞車油500/後鏡頭2200/傑能拉桿1800","10100","","","","","","","","","","","","","","","","","","","","",""
"2026/1/26","LBD-6977","8073","BREMBO來令1200/卡簧150","1350","","","","","","","","","","","","","","","","","","","","",""
"","EQS-3121","29111","水行俠(F)2500/XT2$2300/武川800","5600","","","","","","","","","","","","","","","","","","","","",""
"2026/1/27","ERF-1076","55069","書包架3880","3880","","","","","","","","","","","","","","","","","","","","",""
"","MPP-3921","32665","SS2.0$8800/BPM(F)900/KOSO前土除1100/KOSO鍊條蓋1100/POSI主腳架2880/白鐵前輪心1000/APEXX拉桿$2080/中古卡鉗1500/橢圓鏡2000/BPM固定碟2300中古裸把組5000/油門線1000","29660","","","","","","","","","","","","","","","","","","","","",""
"","EMY-2970","40196","FRANDO(F)1300/BPM前碟2800/皮帶調整","4100","","","","","","","","","","","","","","","","","","","","",""
"2026/1/28","PES-6859","3507","EPIC檔板850/大牌支架2500/APEXX後土除750/999R車台塞2600/999R調整器2700/惡搞狗骨頭4800/後避震後移8200/街口","23072","","","","","","","","","","","","","","","","","","","","",""
"","ENP-2979","32976","五匹玄武1980","1980","","","","","","","","","","","","","","","","","","","","",""
"","ERG-7017","12941","Dreambase握把+內管$1350/","1450","","","","","","","","","","","","","","","","","","","","",""
"","MCD-1167","50732","y4$250","250","","","","","","","","","","","","","","","","","","","","",""
"2026/1/29","ERU-8583","10073","卡夢把手座+把手4500/糯米腸+內管1050","5550","","","","","","","","","","","","","","","","","","","","",""
"","EQC-8000","24417","橢圓鏡2000","2000","","","","","","","","","","","","","","","","","","","","",""
"","ERG-6696","4745","車殼三件套3800","3800","","","","","","","","","","","","","","","","","","","","",""
"","NFL-7517","34687","XT2(F)2950/一般後輪2800/前煞車皮450/EPIC空綠550/機油齒輪油350","7100","","","","","","","","","","","","","","","","","","","","",""
"2026/1/30","LBD-6977","8402","CARPLAY代工4000","4000","","","","","","","","","","","","","","","","","","","","",""
"2026/1/31","EPY-1385","12976","土除支架2000/鈦螺絲*8$2000","4000","","","","","","","","","","","","","","","","","","","","",""
"2026/2/2","ERU-8583","10150","XT2$2750/BPM(R)950/BPM後碟2100","5800","","","","","","","","","","","","","","","","","","","","",""
"2026/2/3","LAV-2366","15444","代工800/601$3400/XT2$2600/刷卡*1.05","7140","","","","","","","","","","","","","","","","","","","","",""
"","EPF-5375","46917","代驗2500","2500","","","","","","","","","","","","","","","","","","","","",""
"2026/2/4","EPS-7788","132406","檢查200","200","","","","","","","","","","","","","","","","","","","","",""
"","ERF-1076","56022","BPM(R )$900/卡簧100","1000","","","","","","","","","","","","","","","","","","","","",""
"","NPH-0800","11561","油管4800/FRANDOF)1300/BPM前碟4800","10900","","","","","","","","","","","","","","","","","","","","",""
"2026/2/5","EMQ-1820","61527","LMG$9800+5%","10290","","","","","","","","","","","","","","","","","","","","",""
"","EMR--5993","66843","FRANDO(F)(R)2600/中古馬達+齒輪油9500","12100","","","","","","","","","","","","","","","","","","","","",""
"2026/2/6","ERH-9750","11966","XT2$2750","2750","","","","","","","","","","","","","","","","","","","","",""
"2026/2/7","ERH-0929","19056","派克龍850/皮帶調整","850","","","","","","","","","","","","","","","","","","","","",""
"","ERU-8301","12141","FASS搖臂25300/M50*50*2$1000/MFZ-03R$22000/皮帶3100/CMSR(R)2850","54250","","","","","","","","","","","","","","","","","","","","",""
"","EQB-6133","60042","SS2.0$9500/ABS座600/鍍鈦前輪心950/XT2$2750","13800","","","","","","","","","","","","","","","","","","","","",""
"2026/2/9","EPG-3599","108243","CITY(F)2700","2700","1440","","","","","","","","","","","","","","","","","","","",""
"2026/2/10","PCJ-8887","4762","283$9790/椅墊皮600/坐墊彈簧1500/SIXIS延伸腳踏2000","13890","","","","","","","","","","","","","","","","","","","","",""
"","NFL-8795","37313","機油1400/XT2(R)2850/FRANDO(F)1300","5550","","","","","","","","","","","","","","","","","","","","",""
"","PAY-5519","2989","機油1600(含油精","1600","","","","","","","","","","","","","","","","","","","","",""
"2026/2/11","EPG-8656","53835","載車1500/油門線1000","2500","","","","","","","","","","","","","","","","","","","","",""
"","EPZ-9706","54059","商用穩11600/LM齒輪油750/9K800","13150","","","","","","","","","","","","","","","","","","","","",""
"","PES-6859","3907","加長擋泥板850/機油齒輪油500","1350","500","","","","","","","","","","","","","","","","","","","",""
"2026/2/12","EMQ-2818","26458","糯米腸550","550","100","","","","","","","","","","","","","","","","","","","",""
"","EMY-1575","51765","SS2.0$8800/ZR1(F)2600/BPM(F)950","12350","7230","","","","","","","","","","","","","","","","","","","",""
"2026/2/13","EQC-5358","47597","LMG$9800","9800","6000","","","","","","","","","","","","","","","","","","","",""
"","EMG-7126","38030","皮帶調整","","","","","","","","","","","","","","","","","","","","","",""
"","EMH-9233","58368","齒輪油500/皮帶調整","500","9","","","","","","","","","","","","","","","","","","","",""
"2026/2/14","098-NMV","56580","油門線$1800/尾燈上蓋1000/左右飛旋3000/碼表蓋950/轉向軸承2800/工資1100/MOS內土除750/握把套450/電瓶1100/EPIC空濾650/清節流閥650/FRANDO(F)1300","15550","5554","","","","","","","","","","","","","","","","","","","",""
"","ERV-1591","54739","BPM(F)(R)1800/BPM前碟3100/中柱彈簧250","5150","2690","","","","","","","","","","","","","","","","","","","",""
"","EQD-0572","69191","水行俠(F)2600/EXTRA(R)2500/SKF(F)+內套管1350/水箱水添加","6450","2831","","","","","","","","","","","","","","","","","","","",""
"","EQB-6293","62448","中柱彈簧250","250","100","","","","","","","","","","","","","","","","","","","",""
"","EMQ-3073","103531","皮帶調整","","","","","","","","","","","","","","","","","","","","","",""
"","PAY-5519","3061","ZR1$2750","2750","1460","","","","","","","","","","","","","","","","","","","",""
"2026/2/23","NFL-8795","38669","機油950","950","375","","","","","","","","","","","","","","","","","","","",""
"","ERF-1129","35056","6K455/水行俠(F)2600","3055","1250","455","","","","","","","","","","","","","","","","","","",""
"","MCD-1167","51444","PROMAX(F)(R)3600","3600","1600","","","","","","","","","","","","","","","","","","","",""
"","EMQ-2821","64396","土除900","900","600","","","","","","","","","","","","","","","","","","","",""
"2026/2/24","EQD-5360","19452","BPM(R)900","900","420","","","","","","","","","","","","","","","","","","","",""
"","EMG-7133","95778","LMG商用穩12800/齒輪油500","13300","7209","","","","","","","","","","","","","","","","","","","",""
"","EMW-8378","17560","PB-1500","1500","","1390","","","","","","","","","","","","","","","","","","",""
"","M9Q-519","12492","ZR1(R)2850/退役胎2200/SKF(F)950/MIRROR後煞車皮1200","7200","2820","","","","","","","","","","","","","","","","","","","",""
"2026/2/25","EQD-7351","97346","FRANDO(F)1300/","1300","480","","","","","","","","","","","","","","","","","","","",""
"","ERU-8005","13652","FRANDO後卡4800/ZOO後卡座2500/油管4900/螺絲2950","15150","","","","","","","","","","","","","","","","","","","","",""
"","MHQ-9190","69517","BPM(R)900/比賽退役後碟1900","2800","420","","","","","","","","","","","","","","","","","","","",""
"","EMY-1821","61130","皮帶2000/SK1(F)$2250","4250","1900","","","","","","","","","","","","","","","","","","","",""
"2026/2/26","EPF-0253","106515","後框代工1500/ZOO羅柱1000/BPM後碟2300/齒盤襯套1500","6300","2200","","","","","","","","","","","","","","","","","","","",""
"","EMH-0597","79683","齒輪油500/皮帶調整","","","","","","","","","","","","","","","","","","","","","",""
"","ERU-2016","30733","SS2.0$11300/NCY加油管1150/鍍黑前輪心1000/+5%刷卡","14123","","","","","","","","","","","","","","","","","","","","",""
"2026/2/27","ERU-7883","19258","ZR1(R)2700/","2700","1300","","","","","","","","","","","","","","","","","","","",""
"","PAY-5519","4297","機油+油精","1600","","","","","","","","","","","","","","","","","","","","",""
"","EMY-6920","15794","DCBOX2985","2985","","2300","","","","","","","","","","","","","","","","","","",""
"2026/3/2","EQC-6707","110052","1. BPM固定 - 2,500
2. BPM(F) - 1,200","3,700","","","","","","","","","","","","","","","","","","","","",""
"2026/3/2","EPF-5305","42369","1. PBF(F) - 1,200
2. PBF(R) - 1,200
3. MASA後碟 - 2,200","4,600","","","","","","","","","","","","","","","","","","","","",""
"2026/3/4","EQD-7351","97983","1. 中古卡鉗 - 6,000
2. 前叉 - 9,800
3. BPM前碟 - 2,800
4. 三角台 - 2,400
5. 珠碗 - 2,800","23,800","","","","","","","","","","","","","","","","","","","","",""
"2026/3/4","EQB-7599","95389","1. 玄武＋無線充 - 3,800
2. 珠碗 - 2,500
3. SKF(F)+內外套管 - 2,200
4. CITY(F) - 2,700","11,200","","","","","","","","","","","","","","","","","","","","",""
"2026/3/4","MKW-7580","33452","1. 皮帶調整 - 0
2. LM - 650","650","","","","","","","","","","","","","","","","","","","","",""
"2026/3/4","EQK-0125","27663","1. MASA後碟 - 2,300
2. 黑隼 - 1,380","3,680","","","","","","","","","","","","","","","","","","","","",""
"2026/3/5","ERE-6666","43550","1. 油管 - 7,000","7,000","","","","","","","","","","","","","","","","","","","","",""
"2026/3/5","NLF-9832","31524","1. 機油齒輪油 - 500
2. S800(R) - 1,850","2,350","","","","","","","","","","","","","","","","","","","","",""
"2026/3/6","EPV-2288","10586","1. PBF(R) - 1,100","1,100","","","","","","","","","","","","","","","","","","","","",""
"2026/3/6","EQC-6211","21456","1. SS2.0 - 8,800","8,800","","","","","","","","","","","","","","","","","","","","",""
"2026/3/6","ERU-8005","13848","1. B6x20 - 300
2. M6雪花螺母 - 500
3. M10x20B - 700
4. 迴油 - 350
5. 鈦輪心(R) - 2,600
6. M8x20F - 250","4,700","","","","","","","","","","","","","","","","","","","","",""
"2026/3/7","ERF-0800","9110","1. AFAM練條 - 2,900","2,900","","","","","","","","","","","","","","","","","","","","",""
"2026/3/7","ERU-2016","31029","1. 五匹玄武 - 1,580","1,580","","","","","","","","","","","","","","","","","","","","",""
"2026/3/9","ERG-0027","7540","1. 波沛樂(R) - 1,700","1,700","","","","","","","","","","","","","","","","","","","","",""
"2026/3/10","EMQ-2821","64806","1. 下擾流／左側下／右側下 - 4,220
2. 油管 - 7,800
3. 皮帶 - 2,000
4. NCYT前碟 - 5,000
5. PBF(F) - 1,400","20,420","","","","","","","","","","","","","","","","","","","","",""
"2026/3/10","EMH-0597","80336","1. 洩氣螺絲 - 1,500","1,500","","","","","","","","","","","","","","","","","","","","",""
"2026/3/10","ERU-8301","12833","1. LS保養 - 9,800","9,800","","","","","","","","","","","","","","","","","","","","",""
"2026/3/10","EQD-2857","31425","1. BPM(R) - 900","900","","","","","","","","","","","","","","","","","","","","",""
"2026/3/11","PFC-8328","795","1. MTRT - 2,880
2. 總泵 - 3,000
3. 機油 - 500","6,380","","","","","","","","","","","","","","","","","","","","",""
"2026/3/11","EMG-6333","13037","1. BPM(R) - 1,100
2. BMP226 - 2,500
3. ZOO卡座 - 2,500
4. 螺絲 - 200","6,300","","","","","","","","","","","","","","","","","","","","",""
"2026/3/11","ENS-6630","57836","1. 油門線 - 1,100
2. 左開關 - 2,200","3,300","","","","","","","","","","","","","","","","","","","","",""
"2026/3/11","NFL-8795","38880","1. SB後避震 - 16,800","16,800","","","","","","","","","","","","","","","","","","","","",""
"2026/3/11","EMY-1370","70584","1. 皮帶調整 - 0","0","","","","","","","","","","","","","","","","","","","","",""
"2026/3/12","PCY-6205","1273","1. 機油 - 350
2. 油管 - 3,000
3. 卡鉗 - 3,500
4. 惡搞卡座＋碟盤 - 3,900
5. M10x25 - 350
6. M8x25 - 320
7. 碟盤螺絲 - 450
8. 右側車體護蓋 - 1,900
9. PBF(F) - 1,200","14,970","","","","","","","","","","","","","","","","","","","","",""
"2026/3/12","EPD-3052","36256","1. AFAM前齒 - 850
2. 鏈條 - 2,945
3. CO3 - 4,600
4. 黑隼 - 1,380
5. 18K - 1,950","11,725","","","","","","","","","","","","","","","","","","","","",""
"2026/3/13","EWH-1551","37946","1. 中古馬達 - 9,500","9,500","","","","","","","","","","","","","","","","","","","","",""
"2026/3/13","EPF-0135","31875","1. XT2 - 2,750
2. MASA後碟 - 2,100
3. Frando(R) - 1,300
4. SC(F) - 3,400
5. 齒輪油 - 500
6. 皮帶調整 - 0","10,050","","","","","","","","","","","","","","","","","","","","",""
"2026/3/13","EMG-6333","130476","1. GO鍵 - 1,000","1,000","","","","","","","","","","","","","","","","","","","","",""
"2026/3/13","AF2-20186","3082","1. 短圓鏡 - 2,000","2,000","","","","","","","","","","","","","","","","","","","","",""
"2026/3/13","EMV-7377","125206","1. EPIC側柱 - 1,900","1,900","","","","","","","","","","","","","","","","","","","","",""
"2026/3/14","PES-6859","4838","1. 機油 - 500
2. KOSO土除 - 1,500","2,000","","","","","","","","","","","","","","","","","","","","",""
"2026/3/14","EWB-0555","4617","1. Dreambase握把 - 950
2. Pro max - 1,900
3. 惡魔胎 - 2,050
4. apexx拉桿 - 1,850
5. BPM(R) - 900","7,650","","","","","","","","","","","","","","","","","","","","",""
"2026/3/14","PEP-1775","593","1. 燈匠keyless - 4980
2. 保養 - 0","4980","","","","","","","","","","","","","","","","","","","","",""
"2026/3/14","EQB-7857","20798","1. AFAM前後 - 2,850
2. AFAM練條 - 2,980
3. CITY(F) - 2,800
4. CITY(R) - 2,850
5. MASA後碟 - 2,100
6. BPM(R) - 900
7. 5H - 520","15,000","","","","","","","","","","","","","","","","","","","","",""
"2026/3/16","EQB-2283","31249","1. LMG - 11,800
2. 齒輪油 - 500
3. 煞車油 - 1,000
4. XT2 - 2,750
5. BPM後碟 - 2,100
6. BPM(R) - 950","19,100","","","","","","","","","","","","","","","","","","","","",""
"2026/3/16","EMH-7208","56248","1. 鏈條清潔 - 600","600","","","","","","","","","","","","","","","","","","","","",""
"2026/3/16","EQB-8217","91389","1. 玄武＋無線充 - 3,850
2. 赤鬼 - 3,400
3. Frando(F) - 1,300","8,550","","","","","","","","","","","","","","","","","","","","",""
"2026/3/16","EPB-0511","15584","1. Frando(F) - 1,300
2. Frando(R) - 1,300","2,600","","","","","","","","","","","","","","","","","","","","",""
"2026/3/16","EPT-1206","25313","1. apexx拉桿 - 2,280","2,280","","","","","","","","","","","","","","","","","","","","",""
"2026/3/16","EWB-0555","4670","1. 霧燈 - 3,700","3,700","","","","","","","","","","","","","","","","","","","","",""
"2026/3/16","EQC-6921","28006","1. 加大片後座 - 1,580","1,580","","","","","","","","","","","","","","","","","","","","",""
"2026/3/17","EMK-8612","46240","1. 皮帶調整 - 0","0","","","","","","","","","","","","","","","","","","","","",""
"2026/3/17","ERU-8301","13078","1. 皮帶調整 - 0
2. PAKELO - 850","850","","","","","","","","","","","","","","","","","","","","",""
"2026/3/18","EPR-2222","50095","1. 皮帶調整 - 0
2. 齒輪油 - 500","500","","","","","","","","","","","","","","","","","","","","",""
"2026/3/18","EQB-7599","96063","1. FAR前碟 - 3,400
2. Frando(F) - 1,300
3. 10x30 - 350","5,050","","","","","","","","","","","","","","","","","","","","",""
"2026/3/18","EMQ-3505","54832","1. 中古馬達 - 6,500
2. XT2 - 2,750
3. 水行俠(F) - 2,500
4. 拉耳 - 3,200
5. 皮帶 - 2,000
6. Dreambase握把 - 950","17,900","","","","","","","","","","","","","","","","","","","","",""
"2026/3/19","PES-6859","5208","1. 車台芯 - 1,430
2. MOS後內土除 - 2,100","3,530","","","","","","","","","","","","","","","","","","","","",""
"2026/3/20","MKD-0276","46141","1. 霧燈 - 4,080","4,080","","","","","","","","","","","","","","","","","","","","",""
"2026/3/20","EPV-1808","8483","1. 代工 - 400","400","","","","","","","","","","","","","","","","","","","","",""
"2026/3/20","EMG-8733","23800","1. 防倒球 - 2,400
2. 右總泵拉桿 - 2,000
3. 照地燈(R) - 1,500
4. 下內 - 1,000
5. 惡搞飛旋 - 2,900
6. Frando前碟 - 5,000
7. 烤漆 - 8,500
8. 洗車 - 300","23,600","","","","","","","","","","","","","","","","","","","","",""
"2026/3/21","EQB-7161","8767","1. 18K - 1,800
2. 水行俠(F) - 2,500","4,300","","","","","","","","","","","","","","","","","","","","",""
"2026/3/23","PEJ-8161","5153","1. 機油 - 450","450","","","","","","","","","","","","","","","","","","","","",""
"2026/3/23","ERU-1117","11756","1. BPM(R) - 950
2. LMG安裝 - 16,600","17,550","","","","","","","","","","","","","","","","","","","","",""
"2026/3/23","NZV-2952","9293","1. 283 - 9,500","9,500","","","","","","","","","","","","","","","","","","","","",""
"2026/3/24","MJM-3538","51298","1. Y4齒輪油＋後方向燈燈泡 - 550
2. XT2 - 2,750","3,300","","","","","","","","","","","","","","","","","","","","",""
"2026/3/25","ERU-1929","14854","1. 中古X2 - 10,000","10,000","4800","","","","","","","","","","","","","","","","","","","",""
"2026/3/25","ERQ-1229","3768","1. 代工 - 800
2. 白鐵後輪芯 - 1,200","2,000","","","","","","","","","","","","","","","","","","","","",""
"2026/3/25","EMR-2696","35694","1. 皮帶調整 - 0","0","","","","","","","","","","","","","","","","","","","","",""
"2026/3/25","EMQ-7953","18096","1. 代工 - 600","600","","","","","","","","","","","","","","","","","","","","",""
"2026/3/26","ERV-6191","941","1. 牌框 - 1,000
2. 鍍黑(大頭) - 0","1,000","600","","","","","","","","","","","","","","","","","","","",""
"2026/3/26","EMQ-3505","54914","1. 內齒 - 8,500
2. 齒輪油 - 500","9,000","2500","","","","","","","","","","","","","","","","","","","",""
"2026/3/26","ERF-2017","66702","1. 中柱 - 2,380
2. 拆裝檢查 - 2,000
3. frando左總泵拉桿 - 2,000
4. SB鍍黑前叉 - 10,800
5. 承旭握把套 - 1,150
6. 端子鏡 - 2,100
7. 鍍黑輪新前後 - 2,250
8. 後擋泥板總成 - 745
9. 寶麗萊 - 9,800
10. 烤漆 - 8,500
11. APL大燈 - 7,850
12. MCU - 8,585
13. 把手 - 1,815
14. 把座 - 2,340
15. 支架 - 530","62,845","","","","","","","","","","","","","","","","","","","","",""
"2026/3/27","EMV-6595","49076","1. SC(F) - 3,400
2. SC(R) - 3,400
3. brambo煞車皮 - 2,000
4. 皮帶調整 - 0","8,800","4600","","","","","","","","","","","","","","","","","","","",""
"2026/3/28","EPF-3889","36609","1. LMG+CO3 - 13,400","13,400","8900","","","","","","","","","","","","","","","","","","","",""
"2026/3/30","ERU-8005","14313","1. LMG - 17,000
2. BM8x30 - 1,500","18,500","","","","","","","","","","","","","","","","","","","","",""
"2026/3/30","ERU-7883","20153","1. 拉桿 - 2,280","2,280","","","","","","","","","","","","","","","","","","","","",""
"2026/3/30","EPF-3133","60298","1. CITY(F) - 2,800
2. CITY(R) - 2,850
3. Frando(R) - 1,300
4. gpro氣嘴 - 2,000","8,950","","","","","","","","","","","","","","","","","","","","",""
"2026/3/30","EPF-9393","21613","1. 惡搞飛旋 - 2,200
2. 玄武手機架 - 1,580
3. Dreambase握把 - 1,350","5,130","","","","","","","","","","","","","","","","","","","","",""
"2026/3/31","ENS-1736","27576","1. 皮帶調整 - 0","0","","","","","","","","","","","","","","","","","","","","",""
"2026/3/31","EQC-8186","35715","1. FASS - 2,080
2. 惡搞飛旋 - 2,230
3. FASS搖臂 - 17,480
4. FASS土除支架 - 2,560
5. 鍍黑後輪芯 - 1,400
6. SC(F) - 3,400
7. SC(R) - 3,400
8. APL - 8,350
9. posi中柱 - 2,380
10. 黑隼 - 1,980
11. SS2.0鍍黑+abs - 10,300
12. PBF(F) - 1,300
13. 車牌框 - 1,200","58,060","","","","","","","","","","","","","","","","","","","","",""
"2026/4/1","LAZ-2963","21852","1. 內胎 - 2,500 2. 機油 - 1,500 3. 油芯 - 550","4,550","","","","","","","","","","","","","","","","","","","","",""
"2026/4/1","EMQ-7919","71573","1. 皮帶調整 - 0 2. NCY前碟 - 5,000 3. Frando(F) - 1,300 4. 齒輪油 - 850","7,150","","","","","","","","","","","","","","","","","","","","",""
"2026/4/1","ENP-5959","35883","1. BPM前碟 - 2,800 2. apexx拉桿 - 1,950 3. 烤漆 - 8,500 4. 黑隼 - 1,980 5. 承旭握把套 - 950 6. MTRT - 3,700 7. 皮帶調整 - 0 8. 左煞車總泵 - 900","20,780","","","","","","","","","","","","","","","","","","","","",""
"2026/4/2","ENP-0393","70981","1. 鍊條保養 - 450 2. FAR前碟 - 2,500","2,950","","","","","","","","","","","","","","","","","","","","",""
"2026/4/2","ENP-0680","31409","1. 前碟 - 1,100 2. BPM(F) - 900 3. 6162 - 1,800 4. 齒輪油 - 500","4,300","","","","","","","","","","","","","","","","","","","","",""
"2026/4/2","EQC-1036","16609","1. 3K - 600","600","","","","","","","","","","","","","","","","","","","","",""
"2026/4/3","EPB-0511","16455","1. posi中柱 - 2,350 2. Krace把座 - 8,500 3. 碳纖把+金油 - 4,500 4. 鈦螺絲 - 3,800","19,150","","","","","","","","","","","","","","","","","","","","",""
"2026/4/3","EMY-5305","19751","1. MTRT - 3,600","3,600","","","","","","","","","","","","","","","","","","","","",""
"2026/4/4","ENP-1085","183527","1. AFAM前齒 - 850 2. 紀錄器架子 - 0","850","","","","","","","","","","","","","","","","","","","","",""
"2026/4/4","EQB-8581","109827","1. SKF(F)+內外套管 - 1,850 2. SC(F) - 3,400 3. 前來令 - 600","5,850","","","","","","","","","","","","","","","","","","","","",""
"2026/4/4","EPE-6512","72395","1. apexx拉桿 - 1,980 2. Dreambase握把+內管 - 1,350","3,330","","","","","","","","","","","","","","","","","","","","",""
"2026/4/6","EQB-7599","96285","1. posi中柱 - 2,350 2. 白鐵彈簧 - 250","2,600","","","","","","","","","","","","","","","","","","","","",""
"2026/4/7","EMQ-0891","2444","1. SC(R) - 3,400 2. 赤鬼 - 3,400 3. PBF(F) - 1,400 4. 白鐵碟盤螺絲 - 500 5. 皮帶 - 2,200 6. LM - 500","11,400","","","","","","","","","","","","","","","","","","","","",""
"2026/4/7","ERF-2017","67117","1. 四號電瓶 - 700","700","","","","","","","","","","","","","","","","","","","","",""
"2026/4/8","EMY-5305","19789","1. LM - 750 2. 皮帶調整 - 0","750","","","","","","","","","","","","","","","","","","","","",""
"2026/4/8","ERU-8301","13509","1. CMSR(F)(R) - 5,750","5,750","","","","","","","","","","","","","","","","","","","","",""
"2026/4/9","EPZ-0360","43364","1. 皮帶調整 - 0","0","","","","","","","","","","","","","","","","","","","","",""
"2026/4/9","ERU-2637","10711","1. MALOSSI握把套 - 1,700","1,700","","","","","","","","","","","","","","","","","","","","",""
"2026/4/9","ERH-5756","19634","1. PBF碟盤 - 5,500 2. 對四PBM卡座 - 1,200 3. 前對四 - 7,500 4. 煞車油 - 500 5. 前輪601 - 3,400 6. M10x25 - 250 7. 鍍金卡鉗本體螺絲 - 1,200","19,550","","","","","","","","","","","","","","","","","","","","",""
"2026/4/9","ENJ-1219","12012","1. EPIC側柱 - 2,150 2. Frando(R) - 1,300","3,450","","","","","","","","","","","","","","","","","","","","",""
"2026/4/9","EMH-9233","61432","1. 皮帶調整 - 0","0","","","","","","","","","","","","","","","","","","","","",""
"2026/4/10","ENT-5952","44977","1. DC-BOX - 3,273","3,273","","","","","","","","","","","","","","","","","","","","",""
"2026/4/10","EMY-2970","41440","1. 中古前叉 - 3,000","3,000","","","","","","","","","","","","","","","","","","","","",""
"2026/4/10","EQC-1036","16103","1. 巴風特握把套 - 1,750","1,750","","","","","","","","","","","","","","","","","","","","",""
"2026/4/11","EQC-9990","60330","1. 皮帶調整 - 0 2. 承旭握把套 - 1,050 3. 油門線 - 1,000 4. 齒輪油 - 500","2,550","","","","","","","","","","","","","","","","","","","","",""
"2026/4/11","EQB-6293","64819","1. 皮帶調整 - 0 2. PAKELO - 850","850","","","","","","","","","","","","","","","","","","","","",""
"2026/4/11","ERU-2016","32749","1. 鍊條保養 - 450 2. 齒輪油 - 750","1,200","","","","","","","","","","","","","","","","","","","","",""
"2026/4/11","ERG-3776","22144","1. 煞車開關L - 650 2. MTRT - 3,750","4,400","","","","","","","","","","","","","","","","","","","","",""
"2026/4/13","EMP-1973","49243","1. 加油管 - 250","250","","","","","","","","","","","","","","","","","","","","",""
"2026/4/13","EMQ-7165","20246","1. Z1內管組 - 5,500 2. 三角台+珠碗 - 5,000","10,500","","","","","","","","","","","","","","","","","","","","",""
"2026/4/13","MPN-5196","41789","1. 煞車開關L - 680 2. 後碟 - 1,100 3. Frando(R) - 1,300","3,080","","","","","","","","","","","","","","","","","","","","",""
"2026/4/14","EQC-7862","18071","1. 保養 - 455 2. XT2 - 2,400 3. 大牌背板 - 1,200","4,055","","","","","","","","","","","","","","","","","","","","",""
"2026/4/14","EMY-3531","13119","1. 黑隼2減振 - 2,080 2. 側腳架開關 - 650","2,700","","","","","","","","","","","","","","","","","","","","",""
"2026/4/15","ERV-6350","1911","1. POSI書包架 - 3,480","3,480","","","","","","","","","","","","","","","","","","","","",""
"2026/4/15","EPG-7259","32159","1. Frando卡鉗 - 4,000 2. 中古總泵碟盤 - 2,500","6,500","","","","","","","","","","","","","","","","","","","","",""
"2026/4/16","EMG-9832","25186","1. 283 - 8,190 2. 螺絲 - 200 3. 油線 - 1,000","9,390","","","","","","","","","","","","","","","","","","","","",""
"2026/4/16","EPG-7878","10453","1. 左開關總成 - 2,400","2,400","","","","","","","","","","","","","","","","","","","","",""
"2026/4/16","EMH-5088","33580","1. FASS握把套 - 2,000 2. 波沛樂(F) - 2,000","4,000","","","","","","","","","","","","","","","","","","","","",""
"2026/4/16","EMW-7652","23076","1. AFAM前後 - 2,850 2. AFAM練條 - 2,980 3. 5H - 850 4. 螺柱 - 1,200 5. Dreambase握把+內管 - 1,580","9,460","","","","","","","","","","","","","","","","","","","","",""
"2026/4/16","EMZ-9353","17231","1. 薩諾斯 - 2,150","2,150","1150","","","","","","","","","","","","","","","","","","","",""
"2026/4/16","MKE-3891","35895","1. XT2 - 2,750","2,750","","","","","","","","","","","","","","","","","","","","",""
"2026/4/17","PHS-1071","1","1. 283 - 8,000 2. 前鏡頭套件+電瓶飾蓋 - 1,800 3. 車牌框+大牌螺絲 - 0","9,800","","","","","","","","","","","","","","","","","","","","",""
"2026/4/18","EMG-7033","30805","1. FASS握把套 - 2,080 2. 端子鏡 - 2,500 3. 內管+工資 - 3,080 4. 白鐵螺絲 - 200","7,860","","","","","","","","","","","","","","","","","","","","",""
"2026/4/18","EMM-3702","11037","1. SS2.0 - 9,300 2. BPM前碟 - 3,300 3. Frando(F) - 1,300 4. 水行俠(F) - 2,500 5. SKF(F)+外套管 - 1,700 6. 油門線 - 1,000 7. 皮帶調整 - 0 8. 齒輪油 - 500 9. 煞車油 - 1,400 10. Dreambase握把+內管 - 1,350 11. 插銷 - 350 12. Frando107 - 12,000 13. KOSO土除 - 1,200 14. 白鐵螺絲 - 250 15. 卡夢把 - 3,780","39,930","","","","","","","","","","","","","","","","","","","","",""
"2026/4/18","EMY-2623","79046","1. 中古儀表 - 1,500 2. 齒輪油 - 500 3. Frando(F) - 1,300","3,300","","","","","","","","","","","","","","","","","","","","",""
"2026/4/18","EPR-2222","51896","1. STYLEMA前卡鉗 - 13,800 2. RCS左右 - 25,600 3. 後卡鉗 - 6,800 4. 油杯 - 3,600 5. 油管 - 7,800 6. 鏡座 - 1,600 7. G35 - 37,000 8. 油壓式煞車開關 - 3,000 9. FAR前 - 3,200 10. FAR後 - 2,400 11. 珠碗 - 2,800 12. 前土除 - 4,500 13. 碟盤螺絲 - 2,000 14. 後卡座 - 2,500 15. M10x55 - 600 16. M6x20 - 600 17. 大牌螺絲 - 800 18. M8X20 - 350 19. M8X15 - 300 20. 迴油 - 250 21. M6X25 - 600 22. RCS拉桿螺 - 1,600","120,000","","","","","","","","","","","","","","","","","","","","",""
"2026/4/20","EPF-6566","53837","1. BPM後碟 - 2,500 2. Frando(F) - 1,300 3. PBF(R) - 1,200 4. 煞車油 - 1,500 5. 白鐵螺絲 - 300","6,800","","","","","","","","","","","","","","","","","","","","",""
"2026/4/20","ERV-1251","10400","1. ZR1 - 2,850","2,850","","","","","","","","","","","","","","","","","","","","",""
"2026/4/20","ENP-3301","39900","1. SIXIS後靠背 - 2,980 2. 鍊條保養 - 450","3,430","","","","","","","","","","","","","","","","","","","","",""
"2026/4/20","EPG-8315","47173","1. 6K - 455 2. 水行俠(F) - 2,550","3,005","","","","","","","","","","","","","","","","","","","","",""
"2026/4/20","EPR-8858","464","1. 加大片 - 1,680 2. 玄武手機架 - 贈","1,680","","","","","","","","","","","","","","","","","","","","",""
"2026/4/21","MNG-6633","42771","1. 蓋PRO - 14,800 2. 中柱 - 2,680 3. 拉耳 - 2,000 4. 齒輪油 - 500 5. MTRT - 3,700","23,680","","","","","","","","","","","","","","","","","","","","",""
"2026/4/21","NFL-8795","39683","1. 機油齒輪油 - 1,000","1,000","","","","","","","","","","","","","","","","","","","","",""
"2026/4/21","EPT-7766","48095","1. AIRSUN前輪 - 2,200 2. AFAM前後+鍊條 - 5,830 3. BPM(F) - 950","8,980","","","","","","","","","","","","","","","","","","","","",""
"2026/4/22","ERG-0027","8637","1. 999R油杯 - 4,250 2. 煞車油 - 1,000","5,250","","","","","","","","","","","","","","","","","","","","",""
"2026/4/22","EMW-8996","24987","1. 白鐵螺絲 - 4,350","4,350","","","","","","","","","","","","","","","","","","","","",""
"2026/4/22","ENY-9911","10","1. 烤漆 - 9,000 2. 橢圓鏡 - 2,000 3. 後扶手 - 2,190","13,190","","2190","","","","","","","","","","","","","","","","","","",""
"2026/4/22","EQB-6133","62704","1. SC(F) - 3,400 2. 齒輪油 - 500","3,900","","","","","","","","","","","","","","","","","","","","",""
"2026/4/22","EMG-7133","99002","1. MASA後碟 - 1,800 2. 後煞車皮 - 600 3. 皮帶調整 - 0","2,400","","","","","","","","","","","","","","","","","","","","",""
"2026/4/22","EPD-5177","73564","1. 鍊條保養 - 450","450","","","","","","","","","","","","","","","","","","","","",""
"2026/4/23","EQB-8217","94521","1. 珠碗 - 2,800 2. EPIC側柱 - 2,300","5,100","","","","","","","","","","","","","","","","","","","","",""
"2026/4/24","LAZ-2963","0","1. 內胎 - 2,500 2. 拖吊 - 2,000","4,500","2050","","","","","","","","","","","","","","","","","","","",""
"2026/4/24","EQB-0088","38180","1. SB前叉 - 10,800 2. AFAM前後 - 2,850 3. 清潔 - 500","14,150","","","","","","","","","","","","","","","","","","","","",""
"2026/4/24","EMW-8996","25037","1. 前後輪心 - 2,250 2. STYLEMA黑紅 - 13,800 3. 赤鬼 - 3,400 4. 黑底紅對二 - 6,800 5. FAR後 - 2,800 6. 後卡座 - 2,500 7. apexx拉桿 - 1,980 8. 螺絲 - 2,390 9. 卡簧 - 100 10. 插銷 - 450 11. 墊片 - 550 12. 煞車油 - 0，刷卡","37,000","","","","","","","","","","","","","","","","","","","","",""
"2026/4/25","EMY-3086","71072","1. BPM前碟 - 3,100 2. PBF(F) - 1,400 3. XT2 - 2,750 4. 6K - 455","7,705","","","","","","","","","","","","","","","","","","","","",""
"2026/4/25","ERU-7883","21015","1. posi中柱 - 2,480 2. GIIZERO - 11,300 3. EPIC側柱 - 2,100","15,880","","","","","","","","","","","","","","","","","","","","",""
"2026/4/27","EQB-2283","31767","1. 代工 - 200","200","","","","","","","","","","","","","","","","","","","","",""
"2026/4/27","EMQ-7953","18698","1. 6162 - 1,800 2. 哈姆培林 - 1,000","2,800","","","","","","","","","","","","","","","","","","","","",""
"2026/4/27","EPJ-7018","0","1. PBF(R) - 1,000","1,000","","","","","","","","","","","","","","","","","","","","",""
"2026/4/27","EPY-1385","16131","1. X2 - 26,800","26,800","","","","","","","","","","","","","","","","","","","","",""
"2026/4/27","ERG-2971","44871","1. CITY(F) - 2,150 2. apexx拉桿 - 1,980 3. 煞車開關R - 680","4,810","","","","","","","","","","","","","","","","","","","","",""
"2026/4/28","EQB-7826","23233","1. 前齒 - 850 2. BPM後碟 - 2,500 3. Frando(R) - 1,300 4. 氣嘴 - 400","5,050","","","","","","","","","","","","","","","","","","","","",""
"2026/4/28","EMW-8996","25020","1. 左右卡夢開關 - 4,600 2. 卡夢風鏡 - 1,500 3. 卡夢油杯 - 1,580 4. 碟盤螺絲 - 500 5. 照地燈 - 1,920 6. M5X25 - 240 7. M5X30 - 90 8. M5X15 - 60","10,490","","","","","","","","","","","","","","","","","","","","",""
"2026/4/28","EMG-2090","31017","1. 皮帶調整 - 0","0","","","","","","","","","","","","","","","","","","","","",""
"2026/4/29","EMF-6667","0","1. CCD內管 - 7,800 2. BPM(R) - 900 3. MASA劃線 - 2,500 4. 鍊條保養 - 450 5. 珠碗 - 2,800","14,450","","","","","","","","","","","","","","","","","","","","",""
"2026/4/29","EPR-1617","48187","1. 前卡 - 7,500 2. 卡座 - 1,300 3. M8X35 - 450 4. Z1內管組 - 6,800 5. 煞車油 - 600 6. FAR前碟 - 3,400 7. RPM後避震 - 11,800 8. 油管 - 7,800 9. 前輪601 - 3,400 10. 齒輪油 - 500 11. 前輪置中 - 500","44,000","","","","","","","","","","","","","","","","","","","","",""
"2026/4/30","PEJ-8161","6148","1. 機油 - 450","450","","","","","","","","","","","","","","","","","","","","",""
"2026/5/1","PJE-0001","9","1. 牌框 - 1,200 2. 大牌螺絲 - 400 3. 握把套 - 1,150","2,750","","","","","","","","","","","","","","","","","","","","",""
"2026/5/1","EMQ-0928","61443","1. apexx拉桿 - 1,980 2. MTRT - 3,600","5,580","","","","","","","","","","","","","","","","","","","","",""
"2026/5/2","ERU-8583","12263","1. BPM(F) - 900 2. 水行俠(F) - 2,550","3,450","","","","","","","","","","","","","","","","","","","","",""
"2026/5/2","ENP-1085","185503","1. 齒盤趁套 - 1,800 2. SKF(F)+內外套管 - 1,800","3,600","","","","","","","","","","","","","","","","","","","","",""
"2026/5/4","EQB-3735","30795","1. 充電板 - 2,300 2. CITY(F) - 2,600 3. SAVER(R) - 2,700 4. 糯米腸 - 550 5. 內管 - 400 6. BPM(F) - 900 7. SP碟盤 - 1,850","11,300","","","","","","","","","","","","","","","","","","","","",""
"2026/5/4","ERL-2011","12867","1. FASS搖臂 - 14,800 2. 滑塊 - 1,000 3. TT93(R) - 2,600 4. 支架 - 500","18,900","","","","","","","","","","","","","","","","","","","","",""
"2026/5/4","MTR-8018","36208","1. 鎖頭 - 2,800 2. 7B - 1,100 3. TT93(R) - 2,850 4. 整流器 - 1,600 5. MASA後碟 - 1,950 6. Frando(F) - 900 7. Frando(R) - 900 8. 黑準 - 1,380 9. 傳動海綿 - 350 10. 珠子 - 350 11. 皮帶 - 1,800","15,980","","","","","","","","","","","","","","","","","","","","",""
"2026/5/4","EMH-5868","25594","1. 中古後視鏡 - 500 2. 中古側柱 - 300 3. P800 - 1,850","2,650","","","","","","","","","","","","","","","","","","","","",""
"2026/5/5","EQC-5358","50723","1. 皮帶調整 - 0 2. CITY(R) - 2,200 3. TT93(F) - 2,000 4. BPM(R) - 900","5,100","","","","","","","","","","","","","","","","","","","","",""
"2026/5/5","EMW-8996","25121","1. APL - 9,450 2. 儀表貼+土除工資 - 0","9,450","","","","","","","","","","","","","","","","","","","","",""
"2026/5/6","MND-0927","38869","1. CODO前組 - 3,200 2. 仕輪後組 - 3,800 3. 左油封 - 800 4. 護油圈 - 500 5. 橡膠圈 - 600 6. 機油+齒輪油 - 1,050 7. 玄武手機架 - 1,480","11,430","","","","","","","","","","","","","","","","","","","","",""
"2026/5/7","EMH-0597","83861","1. 齒輪油 - 500","500","","","","","","","","","","","","","","","","","","","","",""
"2026/5/7","EQB-1886","24041","1. 皮帶調整 - 0","0","","","","","","","","","","","","","","","","","","","","",""
"2026/5/7","ENL-3219","112406","1. AFAM前齒 - 850","850","","","","","","","","","","","","","","","","","","","","",""
"2026/5/7","EPT-1936","20682","1. 代工 - 600","600","","","","","","","","","","","","","","","","","","","","",""
"2026/5/7","EPR-1617","48515","1. 右拉桿 - 700","700","","","","","","","","","","","","","","","","","","","","",""
"2026/5/8","EPB-0511","16866","1. g035 - 34,000 2. 線組 - 1,500 3. 轉向 - 3,000 4. 彈簧+油 - 4,000 5. 代工 - 600 6. ZOO線組 - 350","43,450","","","","","","","","","","","","","","","","","","","","",""
"2026/5/8","ERV-8266","55015","1. 玄武 - 1,480","1,480","","","","","","","","","","","","","","","","","","","","",""
"2026/5/8","EPT-1206","26435","1. 後EX - 2,500","2,500","","","","","","","","","","","","","","","","","","","","",""
"2026/5/8","EQB-7599","98215","1. 側柱彈簧 - 250","250","","","","","","","","","","","","","","","","","","","","",""
"2026/5/8","EMG-6683","143548","1. GO鍵 - 1,000 2. 風鏡支架 - 500 3. 齒輪油 - 500 4. FRANDO(F)(R) - 2,600 5. 前卡鉗 - 1,500 6. FAR前碟 - 3,300 7. MASA後碟 - 2,100 8. RR前叉二手 - 4,000 9. 中古後靠背 - 1,200","16,700","","","","","","","","","","","","","","","","","","","","",""
"2026/5/9","EPR-2222","52926","1. 皮帶 - 2,200","2,200","","","","","","","","","","","","","","","","","","","","",""
"2026/5/9","ERV-2229","9465","1. GO35 - 34,000 2. 卡夢土除 - 5,800 3. 大牌螺絲 - 1,000 4. 墊片 - 120 5. 彈簧 - 3,000 6. 轉向 - 2,000 7. XT2 - 2,500","48,420","","","","","","","","","","","","","","","","","","","","",""
"2026/5/11","EQD-5278","5955","1. AFAM練條 - 2,900 2. 薩諾斯+AIRSUN - 4,400 3. 齒輪油 - 500","7,800","","","","","","","","","","","","","","","","","","","","",""
"2026/5/12","ENP-8282","28717","1. 右煞車開關 - 700","700","","","","","","","","","","","","","","","","","","","","",""
"2026/5/12","EMQ-6285","43464","1. SB後避震 - 4,700","4,700","","","","","","","","","","","","","","","","","","","","",""
"2026/5/12","EMW-8996","25202","1. 卡夢後扶手 - 3,800","3,800","","","","","","","","","","","","","","","","","","","","",""
"2026/5/13","EMY-0287","67916","1. FRANDO右總泵 - 6,800 2. LMG - 9,800","16,600","","","","","","","","","","","","","","","","","","","","",""
"2026/5/13","NTJ-1833","27571","1. 前XT2 - 2,850 2. 機油 - 500 3. 齒輪油 - 100","3,450","","","","","","","","","","","","","","","","","","","","",""
"2026/5/13","PJE-0001","185","1. USB - 1,600 2. LA8 PROANV - 2,480","4,080","","","","","","","","","","","","","","","","","","","","",""
"2026/5/14","EMR-6191","39263","1. AFAM鍊條 - 2,900 2. PB - 1,500","4,400","","","","","","","","","","","","","","","","","","","","",""
"2026/5/14","EPS-9979","33114","1. 3K - 900 2. 二手前後卡鉗 - 11,000 3. 油管 - 9,500 4. 鈦螺 - 2,000 5. PBF前後 - 2,600 6. 煞車油 - 1,000 7. 前碟長久馬力 - 3,800 8. 川毆後碟 - 2,800","33,600","","","","","","","","","","","","","","","","","","","","",""
"2026/5/14","EQB-1917","125313","1. BPM前碟 - 3,500 2. 齒輪油 - 500 3. PBF(F) - 1,400 4. SKF(F)+內套管 - 1,300","6,700","","","","","","","","","","","","","","","","","","","","",""
"2026/5/16","EQD-8877","15298","1. SKF(F)+內外套管 - 1,900","1,900","","","","","","","","","","","","","","","","","","","","",""
"2026/5/16","ENP-6700","15099","1. TH558(R) - 2,200","2,200","","","","","","","","","","","","","","","","","","","","",""
"2026/5/16","ERV-1117","15484","1. 皮帶調整 - 0","0","","","","","","","","","","","","","","","","","","","","",""
"2026/5/17","EPE-5688","5688","1. FASS搖臂 - 14,800 2. 土除支架 - 980 3. 鍊條蓋支架 - 1,380","17,160","","","","","","","","","","","","","","","","","","","","",""
"2026/5/19","EMH-8555","67536","1. LMG內齒 - 8,800 2. 內油封 - 1,000 3. XT2 - 2,750","12,550","","","","","","","","","","","","","","","","","","","","",""
"2026/5/19","ERU-2637","11106","1. BPM(R) - 800","800","","","","","","","","","","","","","","","","","","","","",""
"2026/5/20","ENY-9911","62","1. MTRT訂製 - 4,280 2. 保護貼 - 700","4,980","","","","","","","","","","","","","","","","","","","","",""
"2026/5/20","EMX-3171","66786","1. POSI鍍鈦 - 4,480 2. 套管 - 220 3. 白鐵彈簧 - 200","4,900","","","","","","","","","","","","","","","","","","","","",""
"2026/5/20","EMH-0597","84929","1. AK550黑底紅 - 7,800 2. 對二黑底紅 - 6,800 3. 煞車油 - 0 4. NCYT扣 - 5,000","19,600","","","","","","","","","","","","","","","","","","","","",""
"2026/5/20","EMQ-2821","66943","1. FASS YDT PRO - 4,280","4,280","","","","","","","","","","","","","","","","","","","","",""
"2026/5/20","EMV-6595","50322","1. 皮帶調整 - 0 2. Dreambase握把 - 950","950","","","","","","","","","","","","","","","","","","","","",""
"2026/5/21","EQB-6133","63620","1. BPM前碟 - 3,500 2. BPM(F) - 900 3. 中古MCU - 6,000 4. 轉向 - 2,800 5. 中古拉桿 - 1,200","14,400","","","","","","","","","","","","","","","","","","","","",""
"2026/5/21","ERU-0759","23967","1. 油壓開關 - 1,600 2. 煞車油藍 - 13,000 3. DREAMBASE油杯 - 4,200 4. PAKELO - 850","19,650","","","","","","","","","","","","","","","","","","","","",""
"2026/5/22","ERE-6666","44433","1. FASS握把套 - 3,380","3,380","2533","","","","","","","","","","","","","","","","","","","",""
"2026/5/22","EPR-2222","53270","1. X2保養 - 8,500 2. TT93 - 2,700 3. Sol - 3,700 4. EPIC側柱+支架 - 2,600","17,500","","","","","","","","","","","","","","","","","","","","",""
"2026/5/23","ERV-8311","1","1. 飛旋 - 2,400 2. 黑隼 - 1,980 3. 牌框 - 1,000 4. SIXIS後靠背 - 3,080 5. 工資 - 140","8,600","","","","","","","","","","","","","","","","","","","","",""
"2026/5/23","EPD-0911","19824","1. 皮帶調整 - 0","0","","","","","","","","","","","","","","","","","","","","",""
"2026/5/23","EMY-7017","54880","1. 皮帶調整 - 0","0","","","","","","","","","","","","","","","","","","","","",""
"2026/5/23","EMW-8996","25443","1. 2D後擋泥板 - 6,130 2. 總泵螺 - 1,000 3. M8x30 - 130 4. FASS搖臂 - 14,800 5. FASS配件 - 3,000 6. PBF(F) - 1,400 7. 燈匠方向燈 - 3,980","30,440","","","","","","","","","","","","","","","","","","","","",""
"2026/5/23","EPG-3599","115044","1. MASA - 2,100 2. EXTRA - 2,450","4,550","","","","","","","","","","","","","","","","","","","","",""
"2026/5/23","MJW-1536","39819","1. EPIC拉桿 - 1,500 2. 承旭握把套 - 950","2,450","1600","","","","","","","","","","","","","","","","","","","",""
"2026/5/26","EMH-0597","85365","1. Frando(F) - 1,300","1,300","480","","","","","","","","","","","","","","","","","","","",""
"2026/5/26","EMN-8996","25635","1. TIONEY調整螺絲 - 1,720","1,720","860","","","","","","","","","","","","","","","","","","","",""
"2026/5/26","ENP-0071","81285","1. 承旭握把套+加油管 - 1,450","1,450","530","","","","","","","","","","","","","","","","","","","",""
"2026/5/27","ERU-6779","8433","1. ARX經典 - 16,000 2. FRANDO 100S - 5,800 3. 煞車油 - 500 4. 螺絲 - 1,000 5. 赤鬼 - 3,500","26,800","","","","","","","","","","","","","","","","","","","","",""
"2026/5/28","ERG-0093","110877","1. 馬達總成 - 18,000","18,000","","15000","","","","","","","","","","","","","","","","","","",""
"2026/5/28","EMQ-9093","103959","1. BPM(R) - 900 2. 鍊條調整 - 0","900","420","","","","","","","","","","","","","","","","","","","",""
"2026/5/28","EMZ-9979","16087","1. 中古椅墊 - 500 2. BPM(F) - 900 3. 糯米腸+內管 - 880","2,280","550","","","","","","","","","","","","","","","","","","","",""
"2026/5/29","EPT-7012","29560","1. 水行俠(F) - 2,500 2. XT2 - 2,750 3. Frando卡鉗 - 6,800 4. BPM前碟 - 3,100 5. 6K - 455","15,605","","","","","","","","","","","","","","","","","","","","",""
"2026/5/29","EQP-8877","15372","1. MTRT - 4,380","4,380","2450","","","","","","","","","","","","","","","","","","","",""
"2026/5/30","ENP-1817","60652","1. BPM金屬 - 2,100 2. Frando(R) - 1,400","3,500","1670","","","","","","","","","","","","","","","","","","","",""
"2026/5/30","MCS-0858","21054","1. 橢圓鏡 - 2,000","2,000","1300","","","","","","","","","","","","","","","","","","","",""
"2026/06/01","ERU-7023","10800","P800(F)2100(R)1800/牌框1000","4900","","","","","","","","","","","","","","","","","","","","",""
"","PAY-4602","4602","機油400/大小海綿400/齒輪油贈","800","","","","","","","","","","","","","","","","","","","","",""
"2026/6/2","EMG-5255","28561","傳動組皮帶墊片戴倫9500/6161$1900/CITY(R)2600","14000","","","","","","","","","","","","","","","","","","","","",""
"","EMG-8868","20128","EPIC側柱2150","2150","","","","","","","","","","","","","","","","","","","","",""
"","EMY-7017","55102","XT2$2750/後煞車皮600","3350","","","","","","","","","","","","","","","","","","","","",""
"","ERU-8301","15062","CMSR(R)2850","2850","","","","","","","","","","","","","","","","","","","","",""
"","EPT-9990","15042","小圓鏡2000/中古小電池1000","3000","","","","","","","","","","","","","","","","","","","","",""
"2026/6/3","MHQ-6100","75315","卡簧200","200","","","","","","","","","","","","","","","","","","","","",""
"","EMQ-3073","106172","皮帶調整","","","","","","","","","","","","","","","","","","","","","",""
"2026/6/6","EPG-7878","11410","1. XT2 - 2,750
2. SC(F) - 3,500
3. Dreambase握把 - 1,050
4. SKF(F)+內套管 - 1,350
5. Frando(F) - 1,300","9,950","","","","","","","","","","","","","","","","","","","","",""
"2026/6/6","ERU-2016","35605","1. 水行俠(F) - 2,550
2. EK黑金 - 3,700
3. AFAM前後 - 2,850
4. 5H - 850
5. 螺柱 - 1,200
6. FASS YDT PRO - 4,480
7. 中古後碟 - 1,300
8. PBF(R) - 1,200
9. 齒輪油 - 0","18,130","","","","","","","","","","","","","","","","","","","","",""
"2026/6/6","EQB-7599","98562","1. AFAM - 8,500","8,500","","","","","","","","","","","","","","","","","","","","",""
"2026/6/6","PEJ-8687","0","1. 牌框 - 1,000","1,000","","","","","","","","","","","","","","","","","","","","",""
"2026/6/6","ERU-7979","15153","1. 前後卡鉗清潔 - 0
2. FASS握把PRO - 2,280","2,280","","","","","","","","","","","","","","","","","","","","",""
"2026/6/8","NLF-1122","31584","1. 機油 - 500
2. 齒輪油 - 100
3. 空濾 - 550
4. 火星塞 - 850
5. 吊點滴 - 1,500
6. 黑準逆磁上座 - 1,500","5,000","","","","","","","","","","","","","","","","","","","","",""
"2026/6/8","ERG-7762","23094","1. 烤漆 - 8,500
2. 赤鬼 - 3,400
3. 前輪軸(鍍鈦) - 950
4. 惡搞飛旋 - 2,200
5. SS2.0 - 9,300
6. 中古輪框 - 2,500
7. 糯米腸 - 450","27,300","","","","","","","","","","","","","","","","","","","","",""
"2026/6/8","EQB-8217","97537","1. AnChorR) - 1,050","1,050","","","","","","","","","","","","","","","","","","","","",""
"2026/6/8","EMG-2090","31561","1. 皮帶 - 2,400","2,400","","","","","","","","","","","","","","","","","","","","",""
"2026/6/9","MHM-2127","49064","1. 6162 - 1,800
2. Frando(F)+(R) - 2,600","4,400","","","","","","","","","","","","","","","","","","","","",""
"2026/6/10","MWF-0093","35682","1. S1前避震+珠碗+煞車油 - 14,000
2. PBF(F) - 1,000
3. 擋泥板 - 0
4. 中古O型 - 400","15,400","","","","","","","","","","","","","","","","","","","","",""
"2026/6/10","ERF-3227","13582","1. KOSO尾燈 - 4,600","4,600","","","","","","","","","","","","","","","","","","","","",""
"2026/6/11","ERG-0093","111973","1. SC(F) - 3,400
2. 齒輪油 - 500","3,900","","","","","","","","","","","","","","","","","","","","",""
"2026/6/11","EMH-0597","86592","1. 皮帶調整 - 0
2. SC(F) - 3,400
3. XT2 - 2,750
4. BPM(R) - 1,100
5. 插銷+卡簧 - 450
6. 齒輪油 - 300","8,000","","","","","","","","","","","","","","","","","","","","",""
"2026/6/11","EMQ-6285","44001","1. 皮帶調整 - 0","0","","","","","","","","","","","","","","","","","","","","",""
"2026/6/11","EQD-2857","34432","1. LMG - 11,800
2. 洗車 - 500","12,300","","","","","","","","","","","","","","","","","","","","",""
"2026/6/11","NFL-8795","40696","1. 機油 - 950
2. 齒輪油 - 100
3. 空濾 - 850
4. 火星塞 - 850","2,750","","","","","","","","","","","","","","","","","","","","",""
"2026/6/12","EQC-0088","70819","1. 前來令 - 600
2. 6201*2 - 1,000","1,600","","","","","","","","","","","","","","","","","","","","",""
"2026/6/12","ERH-9750","15000","1. CMSR(F) - 2,900","2,900","","","","","","","","","","","","","","","","","","","","",""
"2026/6/13","EQC-8000","25251","1. SS2.0鍍黑 - 10,300
2. Brembo對四 - 7,800
3. 對二 - 6,800
4. BPM前碟 - 3,100
5. 後卡座 - 2,500
6. BPM後碟 - 2,300
7. CNC鏡座*2 - 1,600
8. DREAMBASE油杯(L+R) - 3,800
9. 油管(編織黑) - 7,800
10. 煞車油 - 1,000
11. 三角台+珠碗 - 5,300
12. 油壓式煞車開關 - 3,000
13. 玄武＋無線充 - 3,200
14. RPM SII - 16,500
15. 螺絲 - 5,100
16. FASS搖臂 - 14,800
17. KOSO蓋 - 1,100
18. FASS鍊條蓋支架 - 2,100
19. 前後白鐵輪芯 - 2,200
20. GR10 (F)+(R) - 38,500
21. PBF(F)+(R) - 2,600
22. MTRT訂製 - 4,280
23. 水行俠(F) - 2,500
24. XT2 - 2,450
25. 卡鉗改色 - 1,500
26. 磁扣*2 - 0
27. RCS左右 - 25,600
28. RPM握把 - 2,200","179,930","","","","","","","","","","","","","","","","","","","","",""
"2026/6/13","EMQ-6708","35977","1. LMG - 9,800","9,800","","","","","","","","","","","","","","","","","","","","",""
"2026/6/13","MGD-5251","28823","1. 中古前避震+頸節 (刷卡) - 7,000","7,000","","","","","","","","","","","","","","","","","","","","",""
"2026/6/15","ERU-8187","301","1. 前輪軸(鍍鈦) - 950
2. 後輪軸(鍍鈦) - 1,400
3. 後油管 - 3,500
4. 卡座 - 1,300
5. PBF(R) - 1,200
6. 煞車油 - 600
7. BPM後碟 - 2,400","11,350","","","","","","","","","","","","","","","","","","","","",""
"2026/6/16","EMH-7687","24145","1. 代驗 - 4,500
2. 皮帶 - 2,400
3. 中古胎 - 500","7,400","","","","","","","","","","","","","","","","","","","","",""
"2026/6/16","MHQ-9190","72543","1. 皮帶 - 2,400
2. EXTRA - 2,400","4,800","","","","","","","","","","","","","","","","","","","","",""
"2026/6/16","EMY-9783","41117","1. 後碟 - 1,100
2. Frando(R) - 1,300
3. 珠碗 - 2,800
4. 前油封 - 2,600
5. GO鍵 - 1,300","9,100","","","","","","","","","","","","","","","","","","","","",""
"2026/6/17","EPF-1822","38372","1. 水行俠(F) - 2,600
2. 後EX - 2,600
3. 洗鏈條 - 450","5,650","","","","","","","","","","","","","","","","","","","","",""
"2026/6/17","EPB-0511","18539","1. BPM(R) - 1,100
2. 前煞車皮代工磨 - 100","1,200","","","","","","","","","","","","","","","","","","","","",""
"2026/6/17","ERV-8187","331","1. LMG速 - 17,200","17,200","","","","","","","","","","","","","","","","","","","","",""
"2026/6/18","EMG-5838","47703","1. C03 - 4,800","4,800","","","","","","","","","","","","","","","","","","","","",""
"2026/6/18","EQC-6211","22526","1. PBF(F)+(R) - 2,600","2,600","","","","","","","","","","","","","","","","","","","","",""
"2026/6/18","MRS-0158","37296","1. MASA - 2,000
2. C03 - 4,700","6,700","","","","","","","","","","","","","","","","","","","","",""
"2026/6/18","ERG-0093","112608","1. 左側車體護蓋G42C - 1,600
2. MTRT - 3,850","5,450","","","","","","","","","","","","","","","","","","","","",""
"2026/6/18","EQD-8312","3324","1. CITY(F) - 2,050
2. CITY(R) - 2,200","4,250","","","","","","","","","","","","","","","","","","","","",""
"2026/6/18","EPF-3133","62566","1. 左開關 - 2,200
2. 龍頭線束工資 - 2,000","4,200","","","","","","","","","","","","","","","","","","","","",""
"2026/6/19","EPD-3052","39361","1. MASA後碟 - 2,500
2. BPM(R) - 900
3. +5% - 170","3,570","","","","","","","","","","","","","","","","","","","","",""
"2026/6/19","EMQ-6928","50110","1. 283 - 8,300
2. 轉向軸承 - 2,800","11,100","","","","","","","","","","","","","","","","","","","","",""
"2026/6/21","EMG-7053","321163","1. 端子鏡 - 2,050","2,050","","","","","","","","","","","","","","","","","","","","",""
"2026/6/21","EQD-8877","15532","1. XT2 - 2,750
2. 鈦螺母*5 - 1,800
3. 鈦螺絲*4 - 660
4. ZOO後外套管 - 950","6,160","","","","","","","","","","","","","","","","","","","","",""
"2026/6/21","EMY-7581","9278","1. 靠枕 - 1,380
2. 工資 - 400","1,780","","","","","","","","","","","","","","","","","","","","",""
"2026/6/21","ERF-1129","38141","1. PAKELO - 850
2. 皮帶調整 - 0","850","","","","","","","","","","","","","","","","","","","","",""
"2026/6/21","EPX-9722","6220","1. 前輪601 - 3,500
2. ZR1 - 2,850
3. 土除支架 - 800
4. Dreambase握把 - 950","8,100","","","","","","","","","","","","","","","","","","","","",""
"2026/6/21","ENP-8280","27189","1. 後煞車皮 - 555
2. 齒輪油 - 830
3. 皮帶調整 - 0","1,385","","","","","","","","","","","","","","","","","","","","",""
"2026/6/23","MCH-5082","53561","1. 中柱+彈簧 - 1,200","1,200","","","","","","","","","","","","","","","","","","","","",""
"2026/6/23","EMW-8996","26383","1. EPIC側柱 - 2,150
2. 卡夢上蓋 - 2,800","4,950","","","","","","","","","","","","","","","","","","","","",""
"2026/6/24","EWP-3219","98285","1. 中古馬達 - 9,000","9,000","","","","","","","","","","","","","","","","","","","","",""
"2026/6/24","MGF-7220","50958","1. 中古後靠背 - 1,000","1,000","","","","","","","","","","","","","","","","","","","","",""
"2026/6/24","EMQ-2821","67825","1. 後卡鉗 - 7,800
2. BPM後碟226 - 2,700
3. 後卡座 - 2,500
4. 煞車油 - 1,000
5. BPM(R) - 1,100
6. 卡簧 - 150
7. 插銷 - 250
8. M8*40 *2 - 400
9. M8*20 鍍鈦*2 - 300
10. 保養9K - 930","17,130","","","","","","","","","","","","","","","","","","","","",""
"2026/6/24","EMR-5993","69798","1. 皮帶調整 - 0
2. Frando(F) - 1,300","1,300","","","","","","","","","","","","","","","","","","","","",""
"2026/6/25","MNA-3739","68251","1. P800(R) - 2,100
2. 齒輪油 - 500
3. SKF(F)+內套管 - 1,250
4. BPM(R) - 950
5. 外套管 - 650
6. 皮帶調整 - 0","5,450","","","","","","","","","","","","","","","","","","","","",""
"2026/6/25","EMZ-9393","35475","1. AFAM前後 - 2,850
2. CHain   (-30) - 2,950","5,800","","","","","","","","","","","","","","","","","","","","",""
"2026/6/26","EMQ-6928","50257","1. MTRT - 3,500","3,500","","","","","","","","","","","","","","","","","","","","",""
"2026/6/27","EQC-3985","50394","1. CRS-1S - 6,900","6,900","","","","","","","","","","","","","","","","","","","","",""
"2026/6/27","EQB-6293","67913","1. PAKELO - 850
2. 皮帶 - 2,400
3. Frando(F) - 1,300
4. Frando(R) - 1,300
5. BPM前碟 - 3,500
6. 水行俠(F) - 2,550","11,900","","","","","","","","","","","","","","","","","","","","",""
"2026/6/29","EMH-0597","87750","1. PBF(F) - 1,100
2. MFZ煞車開關保固 - 0","1,100","","","","","","","","","","","","","","","","","","","","",""
"2026/6/29","EQC-6707","117258","1. BPM(F) - 1,200","1,200","","","","","","","","","","","","","","","","","","","","",""
"2026/6/29","ERU-8301","15711","1. 派克龍 - 850","850","","","","","","","","","","","","","","","","","","","","",""
"2026/6/30","ERG-6885","13248","1. 洗鏈條 - 450","450","","","","","","","","","","","","","","","","","","","","",""
"2026/6/30","ERH-5756","21157","PBF(R)1200/K1HS(R)2250","3450","1640","","","","","","","","","","","","","","","","","","","",""
"2026/6/30","MNE-9975","49157","機油齒輪油350/左右開關4000/右煞車開關550","4900","","","","","","","","","","","","","","","","","","","","",""
"2026/6/30","EMG-7133","102193","P800(F)(R)4500/皮帶調整","4500","2200","","","","","","","","","","","","","","","","","","","",""
"2026/6/30","EMG-6829","69004","大保養1900/AIRSUN(R)2100","4000","","","","","","","","","","","","","","","","","","","","",""